$ date -R
Mon, 22 Jun 2026 10:08:35 +0100
$ git checkout master
Already on 'master'
$ git reset --hard stable
HEAD is now at 9ecfb2f7287a9 Merge tag 'trace-ring-buffer-v7.2' of git://git.kernel.org/pub/scm/linux/kernel/git/trace/linux-trace
Merging origin/master (ef0c9f75a1953 lib: Add stale 'raid6' directory to .gitignore file)
$ git merge -m Merge branch 'master' of https://git.kernel.org/pub/scm/linux/kernel/git/torvalds/linux.git origin/master
Updating 9ecfb2f7287a9..ef0c9f75a1953
Fast-forward (no commit created; -m option ignored)
 .clang-format                                      |    2 +
 .mailmap                                           |   17 +-
 CREDITS                                            |    4 +
 .../ABI/testing/sysfs-class-power-bd71828          |   12 +
 .../testing/sysfs-class-reboot-mode-reboot_modes   |   13 +-
 Documentation/ABI/testing/sysfs-kernel-mm-damon    |   81 +-
 Documentation/admin-guide/LSM/landlock.rst         |   13 +-
 Documentation/admin-guide/kernel-parameters.txt    |   26 +
 Documentation/admin-guide/mm/damon/lru_sort.rst    |    8 +-
 Documentation/admin-guide/mm/damon/reclaim.rst     |   19 +-
 Documentation/admin-guide/mm/damon/stat.rst        |    7 +
 Documentation/admin-guide/mm/damon/usage.rst       |  108 +-
 Documentation/admin-guide/mm/transhuge.rst         |    4 +-
 Documentation/admin-guide/sysctl/vm.rst            |    2 +
 Documentation/core-api/kho/abi.rst                 |    5 +
 Documentation/core-api/kho/index.rst               |   11 +
 Documentation/crypto/async-tx-api.rst              |    4 +-
 Documentation/dev-tools/checkpatch.rst             |   14 +
 Documentation/dev-tools/kcov.rst                   |    6 +
 .../microsoft,surface-rt-ec.yaml                   |   63 +
 .../devicetree/bindings/mtd/nand-chip.yaml         |    9 +
 .../bindings/remoteproc/fsl,imx-rproc.yaml         |    3 +
 .../bindings/remoteproc/qcom,rpm-proc.yaml         |    1 +
 .../bindings/remoteproc/qcom,shikra-pas.yaml       |  167 ++
 .../bindings/remoteproc/qcom,sm8550-pas.yaml       |    4 +
 .../bindings/remoteproc/xlnx,zynqmp-r5fss.yaml     |    4 +
 .../bindings/ufs/qcom,sa8255p-ufshc.yaml           |    6 +-
 .../devicetree/bindings/ufs/qcom,sm8650-ufshc.yaml |    5 +
 .../bindings/ufs/samsung,exynos-ufs.yaml           |    1 +
 Documentation/driver-api/mtd/spi-nor.rst           |  170 ++
 Documentation/filesystems/9p.rst                   |   10 +-
 Documentation/filesystems/ntfs.rst                 |   13 +
 Documentation/mm/damon/design.rst                  |   78 +-
 Documentation/mm/damon/maintainer-profile.rst      |   21 +
 Documentation/mm/memfd_preservation.rst            |    2 +-
 Documentation/mm/process_addrs.rst                 |    2 +-
 Documentation/process/deprecated.rst               |   43 +-
 Documentation/scsi/st.rst                          |    2 +-
 Documentation/security/IMA-export-delete.rst       |  203 ++
 Documentation/security/index.rst                   |    1 +
 Documentation/userspace-api/landlock.rst           |  145 +-
 Documentation/userspace-api/liveupdate.rst         |   31 +
 Documentation/virt/kvm/api.rst                     |   51 +-
 Documentation/virt/kvm/devices/arm-vgic-v5.rst     |    6 +-
 Documentation/virt/kvm/devices/vcpu.rst            |    7 +-
 Documentation/virt/kvm/x86/mmu.rst                 |   10 +-
 MAINTAINERS                                        |   31 +-
 Makefile                                           |   27 +-
 arch/alpha/include/asm/string.h                    |    2 -
 arch/alpha/lib/strncpy.S                           |   83 -
 arch/alpha/lib/styncpy.S                           |    1 -
 arch/arc/include/asm/uaccess.h                     |    3 +-
 arch/arm/include/asm/uaccess.h                     |    3 +-
 arch/arm64/boot/dts/qcom/sc7280-qcard.dtsi         |    2 +-
 arch/arm64/include/asm/kvm_host.h                  |    8 +-
 arch/arm64/include/asm/kvm_hyp.h                   |    1 +
 arch/arm64/include/asm/kvm_mmu.h                   |    3 +-
 arch/arm64/include/asm/uaccess.h                   |    3 +-
 arch/arm64/kernel/cpufeature.c                     |    1 +
 arch/arm64/kernel/hyp-stub.S                       |    4 +-
 arch/arm64/kvm/arch_timer.c                        |  137 +-
 arch/arm64/kvm/arm.c                               |   41 +-
 arch/arm64/kvm/at.c                                |  146 +-
 arch/arm64/kvm/emulate-nested.c                    |   12 +
 arch/arm64/kvm/fpsimd.c                            |   26 +
 arch/arm64/kvm/hyp/include/hyp/switch.h            |    2 +-
 arch/arm64/kvm/hyp/include/nvhe/mem_protect.h      |    3 +-
 arch/arm64/kvm/hyp/nvhe/hyp-main.c                 |   21 +-
 arch/arm64/kvm/hyp/nvhe/mem_protect.c              |   37 +-
 arch/arm64/kvm/hyp/nvhe/page_alloc.c               |   21 +-
 arch/arm64/kvm/hyp/nvhe/pkvm.c                     |    4 +-
 arch/arm64/kvm/hyp/nvhe/switch.c                   |    2 +-
 arch/arm64/kvm/hyp/nvhe/tlb.c                      |    4 +-
 arch/arm64/kvm/hyp/vgic-v5-sr.c                    |   78 +-
 arch/arm64/kvm/hyp/vhe/switch.c                    |    2 +-
 arch/arm64/kvm/hyp/vhe/tlb.c                       |    4 +-
 arch/arm64/kvm/mmu.c                               |   39 +-
 arch/arm64/kvm/nested.c                            |  236 +-
 arch/arm64/kvm/pmu-emul.c                          |   31 +-
 arch/arm64/kvm/sys_regs.c                          |   20 +-
 arch/arm64/kvm/vgic/vgic-init.c                    |   45 +-
 arch/arm64/kvm/vgic/vgic-irqfd.c                   |    6 +
 arch/arm64/kvm/vgic/vgic-its.c                     |   21 +-
 arch/arm64/kvm/vgic/vgic-kvm-device.c              |    9 +-
 arch/arm64/kvm/vgic/vgic-v5.c                      |   51 +-
 arch/arm64/kvm/vgic/vgic.c                         |   33 +-
 arch/arm64/kvm/vgic/vgic.h                         |    3 +
 arch/arm64/mm/mmu.c                                |   19 +-
 arch/hexagon/include/asm/uaccess.h                 |    3 +-
 arch/loongarch/include/asm/kvm_host.h              |   14 +-
 arch/loongarch/include/asm/kvm_vcpu.h              |   43 +-
 arch/loongarch/include/asm/uaccess.h               |    3 +-
 arch/loongarch/kvm/exit.c                          |   22 +-
 arch/loongarch/kvm/intc/eiointc.c                  |    6 +
 arch/loongarch/kvm/intc/ipi.c                      |    2 +
 arch/loongarch/kvm/intc/pch_pic.c                  |    2 +
 arch/loongarch/kvm/interrupt.c                     |   98 +-
 arch/loongarch/kvm/irqfd.c                         |    3 +-
 arch/loongarch/kvm/timer.c                         |    3 +-
 arch/loongarch/kvm/vcpu.c                          |  118 +-
 arch/loongarch/mm/init.c                           |   16 +-
 arch/m68k/include/asm/string.h                     |   17 -
 arch/m68k/include/asm/uaccess.h                    |    3 +-
 arch/microblaze/include/asm/uaccess.h              |    3 +-
 arch/mips/Kconfig                                  |   14 +-
 arch/mips/alchemy/Kconfig                          |    1 -
 arch/mips/alchemy/board-gpr.c                      |  127 +-
 arch/mips/alchemy/board-mtx1.c                     |   34 +-
 arch/mips/alchemy/common/gpiolib.c                 |   45 +-
 arch/mips/alchemy/devboards/db1000.c               |   31 +-
 arch/mips/alchemy/devboards/db1200.c               |    1 +
 arch/mips/alchemy/devboards/db1300.c               |  219 +-
 arch/mips/alchemy/devboards/db1550.c               |    2 +
 arch/mips/alchemy/devboards/db1xxx.c               |   11 +-
 arch/mips/alchemy/devboards/db1xxx.h               |   18 +
 arch/mips/alchemy/devboards/platform.c             |    2 +
 arch/mips/boot/dts/loongson/ls7a-pch.dtsi          |   17 +-
 arch/mips/boot/dts/qca/ar9132.dtsi                 |    2 +-
 arch/mips/configs/fuloong2e_defconfig              |    1 -
 arch/mips/configs/ip22_defconfig                   |    1 -
 arch/mips/configs/ip27_defconfig                   |    1 -
 arch/mips/configs/ip30_defconfig                   |    1 -
 arch/mips/configs/jazz_defconfig                   |    1 -
 arch/mips/configs/malta_defconfig                  |    1 -
 arch/mips/configs/malta_kvm_defconfig              |    1 -
 arch/mips/configs/maltaup_xpa_defconfig            |    1 -
 arch/mips/configs/rm200_defconfig                  |    1 -
 arch/mips/configs/sb1250_swarm_defconfig           |    1 -
 arch/mips/dec/int-handler.S                        |    2 +-
 arch/mips/dec/ioasic-irq.c                         |    5 +-
 arch/mips/dec/prom/console.c                       |    7 +-
 arch/mips/dec/prom/init.c                          |    6 +-
 arch/mips/dec/reset.c                              |    2 +
 arch/mips/dec/setup.c                              |   12 +-
 arch/mips/fw/lib/call_o32.S                        |    2 +-
 arch/mips/include/asm/dec/prom.h                   |   15 +-
 arch/mips/include/asm/dec/reset.h                  |   19 +
 arch/mips/include/asm/gio_device.h                 |    6 -
 arch/mips/include/asm/irq.h                        |    2 +-
 arch/mips/include/asm/mach-ath79/kmalloc.h         |    7 +
 arch/mips/include/asm/mach-au1x00/gpio-au1000.h    |    5 +
 arch/mips/include/asm/mach-au1x00/gpio-au1300.h    |    3 +
 arch/mips/include/asm/mach-ralink/kmalloc.h        |    9 +
 arch/mips/include/asm/uaccess.h                    |    3 +-
 arch/mips/kernel/cps-vec.S                         |    6 +
 arch/mips/kernel/irq.c                             |    2 +-
 arch/mips/kernel/mips-mt-fpaff.c                   |   28 +-
 arch/mips/kernel/proc.c                            |    9 +-
 arch/mips/kernel/smp.c                             |    2 +
 arch/mips/lib/memcpy.S                             |    2 -
 arch/mips/lib/memset.S                             |    2 -
 arch/mips/mm/c-r4k.c                               |    5 -
 arch/mips/mm/init.c                                |   12 +-
 arch/mips/n64/init.c                               |    2 +-
 arch/mips/ralink/mt7621.c                          |    2 +-
 arch/mips/rb532/devices.c                          |   32 +-
 arch/mips/rb532/gpio.c                             |   41 +-
 arch/mips/rb532/serial.c                           |    2 +-
 arch/mips/sgi-ip22/ip22-gio.c                      |   34 +-
 arch/mips/txx9/Kconfig                             |    1 +
 arch/mips/vdso/vdso.lds.S                          |    1 +
 arch/nios2/include/asm/uaccess.h                   |    3 +-
 arch/openrisc/include/asm/cacheflush.h             |    4 +
 arch/openrisc/include/asm/uaccess.h                |    3 +-
 arch/openrisc/kernel/head.S                        |   10 -
 arch/openrisc/kernel/jump_label.c                  |    2 +-
 arch/openrisc/kernel/patching.c                    |    3 +
 arch/openrisc/kernel/smp.c                         |   21 +
 arch/openrisc/mm/cache.c                           |   16 +
 arch/openrisc/mm/init.c                            |    2 +-
 arch/parisc/include/asm/uaccess.h                  |    3 +-
 arch/powerpc/Kconfig                               |    1 +
 arch/powerpc/boot/dts/Makefile                     |   73 +
 arch/powerpc/boot/dts/fsl/Makefile                 |   43 +
 arch/powerpc/boot/dts/mpc8308_p1m.dts              |    1 +
 arch/powerpc/boot/dts/mpc8308rdb.dts               |    1 +
 arch/powerpc/boot/dts/mpc8315erdb.dts              |    1 +
 arch/powerpc/boot/dts/mpc836x_rdk.dts              |    1 +
 arch/powerpc/boot/dts/mpc8377_rdb.dts              |    1 +
 arch/powerpc/boot/dts/mpc8377_wlan.dts             |    1 +
 arch/powerpc/boot/dts/mpc8378_rdb.dts              |    1 +
 arch/powerpc/boot/dts/mpc8379_rdb.dts              |    1 +
 arch/powerpc/boot/hack-coff.c                      |    2 +-
 arch/powerpc/boot/rs6000.h                         |   84 +-
 arch/powerpc/boot/string.S                         |   13 -
 arch/powerpc/boot/string.h                         |    1 -
 arch/powerpc/boot/wrapper                          |    1 +
 arch/powerpc/include/asm/entry-common.h            |  534 +++++
 arch/powerpc/include/asm/hw_irq.h                  |    4 +-
 arch/powerpc/include/asm/interrupt.h               |  386 +--
 arch/powerpc/include/asm/kasan.h                   |   15 +-
 arch/powerpc/include/asm/prom.h                    |    4 +-
 arch/powerpc/include/asm/ptrace.h                  |    6 +-
 arch/powerpc/include/asm/rtas-types.h              |    5 +-
 arch/powerpc/include/asm/signal.h                  |    1 -
 arch/powerpc/include/asm/stacktrace.h              |    6 +
 arch/powerpc/include/asm/string.h                  |    2 -
 arch/powerpc/include/asm/syscall.h                 |    5 +
 arch/powerpc/include/asm/thread_info.h             |    1 +
 arch/powerpc/include/asm/uaccess.h                 |   26 +
 arch/powerpc/include/uapi/asm/ptrace.h             |   14 +-
 arch/powerpc/kernel/cacheinfo.c                    |   13 +-
 arch/powerpc/kernel/eeh_sysfs.c                    |    8 +-
 arch/powerpc/kernel/fadump.c                       |   14 +-
 arch/powerpc/kernel/interrupt.c                    |  255 +-
 arch/powerpc/kernel/iommu.c                        |    3 +-
 arch/powerpc/kernel/irq.c                          |    5 +-
 arch/powerpc/kernel/prom_init.c                    |    2 +-
 arch/powerpc/kernel/ptrace/ptrace.c                |  142 +-
 arch/powerpc/kernel/security.c                     |   13 +-
 arch/powerpc/kernel/setup-common.c                 |   15 +-
 arch/powerpc/kernel/signal.c                       |   25 +-
 arch/powerpc/kernel/syscall.c                      |  119 +-
 arch/powerpc/kernel/sysfs.c                        |   23 +-
 arch/powerpc/kernel/traps.c                        |    2 +-
 arch/powerpc/kernel/watchdog.c                     |    2 +-
 arch/powerpc/kexec/core_64.c                       |    4 +-
 arch/powerpc/lib/string.S                          |   22 -
 arch/powerpc/mm/book3s64/hash_utils.c              |    4 +-
 arch/powerpc/mm/init_64.c                          |    8 -
 arch/powerpc/mm/mem.c                              |    5 +-
 arch/powerpc/net/Makefile                          |    4 +
 arch/powerpc/net/bpf_jit_comp.c                    |    5 +
 arch/powerpc/net/bpf_jit_comp64.c                  |   62 +-
 arch/powerpc/net/bpf_timed_may_goto.S              |   57 +
 arch/powerpc/perf/core-book3s.c                    |    5 +-
 arch/powerpc/perf/core-fsl-emb.c                   |    3 +-
 arch/powerpc/perf/hv-24x7.c                        |   18 +-
 arch/powerpc/perf/hv-gpci.c                        |    5 +-
 arch/powerpc/perf/imc-pmu.c                        |    6 +-
 arch/powerpc/perf/kvm-hv-pmu.c                     |    3 +-
 arch/powerpc/perf/vpa-pmu.c                        |    3 +-
 arch/powerpc/platforms/83xx/mcu_mpc8349emitx.c     |    3 +-
 arch/powerpc/platforms/8xx/cpm1.c                  |   26 +
 arch/powerpc/platforms/cell/spu_base.c             |    5 +-
 arch/powerpc/platforms/powernv/idle.c              |    3 +-
 arch/powerpc/platforms/powernv/opal-dump.c         |   11 +-
 arch/powerpc/platforms/powernv/opal-elog.c         |    9 +-
 arch/powerpc/platforms/powernv/opal-flash.c        |    4 +-
 arch/powerpc/platforms/powernv/opal-powercap.c     |   12 +-
 arch/powerpc/platforms/powernv/opal-psr.c          |   12 +-
 arch/powerpc/platforms/powernv/setup.c             |    3 +-
 arch/powerpc/platforms/powernv/subcore.c           |    3 +-
 arch/powerpc/platforms/ps3/setup.c                 |    3 +-
 arch/powerpc/platforms/pseries/cmm.c               |    5 +-
 arch/powerpc/platforms/pseries/dlpar.c             |    3 +-
 arch/powerpc/platforms/pseries/hotplug-memory.c    |   14 +-
 arch/powerpc/platforms/pseries/ibmebus.c           |    5 +-
 arch/powerpc/platforms/pseries/lparcfg.c           |   24 +-
 arch/powerpc/platforms/pseries/papr_scm.c          |    5 +-
 arch/powerpc/platforms/pseries/power.c             |    3 +-
 arch/powerpc/platforms/pseries/pseries_energy.c    |    3 +-
 arch/powerpc/platforms/pseries/rtas-fadump.c       |   80 +-
 arch/powerpc/platforms/pseries/rtas-fadump.h       |    6 +
 arch/powerpc/platforms/pseries/suspend.c           |    3 +-
 arch/powerpc/platforms/pseries/vas-sysfs.c         |    3 +-
 arch/powerpc/platforms/pseries/vio.c               |   29 +-
 arch/powerpc/sysdev/fsl_mpic_timer_wakeup.c        |    3 +-
 arch/powerpc/sysdev/xive/common.c                  |    1 +
 arch/riscv/Kconfig                                 |   24 +-
 arch/riscv/configs/defconfig                       |    1 +
 arch/riscv/include/asm/asm-prototypes.h            |    4 +
 arch/riscv/include/asm/cacheflush.h                |   25 +-
 arch/riscv/include/asm/cpu_ops.h                   |    2 +-
 arch/riscv/include/asm/kfence.h                    |    7 +-
 arch/riscv/include/asm/kvm_aia.h                   |    2 +-
 arch/riscv/include/asm/kvm_gstage.h                |   10 +-
 arch/riscv/include/asm/kvm_host.h                  |    2 +
 arch/riscv/include/asm/kvm_nacl.h                  |   14 +-
 arch/riscv/include/asm/linkage.h                   |    2 +
 arch/riscv/include/asm/pgtable.h                   |   10 +
 arch/riscv/include/asm/purgatory.h                 |   11 +
 arch/riscv/include/asm/uaccess.h                   |    2 +-
 arch/riscv/include/asm/vdso.h                      |   10 +-
 arch/riscv/kernel/alternative.c                    |   14 +-
 arch/riscv/kernel/bugs.c                           |   12 +-
 arch/riscv/kernel/cacheinfo.c                      |    2 +-
 arch/riscv/kernel/cpu-hotplug.c                    |    4 +-
 arch/riscv/kernel/cpu_ops_sbi.c                    |   22 +-
 arch/riscv/kernel/entry.S                          |   51 +-
 arch/riscv/kernel/image-vars.h                     |    9 +
 arch/riscv/kernel/irq.c                            |   22 +-
 arch/riscv/kernel/kexec_elf.c                      |   10 +-
 arch/riscv/kernel/machine_kexec_file.c             |    3 +-
 arch/riscv/kernel/module-sections.c                |    6 +-
 arch/riscv/kernel/pi/cmdline_early.c               |   16 +-
 arch/riscv/kernel/setup.c                          |   11 +-
 arch/riscv/kernel/stacktrace.c                     |    4 +-
 arch/riscv/kernel/traps_misaligned.c               |    4 +-
 arch/riscv/kernel/unaligned_access_speed.c         |   69 +-
 arch/riscv/kvm/aia.c                               |   88 +-
 arch/riscv/kvm/aia_aplic.c                         |   15 +-
 arch/riscv/kvm/aia_device.c                        |    4 +-
 arch/riscv/kvm/aia_imsic.c                         |    9 +
 arch/riscv/kvm/gstage.c                            |   98 +-
 arch/riscv/kvm/main.c                              |    8 +-
 arch/riscv/kvm/mmu.c                               |  211 +-
 arch/riscv/kvm/nacl.c                              |    2 +-
 arch/riscv/kvm/vcpu.c                              |    1 +
 arch/riscv/kvm/vcpu_sbi_fwft.c                     |   44 +-
 arch/riscv/kvm/vcpu_sbi_system.c                   |   14 +
 arch/riscv/kvm/vcpu_timer.c                        |    2 +-
 arch/riscv/lib/Makefile                            |    1 +
 arch/riscv/lib/ashldi3.S                           |   36 +
 arch/riscv/lib/ashrdi3.S                           |   36 +
 arch/riscv/lib/lshrdi3.S                           |   36 +
 arch/riscv/mm/init.c                               |   20 +-
 arch/riscv/mm/ptdump.c                             |   13 +-
 arch/riscv/purgatory/purgatory.c                   |   16 +-
 arch/s390/include/asm/kvm_host.h                   |   23 +-
 arch/s390/include/asm/sclp.h                       |    1 +
 arch/s390/include/asm/uaccess.h                    |    3 +-
 arch/s390/include/uapi/asm/kvm.h                   |    1 +
 arch/s390/kvm/Kconfig                              |    1 +
 arch/s390/kvm/dat.c                                |    2 +-
 arch/s390/kvm/dat.h                                |    1 +
 arch/s390/kvm/gaccess.c                            |   73 +-
 arch/s390/kvm/gmap.c                               |   33 +-
 arch/s390/kvm/gmap.h                               |   14 +-
 arch/s390/kvm/intercept.c                          |    5 +-
 arch/s390/kvm/interrupt.c                          |  563 ++++-
 arch/s390/kvm/kvm-s390.c                           |  161 +-
 arch/s390/kvm/kvm-s390.h                           |    5 +-
 arch/s390/kvm/pv.c                                 |    5 +-
 arch/s390/kvm/vsie.c                               |   85 +-
 arch/s390/mm/gmap_helpers.c                        |    6 +-
 arch/s390/mm/init.c                                |    5 +-
 arch/s390/mm/vmem.c                                |    3 +-
 arch/sh/include/asm/uaccess.h                      |    3 +-
 arch/sh/mm/cache-sh4.c                             |    2 +-
 arch/sparc/include/asm/uaccess_32.h                |    3 +-
 arch/sparc/include/asm/uaccess_64.h                |    3 +-
 arch/sparc/mm/init_64.c                            |   31 -
 arch/um/include/asm/uaccess.h                      |    3 +-
 arch/x86/include/asm/cpufeatures.h                 |    1 +
 arch/x86/include/asm/kvm-x86-ops.h                 |    5 +-
 arch/x86/include/asm/kvm-x86-pmu-ops.h             |    5 +-
 arch/x86/include/asm/kvm_host.h                    |  147 +-
 arch/x86/include/asm/kvm_vcpu_regs.h               |  109 +-
 arch/x86/include/asm/msr-index.h                   |    1 +
 arch/x86/include/asm/perf_event.h                  |    2 +
 arch/x86/include/asm/string_32.h                   |    3 -
 arch/x86/include/asm/svm.h                         |    1 +
 arch/x86/include/asm/tdx.h                         |   34 +-
 arch/x86/include/asm/vmx.h                         |   14 +-
 arch/x86/include/uapi/asm/kvm.h                    |    2 +
 arch/x86/kvm/cpuid.c                               |   21 +-
 arch/x86/kvm/cpuid.h                               |   20 +-
 arch/x86/kvm/debugfs.c                             |    2 +-
 arch/x86/kvm/emulate.c                             |   22 +-
 arch/x86/kvm/hyperv.c                              |   30 +-
 arch/x86/kvm/hyperv.h                              |    4 +-
 arch/x86/kvm/ioapic.c                              |    2 +-
 arch/x86/kvm/irq.c                                 |    4 +
 arch/x86/kvm/kvm-asm-offsets.c                     |    1 +
 arch/x86/kvm/kvm_cache_regs.h                      |  249 --
 arch/x86/kvm/kvm_emulate.h                         |   17 +-
 arch/x86/kvm/lapic.c                               |   49 +-
 arch/x86/kvm/lapic.h                               |    3 +-
 arch/x86/kvm/mmu.h                                 |   32 +-
 arch/x86/kvm/mmu/mmu.c                             |  216 +-
 arch/x86/kvm/mmu/mmutrace.h                        |   19 +-
 arch/x86/kvm/mmu/paging_tmpl.h                     |  107 +-
 arch/x86/kvm/mmu/spte.c                            |   92 +-
 arch/x86/kvm/mmu/spte.h                            |   70 +-
 arch/x86/kvm/mmu/tdp_mmu.c                         |  281 +--
 arch/x86/kvm/pmu.c                                 |   21 +-
 arch/x86/kvm/pmu.h                                 |   44 +-
 arch/x86/kvm/regs.h                                |  423 ++++
 arch/x86/kvm/smm.c                                 |    2 +-
 arch/x86/kvm/svm/avic.c                            |   47 +-
 arch/x86/kvm/svm/nested.c                          |  218 +-
 arch/x86/kvm/svm/pmu.c                             |   42 +
 arch/x86/kvm/svm/sev.c                             |  796 ++++---
 arch/x86/kvm/svm/svm.c                             |  140 +-
 arch/x86/kvm/svm/svm.h                             |   53 +-
 arch/x86/kvm/svm/vmenter.S                         |  210 +-
 arch/x86/kvm/vmenter.h                             |  111 +
 arch/x86/kvm/vmx/capabilities.h                    |   12 +-
 arch/x86/kvm/vmx/common.h                          |   26 +-
 arch/x86/kvm/vmx/hyperv_evmcs.h                    |    1 +
 arch/x86/kvm/vmx/main.c                            |    9 +
 arch/x86/kvm/vmx/nested.c                          |   98 +-
 arch/x86/kvm/vmx/nested.h                          |    2 +-
 arch/x86/kvm/vmx/pmu_intel.c                       |   18 +-
 arch/x86/kvm/vmx/run_flags.h                       |    9 -
 arch/x86/kvm/vmx/sgx.c                             |    6 +-
 arch/x86/kvm/vmx/tdx.c                             |  338 +--
 arch/x86/kvm/vmx/vmenter.S                         |  181 +-
 arch/x86/kvm/vmx/vmx.c                             |  176 +-
 arch/x86/kvm/vmx/vmx.h                             |   34 +-
 arch/x86/kvm/vmx/x86_ops.h                         |    6 +
 arch/x86/kvm/x86.c                                 |  434 ++--
 arch/x86/kvm/x86.h                                 |  139 +-
 arch/x86/kvm/xen.c                                 |   39 +-
 arch/x86/lib/string_32.c                           |   19 -
 arch/x86/mm/init_64.c                              |    5 +-
 arch/x86/virt/vmx/tdx/tdx.c                        |   64 +-
 arch/xtensa/include/asm/string.h                   |   25 -
 arch/xtensa/include/asm/uaccess.h                  |    3 +-
 certs/Kconfig                                      |   14 +-
 crypto/async_tx/async_pq.c                         |    9 +-
 crypto/async_tx/async_raid6_recov.c                |    9 +-
 drivers/base/memory.c                              |   41 +-
 drivers/base/node.c                                |    6 +-
 drivers/block/zram/zram_drv.c                      |   13 +-
 drivers/char/mem.c                                 |   25 +-
 drivers/crypto/ccp/sev-dev.c                       |  101 +-
 drivers/dax/kmem.c                                 |    6 +
 drivers/dma/bcm-sba-raid.c                         |    1 +
 drivers/firewire/core-cdev.c                       |  371 +--
 drivers/firewire/core-topology.c                   |    4 +-
 drivers/firmware/efi/libstub/Makefile              |    6 +-
 drivers/firmware/xilinx/zynqmp.c                   |   28 +
 drivers/gpu/drm/drm_color_mgmt.c                   |    2 +-
 drivers/gpu/drm/drm_managed.c                      |    4 +-
 drivers/hwmon/drivetemp.c                          |    5 +-
 drivers/hwspinlock/qcom_hwspinlock.c               |    5 +-
 drivers/irqchip/irq-gic-v5.c                       |   13 +-
 drivers/irqchip/irq-riscv-imsic-state.c            |    9 +-
 drivers/md/raid5.c                                 |    4 +-
 drivers/misc/lkdtm/fortify.c                       |    2 +-
 drivers/mtd/chips/cfi_cmdset_0002.c                |   13 +-
 drivers/mtd/chips/cfi_cmdset_0020.c                |   24 +-
 drivers/mtd/devices/slram.c                        |   96 +-
 drivers/mtd/inftlmount.c                           |   44 +-
 drivers/mtd/maps/Kconfig                           |   53 -
 drivers/mtd/maps/Makefile                          |    6 -
 drivers/mtd/maps/amd76xrom.c                       |   10 +-
 drivers/mtd/maps/ck804xrom.c                       |    2 +-
 drivers/mtd/maps/esb2rom.c                         |   20 +-
 drivers/mtd/maps/ichxrom.c                         |   17 +-
 drivers/mtd/maps/impa7.c                           |  115 -
 drivers/mtd/maps/netsc520.c                        |  127 -
 drivers/mtd/maps/nettel.c                          |  462 ----
 drivers/mtd/maps/pci.c                             |   16 +-
 drivers/mtd/maps/sc520cdp.c                        |  294 ---
 drivers/mtd/maps/scb2_flash.c                      |    9 +-
 drivers/mtd/maps/ts5500_flash.c                    |  108 -
 drivers/mtd/maps/uclinux.c                         |  118 -
 drivers/mtd/maps/vmu-flash.c                       |    7 +-
 drivers/mtd/mtdoops.c                              |    7 +-
 drivers/mtd/mtdsuper.c                             |    8 +-
 drivers/mtd/nand/raw/Kconfig                       |    4 +-
 drivers/mtd/nand/raw/cafe_nand.c                   |    3 +-
 drivers/mtd/nand/raw/denali_pci.c                  |    4 +-
 drivers/mtd/nand/raw/nand_base.c                   |   24 +-
 drivers/mtd/nand/raw/ndfc.c                        |   20 +-
 drivers/mtd/nand/raw/pl35x-nand-controller.c       |    2 +-
 drivers/mtd/nand/raw/qcom_nandc.c                  |   16 +-
 drivers/mtd/nand/raw/r852.c                        |    4 +-
 drivers/mtd/nand/spi/core.c                        |   93 +-
 drivers/mtd/nand/spi/macronix.c                    |   38 +-
 drivers/mtd/nand/spi/winbond.c                     |  317 ++-
 drivers/mtd/sm_ftl.c                               |   30 +-
 drivers/mtd/sm_ftl.h                               |    2 +-
 drivers/mtd/spi-nor/Kconfig                        |    1 -
 drivers/mtd/spi-nor/core.c                         |   76 +-
 drivers/mtd/spi-nor/core.h                         |   25 +-
 drivers/mtd/spi-nor/debugfs.c                      |   72 +-
 drivers/mtd/spi-nor/spansion.c                     |    7 +-
 drivers/mtd/spi-nor/swp.c                          |  363 ++-
 drivers/mtd/spi-nor/winbond.c                      |   41 +-
 drivers/power/reset/linkstation-poweroff.c         |    2 +-
 drivers/power/reset/qemu-virt-ctrl.c               |    2 +-
 drivers/power/reset/sc27xx-poweroff.c              |    8 +
 drivers/power/reset/spacemit-p1-reboot.c           |    4 +-
 drivers/power/reset/st-poweroff.c                  |    8 +-
 drivers/power/reset/tps65086-restart.c             |    2 +-
 drivers/power/supply/Kconfig                       |   21 +
 drivers/power/supply/Makefile                      |    2 +
 drivers/power/supply/ab8500_fg.c                   |    2 +-
 drivers/power/supply/adp5061.c                     |    2 +-
 drivers/power/supply/axp288_charger.c              |    2 +-
 drivers/power/supply/axp288_fuel_gauge.c           |    2 +-
 drivers/power/supply/bd71828-power.c               |   77 +-
 drivers/power/supply/bq2415x_charger.c             |   28 +-
 drivers/power/supply/bq24190_charger.c             |   16 +-
 drivers/power/supply/bq24257_charger.c             |    8 +-
 drivers/power/supply/bq24735-charger.c             |    4 +-
 drivers/power/supply/bq2515x_charger.c             |    6 +-
 drivers/power/supply/bq256xx_charger.c             |   16 +-
 drivers/power/supply/bq257xx_charger.c             |   52 +-
 drivers/power/supply/bq25890_charger.c             |   10 +-
 drivers/power/supply/bq25980_charger.c             |    8 +-
 drivers/power/supply/bq27xxx_battery_i2c.c         |   64 +-
 drivers/power/supply/charger-manager.c             |   10 +-
 drivers/power/supply/cpcap-battery.c               |   11 +-
 drivers/power/supply/cpcap-charger.c               |    1 +
 drivers/power/supply/cros_charge-control.c         |    6 +-
 drivers/power/supply/cros_peripheral_charger.c     |    4 +-
 drivers/power/supply/cros_usbpd-charger.c          |    4 +-
 drivers/power/supply/cw2015_battery.c              |    2 +-
 drivers/power/supply/ds2782_battery.c              |    6 +-
 drivers/power/supply/lp8727_charger.c              |    2 +-
 drivers/power/supply/ltc2941-battery-gauge.c       |   10 +-
 drivers/power/supply/ltc4162-l-charger.c           |    8 +-
 drivers/power/supply/macsmc-power.c                |    2 +-
 drivers/power/supply/max14577_charger.c            |   12 +-
 drivers/power/supply/max14656_charger_detector.c   |    4 +-
 drivers/power/supply/max17040_battery.c            |   18 +-
 drivers/power/supply/max17042_battery.c            |  402 ++--
 drivers/power/supply/max77693_charger.c            |    2 +-
 drivers/power/supply/max77759_charger.c            |    2 +-
 drivers/power/supply/max77976_charger.c            |    2 +-
 drivers/power/supply/max8971_charger.c             |    2 +-
 drivers/power/supply/max8997_charger.c             |    2 +-
 drivers/power/supply/max8998_charger.c             |    2 +-
 drivers/power/supply/mm8013.c                      |    4 +-
 drivers/power/supply/mt6360_charger.c              |    6 +-
 drivers/power/supply/pf1550-charger.c              |    2 +-
 drivers/power/supply/power_supply_core.c           |   11 +-
 drivers/power/supply/rt5033_battery.c              |    2 +-
 drivers/power/supply/rt5033_charger.c              |    2 +-
 drivers/power/supply/rt9455_charger.c              |    2 +-
 drivers/power/supply/s2m-charger.c                 |  313 +++
 drivers/power/supply/sbs-battery.c                 |    8 +-
 drivers/power/supply/sbs-charger.c                 |    2 +-
 drivers/power/supply/sbs-manager.c                 |    4 +-
 drivers/power/supply/smb347-charger.c              |   10 +-
 drivers/power/supply/stc3117_fuel_gauge.c          |    2 +-
 drivers/power/supply/surface-rt-ec.c               |  389 ++++
 drivers/power/supply/ug3105_battery.c              |    2 +-
 drivers/rapidio/devices/tsi721.c                   |    3 +-
 drivers/remoteproc/Kconfig                         |    3 +-
 drivers/remoteproc/imx_rproc.c                     |   95 +-
 drivers/remoteproc/imx_rproc.h                     |    2 +
 drivers/remoteproc/qcom_common.c                   |   14 +-
 drivers/remoteproc/qcom_q6v5_pas.c                 |   51 +-
 drivers/remoteproc/qcom_q6v5_wcss.c                |   23 +-
 drivers/remoteproc/remoteproc_core.c               |   87 +-
 drivers/remoteproc/xlnx_r5_remoteproc.c            |  100 +-
 drivers/rpmsg/rpmsg_char.c                         |   15 +-
 drivers/s390/char/sclp_early.c                     |    4 +-
 drivers/s390/char/sclp_mem.c                       |   17 +-
 drivers/scsi/Kconfig                               |    1 -
 drivers/scsi/Makefile                              |    4 +-
 drivers/scsi/advansys.c                            |    1 -
 drivers/scsi/elx/efct/efct_hw.h                    |    2 +-
 drivers/scsi/hisi_sas/hisi_sas_v3_hw.c             |   12 +-
 drivers/scsi/isci/host.c                           |    2 +-
 drivers/scsi/isci/port.c                           |    2 +-
 drivers/scsi/isci/port_config.c                    |    2 +-
 drivers/scsi/isci/scu_task_context.h               |    2 -
 drivers/scsi/libiscsi.c                            |    4 +-
 drivers/scsi/lpfc/lpfc_attr.c                      |   10 +-
 drivers/scsi/lpfc/lpfc_bsg.c                       |    6 +-
 drivers/scsi/lpfc/lpfc_els.c                       |    2 +-
 drivers/scsi/lpfc/lpfc_hbadisc.c                   |   12 +-
 drivers/scsi/lpfc/lpfc_hw4.h                       |    2 +-
 drivers/scsi/lpfc/lpfc_init.c                      |   12 +-
 drivers/scsi/lpfc/lpfc_scsi.c                      |   12 +-
 drivers/scsi/lpfc/lpfc_sli.c                       |   25 +-
 drivers/scsi/lpfc/lpfc_sli4.h                      |    5 +-
 drivers/scsi/megaraid/megaraid_mbox.c              |   26 +-
 drivers/scsi/megaraid/megaraid_mm.c                |   32 +-
 drivers/scsi/mvsas/mv_sas.h                        |    6 +-
 drivers/scsi/ncr53c8xx.c                           |    2 +-
 drivers/scsi/ncr53c8xx.h                           |    4 +-
 drivers/scsi/pm8001/pm8001_ctl.c                   |   13 +-
 drivers/scsi/pm8001/pm80xx_hwi.c                   |    7 +
 drivers/scsi/scsi_debug.c                          |   13 +-
 drivers/scsi/scsi_devinfo.c                        |    4 +-
 drivers/scsi/scsi_ioctl.c                          |   11 +-
 drivers/scsi/scsi_scan.c                           |   37 +-
 drivers/scsi/scsi_transport_sas.c                  |  101 +-
 drivers/scsi/scsi_transport_srp.c                  |   10 +-
 drivers/scsi/smartpqi/smartpqi_init.c              |    2 +-
 drivers/scsi/snic/vnic_dev.c                       |    1 -
 drivers/scsi/storvsc_drv.c                         |    8 +-
 drivers/target/iscsi/iscsi_target_auth.c           |    9 +-
 drivers/target/loopback/tcm_loop.c                 |   64 -
 drivers/ufs/core/ufs-mcq.c                         |    7 +-
 drivers/ufs/core/ufs-sysfs.c                       |   30 +-
 drivers/ufs/core/ufs-txeq.c                        |  295 ++-
 drivers/ufs/core/ufshcd-priv.h                     |   11 +-
 drivers/ufs/core/ufshcd.c                          |  296 ++-
 drivers/ufs/host/Kconfig                           |    2 +-
 drivers/ufs/host/tc-dwc-g210-pci.c                 |    4 +-
 drivers/ufs/host/ufs-exynos.c                      |  110 +
 drivers/ufs/host/ufs-qcom.c                        |   13 +
 drivers/ufs/host/ufs-qcom.h                        |   11 +
 drivers/ufs/host/ufshcd-pci.c                      |   30 +-
 drivers/usb/usbip/usbip_common.h                   |   29 +-
 drivers/usb/usbip/vhci_rx.c                        |    4 +-
 drivers/usb/usbip/vhci_sysfs.c                     |    2 +-
 drivers/vhost/vhost.h                              |    2 +-
 fs/9p/fid.c                                        |   11 +-
 fs/9p/v9fs.c                                       |   27 +-
 fs/9p/v9fs.h                                       |   28 +-
 fs/9p/v9fs_vfs.h                                   |   15 +
 fs/9p/vfs_addr.c                                   |   36 +-
 fs/9p/vfs_dentry.c                                 |  105 +-
 fs/9p/vfs_dir.c                                    |   14 +-
 fs/9p/vfs_file.c                                   |    2 +-
 fs/9p/vfs_inode.c                                  |   46 +-
 fs/9p/vfs_inode_dotl.c                             |   58 +-
 fs/9p/vfs_super.c                                  |    1 +
 fs/Kconfig                                         |    6 +-
 fs/Makefile                                        |    1 -
 fs/btrfs/raid56.c                                  |    8 +-
 fs/efs/file.c                                      |   21 +-
 fs/exfat/Kconfig                                   |    2 +-
 fs/exfat/Makefile                                  |    2 +-
 fs/exfat/balloc.c                                  |    2 +-
 fs/exfat/dir.c                                     |  117 +-
 fs/exfat/exfat_fs.h                                |  145 +-
 fs/exfat/fatent.c                                  |   30 +-
 fs/exfat/file.c                                    |  267 ++-
 fs/exfat/inode.c                                   |  364 +--
 fs/exfat/iomap.c                                   |  271 +++
 fs/exfat/iomap.h                                   |   18 +
 fs/exfat/namei.c                                   |  173 +-
 fs/exfat/nls.c                                     |   19 +-
 fs/exfat/super.c                                   |    5 +-
 fs/fat/fat_test.c                                  |   33 +
 fs/fat/inode.c                                     |   10 +-
 fs/ntfs/Makefile                                   |    2 +-
 fs/ntfs/attrib.c                                   |  312 ++-
 fs/ntfs/attrib.h                                   |    4 +
 fs/ntfs/attrlist.c                                 |   11 +-
 fs/ntfs/dir.c                                      |   64 +-
 fs/ntfs/ea.c                                       |   16 +-
 fs/ntfs/file.c                                     |   41 +-
 fs/ntfs/index.c                                    |  297 ++-
 fs/ntfs/index.h                                    |   12 +-
 fs/ntfs/inode.c                                    |   75 +-
 fs/ntfs/inode.h                                    |    2 +
 fs/ntfs/iomap.c                                    |   77 +-
 fs/ntfs/layout.h                                   |   19 +
 fs/ntfs/logfile.c                                  |    5 +-
 fs/ntfs/mft.c                                      |  129 +-
 fs/ntfs/namei.c                                    |   27 +-
 fs/ntfs/quota.c                                    |   95 -
 fs/ntfs/quota.h                                    |   15 -
 fs/ntfs/reparse.c                                  |  478 +++-
 fs/ntfs/reparse.h                                  |    6 +-
 fs/ntfs/runlist.c                                  |   24 +-
 fs/ntfs/super.c                                    |  226 +-
 fs/ntfs/volume.h                                   |   14 +-
 fs/ocfs2/alloc.c                                   |    2 +-
 fs/ocfs2/aops.c                                    |   13 +-
 fs/ocfs2/buffer_head_io.c                          |    7 +-
 fs/ocfs2/dlm/dlmdebug.c                            |   16 +-
 fs/ocfs2/dlmglue.c                                 |   17 +
 fs/ocfs2/file.c                                    |   23 +-
 fs/ocfs2/inode.c                                   |  206 +-
 fs/ocfs2/journal.c                                 |   13 +-
 fs/ocfs2/journal.h                                 |    3 +
 fs/ocfs2/move_extents.c                            |    4 +-
 fs/ocfs2/ocfs2.h                                   |    2 -
 fs/ocfs2/quota_local.c                             |    2 +-
 fs/ocfs2/refcounttree.c                            |    9 +-
 fs/ocfs2/stack_user.c                              |   10 +-
 fs/ocfs2/suballoc.c                                |   22 +
 fs/ocfs2/super.c                                   |    2 -
 fs/ocfs2/sysfile.c                                 |    9 +-
 fs/ocfs2/xattr.c                                   |  123 +-
 fs/proc/base.c                                     |   63 +-
 fs/proc/generic.c                                  |   10 +-
 fs/proc/task_mmu.c                                 |  269 ++-
 fs/userfaultfd.c                                   | 2231 ------------------
 include/asm-generic/pgalloc.h                      |    2 +-
 include/asm-generic/uaccess.h                      |    3 +-
 include/keys/request_key_auth-type.h               |    2 +
 include/keys/trusted-type.h                        |   21 +-
 include/kvm/arm_arch_timer.h                       |    7 +-
 include/kvm/arm_pmu.h                              |    5 +-
 include/kvm/arm_vgic.h                             |   19 +-
 include/linux/bootmem_info.h                       |    1 -
 include/linux/call_once.h                          |    2 +-
 include/linux/cnt32_to_63.h                        |  104 -
 include/linux/compaction.h                         |   10 +-
 include/linux/damon.h                              |  136 +-
 include/linux/err.h                                |   12 +-
 include/linux/firmware/xlnx-zynqmp.h               |   21 +
 include/linux/fortify-string.h                     |   49 -
 include/linux/gfp.h                                |    4 +
 include/linux/gfp_types.h                          |    6 +-
 include/linux/highmem-internal.h                   |    2 +-
 include/linux/huge_mm.h                            |   47 +-
 include/linux/init.h                               |    2 +-
 include/linux/irqchip/riscv-imsic.h                |    5 +-
 include/linux/jz4740-adc.h                         |   33 -
 include/linux/kcov.h                               |   14 +-
 include/linux/kho/abi/block.h                      |   54 +
 include/linux/kho/abi/kexec_handover.h             |    4 +-
 include/linux/kho/abi/luo.h                        |  148 +-
 include/linux/kho_block.h                          |  106 +
 include/linux/kvm_host.h                           |   22 +-
 include/linux/list_lru.h                           |   70 +
 include/linux/liveupdate.h                         |    9 +-
 include/linux/llist.h                              |    4 +-
 include/linux/memblock.h                           |   21 +-
 include/linux/memcontrol.h                         |   39 +-
 include/linux/memory.h                             |    7 +-
 include/linux/memory_hotplug.h                     |    8 +-
 include/linux/mm.h                                 |   62 +-
 include/linux/mm_inline.h                          |    2 +-
 include/linux/mm_types.h                           |   19 +-
 include/linux/mmu_notifier.h                       |    4 +-
 include/linux/mmzone.h                             |   23 +-
 include/linux/mod_devicetable.h                    |    5 +-
 include/linux/mtd/nand-qpic-common.h               |    4 +-
 include/linux/mtd/spi-nor.h                        |    7 +-
 include/linux/mtd/spinand.h                        |   21 +
 include/linux/nodemask.h                           |   18 +-
 include/linux/page_ref.h                           |   18 +
 include/linux/pageblock-flags.h                    |    6 +-
 include/linux/pagemap.h                            |    2 +
 include/linux/power/jz4740-battery.h               |   15 -
 include/linux/power/max17042_battery.h             |   32 +-
 include/linux/psp-sev.h                            |   37 +
 include/linux/raid/pq.h                            |  216 +-
 include/linux/raid/pq_tables.h                     |   19 +
 include/linux/remoteproc.h                         |  269 +--
 include/linux/rsc_table.h                          |  359 +++
 include/linux/sched.h                              |    3 +
 include/linux/skbuff.h                             |   14 +-
 include/linux/string.h                             |    3 -
 include/linux/swap.h                               |   24 +-
 include/linux/swap_cgroup.h                        |   47 -
 include/linux/thread_info.h                        |    2 +-
 include/linux/types.h                              |    6 +
 include/linux/uaccess.h                            |   25 +-
 include/linux/userfaultfd_k.h                      |   40 +-
 include/linux/vmalloc.h                            |    4 +-
 include/linux/vmpressure.h                         |    9 +-
 include/net/9p/client.h                            |    2 +
 include/scsi/scsi_common.h                         |    8 +
 include/scsi/scsi_device.h                         |    7 +-
 include/target/target_core_base.h                  |    5 +-
 include/trace/events/damon.h                       |   38 +
 include/trace/events/vmscan.h                      |   52 +
 include/uapi/linux/kvm.h                           |    1 +
 include/uapi/linux/landlock.h                      |   97 +-
 include/uapi/linux/liveupdate.h                    |   25 +-
 include/ufs/ufs.h                                  |    2 +
 include/ufs/ufshcd.h                               |   12 +-
 init/Kconfig                                       |   24 +-
 kernel/bpf/arena.c                                 |    2 +-
 kernel/bpf/helpers.c                               |    2 +-
 kernel/fork.c                                      |    5 +-
 kernel/kcov.c                                      |  104 +-
 kernel/kexec_core.c                                |    8 +-
 kernel/liveupdate/Kconfig                          |    2 -
 kernel/liveupdate/Makefile                         |    1 +
 kernel/liveupdate/kexec_handover.c                 |   84 +-
 kernel/liveupdate/kho_block.c                      |  416 ++++
 kernel/liveupdate/luo_core.c                       |  105 +-
 kernel/liveupdate/luo_file.c                       |  212 +-
 kernel/liveupdate/luo_flb.c                        |  112 +-
 kernel/liveupdate/luo_internal.h                   |   18 +-
 kernel/liveupdate/luo_session.c                    |  348 +--
 kernel/power/snapshot.c                            |    8 +-
 kernel/power/swap.c                                |    2 +-
 kernel/power/user.c                                |   15 +-
 kernel/taskstats.c                                 |   62 +-
 lib/.gitignore                                     |    1 +
 lib/Kconfig                                        |   13 +-
 lib/Kconfig.debug                                  |   10 +
 lib/Makefile                                       |    1 -
 lib/base64.c                                       |    5 +-
 lib/bug.c                                          |   80 +-
 lib/cmdline.c                                      |   30 +-
 lib/error-inject.c                                 |    4 +-
 lib/interval_tree_test.c                           |   22 +
 lib/kstrtox.c                                      |   37 +-
 lib/maple_tree.c                                   |    7 +-
 lib/nmi_backtrace.c                                |   15 +-
 lib/raid/Kconfig                                   |   33 +
 lib/raid/Makefile                                  |    2 +-
 lib/{ => raid}/raid6/.gitignore                    |    0
 lib/raid/raid6/Makefile                            |  126 +
 lib/raid/raid6/algos.c                             |  377 +++
 lib/raid/raid6/algos.h                             |   41 +
 lib/{raid6 => raid/raid6/arm}/neon.c               |   23 +-
 lib/{raid6 => raid/raid6/arm}/neon.h               |    0
 lib/{raid6 => raid/raid6/arm}/neon.uc              |    2 +-
 lib/raid/raid6/arm/pq_arch.h                       |   21 +
 lib/{raid6 => raid/raid6/arm}/recov_neon.c         |   27 +-
 lib/{raid6 => raid/raid6/arm}/recov_neon_inner.c   |    2 +-
 lib/raid/raid6/arm64/pq_arch.h                     |    1 +
 lib/{ => raid}/raid6/int.uc                        |   10 +-
 .../raid6/loongarch}/loongarch_simd.c              |   31 +-
 lib/raid/raid6/loongarch/pq_arch.h                 |   23 +
 .../raid6/loongarch}/recov_loongarch_simd.c        |   39 +-
 lib/{ => raid}/raid6/mktables.c                    |   28 +-
 lib/{raid6 => raid/raid6/powerpc}/altivec.uc       |   32 +-
 lib/raid/raid6/powerpc/pq_arch.h                   |   32 +
 lib/{raid6 => raid/raid6/powerpc}/vpermxor.uc      |   29 +-
 lib/{ => raid}/raid6/recov.c                       |   62 +-
 lib/raid/raid6/riscv/pq_arch.h                     |   21 +
 lib/{raid6 => raid/raid6/riscv}/recov_rvv.c        |   14 +-
 lib/{raid6 => raid/raid6/riscv}/rvv.c              |    0
 lib/{raid6 => raid/raid6/riscv}/rvv.h              |   26 +-
 lib/raid/raid6/s390/pq_arch.h                      |   15 +
 lib/{raid6 => raid/raid6/s390}/recov_s390xc.c      |   14 +-
 lib/{raid6 => raid/raid6/s390}/s390vx.uc           |   15 +-
 lib/raid/raid6/tests/Makefile                      |    3 +
 lib/raid/raid6/tests/raid6_kunit.c                 |  321 +++
 lib/{ => raid}/raid6/unroll.awk                    |    0
 lib/{raid6 => raid/raid6/x86}/avx2.c               |   49 +-
 lib/{raid6 => raid/raid6/x86}/avx512.c             |   61 +-
 lib/{raid6 => raid/raid6/x86}/mmx.c                |   39 +-
 lib/raid/raid6/x86/pq_arch.h                       |   96 +
 lib/{raid6 => raid/raid6/x86}/recov_avx2.c         |   22 +-
 lib/{raid6 => raid/raid6/x86}/recov_avx512.c       |   26 +-
 lib/{raid6 => raid/raid6/x86}/recov_ssse3.c        |   23 +-
 lib/{raid6 => raid/raid6/x86}/sse1.c               |   49 +-
 lib/{raid6 => raid/raid6/x86}/sse2.c               |   47 +-
 lib/raid/xor/xor-core.c                            |    5 +-
 lib/raid6/Makefile                                 |   83 -
 lib/raid6/algos.c                                  |  291 ---
 lib/raid6/loongarch.h                              |   38 -
 lib/raid6/test/.gitignore                          |    3 -
 lib/raid6/test/Makefile                            |  156 --
 lib/raid6/test/test.c                              |  152 --
 lib/raid6/x86.h                                    |   75 -
 lib/string.c                                       |   24 +-
 lib/test-kstrtox.c                                 |    6 +
 lib/test_firmware.c                                |    2 +-
 lib/test_fortify/write_overflow-strncpy-src.c      |    5 -
 lib/test_fortify/write_overflow-strncpy.c          |    5 -
 lib/test_hmm.c                                     |   49 +-
 lib/test_meminit.c                                 |    2 +-
 lib/test_vmalloc.c                                 |   62 +
 lib/tests/Makefile                                 |    1 +
 lib/tests/cmdline_kunit.c                          |  118 +
 lib/tests/fortify_kunit.c                          |   61 +-
 lib/tests/kunit_iov_iter.c                         |   12 +-
 lib/tests/liveupdate.c                             |    3 +
 lib/tests/shdi3_kunit.c                            |  175 ++
 lib/tests/string_helpers_kunit.c                   |   15 +-
 lib/tests/uuid_kunit.c                             |   56 +
 lib/usercopy.c                                     |    4 +-
 mm/Kconfig                                         |   11 +-
 mm/Makefile                                        |    3 -
 mm/bootmem_info.c                                  |   25 +-
 mm/compaction.c                                    |   11 +-
 mm/damon/core.c                                    |  657 +++++-
 mm/damon/lru_sort.c                                |   61 +-
 mm/damon/ops-common.c                              |    9 +-
 mm/damon/paddr.c                                   |   84 +-
 mm/damon/reclaim.c                                 |  100 +-
 mm/damon/stat.c                                    |   92 +-
 mm/damon/sysfs-common.c                            |   41 +
 mm/damon/sysfs-common.h                            |    2 +
 mm/damon/sysfs-schemes.c                           |  289 ++-
 mm/damon/sysfs.c                                   |  588 +++++
 mm/damon/tests/core-kunit.h                        |  180 +-
 mm/damon/tests/vaddr-kunit.h                       |   31 +-
 mm/damon/vaddr.c                                   |   79 +-
 mm/filemap.c                                       |  133 +-
 mm/gup.c                                           |    8 +-
 mm/huge_memory.c                                   |  479 ++--
 mm/hugetlb.c                                       |    7 +-
 mm/hugetlb_cma.c                                   |   35 +-
 mm/internal.h                                      |   27 +-
 mm/kasan/kasan_test_c.c                            |   10 +
 mm/kfence/core.c                                   |    5 +
 mm/kfence/kfence_test.c                            |    2 +-
 mm/khugepaged.c                                    |   21 +-
 mm/kmemleak.c                                      |  148 +-
 mm/list_lru.c                                      |  250 +-
 mm/madvise.c                                       |   60 +-
 mm/memblock.c                                      |   56 +-
 mm/memcontrol-v1.c                                 |   68 +-
 mm/memcontrol.c                                    |  294 ++-
 mm/memory-failure.c                                |   47 +-
 mm/memory.c                                        |  206 +-
 mm/memory_hotplug.c                                |   34 +-
 mm/mempolicy.c                                     |    2 +-
 mm/memremap.c                                      |    4 +-
 mm/migrate.c                                       |   63 +-
 mm/migrate_device.c                                |    9 +-
 mm/mm_init.c                                       |  103 +-
 mm/mmap.c                                          |    2 +-
 mm/mseal.c                                         |    5 +-
 mm/page_alloc.c                                    |  385 ++-
 mm/page_io.c                                       |  103 +-
 mm/page_isolation.c                                |   69 +-
 mm/page_owner.c                                    |    2 +-
 mm/page_vma_mapped.c                               |    9 +-
 mm/percpu-internal.h                               |    6 +-
 mm/readahead.c                                     |   36 +-
 mm/rmap.c                                          |    8 +-
 mm/shmem.c                                         |  274 +--
 mm/shrinker.c                                      |   18 +-
 mm/sparse-vmemmap.c                                |   82 +-
 mm/sparse.c                                        |   68 +-
 mm/swap.c                                          |   57 +-
 mm/swap.h                                          |   90 +-
 mm/swap_cgroup.c                                   |  172 --
 mm/swap_state.c                                    |  547 +++--
 mm/swap_table.h                                    |  179 +-
 mm/swapfile.c                                      |  462 ++--
 mm/userfaultfd.c                                   | 2259 +++++++++++++++++-
 mm/util.c                                          |   32 +-
 mm/vma.c                                           |    3 +
 mm/vmalloc.c                                       |  130 +-
 mm/vmpressure.c                                    |   15 +-
 mm/vmscan.c                                        |  372 ++-
 mm/workingset.c                                    |   10 +-
 mm/zswap.c                                         |   25 +-
 net/9p/client.c                                    |    7 +-
 net/9p/trans_fd.c                                  |    6 +-
 net/9p/trans_rdma.c                                |   19 +-
 net/9p/trans_usbg.c                                |    2 +-
 net/9p/trans_virtio.c                              |    5 +
 net/rds/tcp_recv.c                                 |    2 +-
 rust/helpers/uaccess.c                             |    2 +-
 rust/kernel/page.rs                                |    1 +
 samples/damon/mtier.c                              |   10 +-
 samples/landlock/sandboxer.c                       |  175 +-
 scripts/bloat-o-meter                              |    1 +
 scripts/checkpatch.pl                              |   53 +-
 scripts/get_maintainer.pl                          |   71 +-
 scripts/spelling.txt                               |    1 +
 security/integrity/digsig_asymmetric.c             |  152 +-
 security/integrity/evm/evm_secfs.c                 |   16 +-
 security/integrity/ima/Kconfig                     |   15 +
 security/integrity/ima/ima.h                       |   28 +-
 security/integrity/ima/ima_api.c                   |    2 +-
 security/integrity/ima/ima_appraise.c              |   10 +-
 security/integrity/ima/ima_fs.c                    |  346 ++-
 security/integrity/ima/ima_init.c                  |    5 +
 security/integrity/ima/ima_kexec.c                 |   42 +-
 security/integrity/ima/ima_policy.c                |    3 +-
 security/integrity/ima/ima_queue.c                 |  327 ++-
 security/keys/Kconfig                              |    1 -
 security/keys/encrypted-keys/encrypted.c           |    4 +-
 security/keys/internal.h                           |    2 +
 security/keys/key.c                                |    2 +-
 security/keys/keyctl.c                             |   24 +-
 security/keys/keyctl_pkey.c                        |   14 +-
 security/keys/keyring.c                            |    2 +-
 security/keys/request_key.c                        |    2 +-
 security/keys/request_key_auth.c                   |   33 +-
 security/keys/trusted-keys/Kconfig                 |   23 +
 security/keys/trusted-keys/trusted_caam.c          |    7 +-
 security/keys/trusted-keys/trusted_core.c          |    8 +-
 security/keys/trusted-keys/trusted_tpm1.c          |   44 +-
 security/keys/user_defined.c                       |    2 +-
 security/landlock/access.h                         |   44 +-
 security/landlock/audit.c                          |  292 ++-
 security/landlock/audit.h                          |    3 +-
 security/landlock/domain.c                         |   66 +-
 security/landlock/domain.h                         |   16 +-
 security/landlock/fs.c                             |  171 +-
 security/landlock/fs.h                             |   29 +-
 security/landlock/limits.h                         |    5 +-
 security/landlock/net.c                            |  185 +-
 security/landlock/net.h                            |    5 +-
 security/landlock/ruleset.c                        |   49 +-
 security/landlock/ruleset.h                        |   29 +-
 security/landlock/syscalls.c                       |   73 +-
 security/landlock/task.c                           |   11 +
 sound/firewire/dice/dice.c                         |   34 +-
 sound/firewire/fireface/ff.c                       |   12 +-
 sound/firewire/motu/motu.c                         |    6 +-
 sound/firewire/oxfw/oxfw.c                         |    4 +-
 tools/accounting/getdelays.c                       |    8 +-
 tools/mm/page-types.c                              |    8 +-
 tools/testing/memblock/linux/mmzone.h              |    4 +
 tools/testing/selftests/acct/.gitignore            |    3 +-
 tools/testing/selftests/acct/Makefile              |    7 +-
 .../selftests/acct/taskstats_fill_stats_tgid.c     |  375 +++
 tools/testing/selftests/cgroup/lib/cgroup_util.c   |   18 +-
 .../selftests/cgroup/lib/include/cgroup_util.h     |    4 +-
 tools/testing/selftests/cgroup/test_core.c         |    2 +-
 tools/testing/selftests/cgroup/test_freezer.c      |    2 +-
 tools/testing/selftests/cgroup/test_kmem.c         |   13 +-
 tools/testing/selftests/cgroup/test_memcontrol.c   |   13 +-
 tools/testing/selftests/cgroup/test_zswap.c        |  181 +-
 tools/testing/selftests/damon/_damon_sysfs.py      |   31 +-
 .../selftests/damon/drgn_dump_damon_status.py      |    3 +
 tools/testing/selftests/damon/sysfs.py             |   60 +-
 tools/testing/selftests/damon/sysfs.sh             |   62 +
 tools/testing/selftests/filelock/.gitignore        |    1 +
 tools/testing/selftests/filelock/ofdlocks.c        |   94 +-
 tools/testing/selftests/kho/vmtest.sh              |    4 +
 tools/testing/selftests/kvm/Makefile.kvm           |    4 +
 tools/testing/selftests/kvm/arm64/no-vgic.c        |    1 +
 tools/testing/selftests/kvm/arm64/vgic_v5.c        |   10 +-
 tools/testing/selftests/kvm/dirty_log_test.c       |   26 +-
 tools/testing/selftests/kvm/guest_memfd_test.c     |   24 +-
 tools/testing/selftests/kvm/include/kvm_syscalls.h |    6 +
 tools/testing/selftests/kvm/include/kvm_util.h     |    2 +-
 tools/testing/selftests/kvm/include/lru_gen_util.h |    2 +-
 .../testing/selftests/kvm/include/x86/processor.h  |   29 +-
 tools/testing/selftests/kvm/include/x86/sev.h      |   24 +
 tools/testing/selftests/kvm/kvm_page_table_test.c  |   28 +-
 tools/testing/selftests/kvm/lib/kvm_util.c         |   25 +-
 tools/testing/selftests/kvm/lib/x86/processor.c    |    2 +-
 tools/testing/selftests/kvm/lib/x86/vmx.c          |    2 +-
 tools/testing/selftests/kvm/memslot_perf_test.c    |   12 +-
 .../testing/selftests/kvm/pre_fault_memory_test.c  |    7 +-
 tools/testing/selftests/kvm/riscv/get-reg-list.c   |  136 +-
 .../testing/selftests/kvm/set_memory_region_test.c |   31 +-
 tools/testing/selftests/kvm/x86/debug_regs.c       |   88 +-
 tools/testing/selftests/kvm/x86/hwcr_msr_test.c    |    9 +-
 tools/testing/selftests/kvm/x86/hyperv_features.c  |   21 +-
 tools/testing/selftests/kvm/x86/hyperv_tlb_flush.c |   15 +-
 .../selftests/kvm/x86/nested_tdp_fault_test.c      |  313 +++
 .../selftests/kvm/x86/pmu_event_filter_test.c      |    6 +
 tools/testing/selftests/kvm/x86/sev_dbg_test.c     |  118 +
 tools/testing/selftests/kvm/x86/sev_init2_tests.c  |   14 +-
 .../testing/selftests/kvm/x86/sev_migrate_tests.c  |    2 +-
 tools/testing/selftests/kvm/x86/sev_smoke_test.c   |    4 +-
 .../selftests/kvm/x86/svm_nested_pat_test.c        |  196 ++
 tools/testing/selftests/kvm/x86/sync_regs_test.c   |    1 -
 tools/testing/selftests/landlock/audit.h           |  140 +-
 tools/testing/selftests/landlock/audit_test.c      |   33 +-
 tools/testing/selftests/landlock/base_test.c       |  122 +-
 tools/testing/selftests/landlock/common.h          |    2 +
 tools/testing/selftests/landlock/fs_test.c         | 2445 +++++++++++++++++++-
 tools/testing/selftests/landlock/net_test.c        | 1358 ++++++++++-
 tools/testing/selftests/landlock/ptrace_test.c     |    1 +
 .../selftests/landlock/scoped_abstract_unix_test.c |   78 +-
 .../selftests/landlock/scoped_signal_test.c        |  182 ++
 tools/testing/selftests/liveupdate/Makefile        |    2 +
 tools/testing/selftests/liveupdate/liveupdate.c    |  188 ++
 .../selftests/liveupdate/luo_stress_files.c        |   97 +
 .../selftests/liveupdate/luo_stress_sessions.c     |  102 +
 .../testing/selftests/liveupdate/luo_test_utils.c  |   24 +
 .../testing/selftests/liveupdate/luo_test_utils.h  |    2 +
 tools/testing/selftests/memfd/fuse_test.c          |    2 +-
 tools/testing/selftests/memfd/memfd_test.c         |    4 +-
 tools/testing/selftests/mm/Makefile                |   10 +-
 tools/testing/selftests/mm/check_config.sh         |    2 +-
 tools/testing/selftests/mm/droppable.c             |    9 +-
 tools/testing/selftests/mm/hmm-tests.c             |   36 +-
 tools/testing/selftests/mm/khugepaged.c            |   18 +-
 tools/testing/selftests/mm/ksft_kmemleak_dedup.sh  |  222 ++
 tools/testing/selftests/mm/ksm_functional_tests.c  |   19 +-
 tools/testing/selftests/mm/mlock2-tests.c          |   86 +-
 tools/testing/selftests/mm/mremap_test.c           |  109 +-
 tools/testing/selftests/mm/process_madv.c          |   28 +
 tools/testing/selftests/mm/run_vmtests.sh          |    1 +
 tools/testing/selftests/mm/split_huge_page_test.c  |   12 +-
 .../selftests/perf_events/watermark_signal.c       |    2 +-
 tools/testing/selftests/proc/proc-maps-race.c      |  295 ++-
 tools/testing/selftests/riscv/abi/Makefile         |    2 +-
 tools/testing/selftests/riscv/cfi/Makefile         |    2 +-
 tools/testing/selftests/riscv/hwprobe/Makefile     |    6 +-
 tools/testing/selftests/riscv/mm/Makefile          |    2 +-
 tools/testing/selftests/riscv/sigreturn/Makefile   |    2 +-
 tools/testing/selftests/riscv/vector/Makefile      |   12 +-
 tools/testing/selftests/uevent/uevent_filtering.c  |    2 +-
 tools/testing/vma/include/dup.h                    |   20 +-
 virt/kvm/guest_memfd.c                             |   36 +-
 virt/kvm/kvm_main.c                                |    6 +-
 virt/kvm/kvm_mm.h                                  |    7 +-
 virt/kvm/vfio.c                                    |   98 +-
 1055 files changed, 35819 insertions(+), 19030 deletions(-)
 create mode 100644 Documentation/ABI/testing/sysfs-class-power-bd71828
 create mode 100644 Documentation/devicetree/bindings/embedded-controller/microsoft,surface-rt-ec.yaml
 create mode 100644 Documentation/devicetree/bindings/remoteproc/qcom,shikra-pas.yaml
 create mode 100644 Documentation/security/IMA-export-delete.rst
 delete mode 100644 arch/alpha/lib/strncpy.S
 create mode 100644 arch/mips/alchemy/devboards/db1xxx.h
 create mode 100644 arch/mips/include/asm/dec/reset.h
 create mode 100644 arch/mips/include/asm/mach-ath79/kmalloc.h
 create mode 100644 arch/mips/include/asm/mach-ralink/kmalloc.h
 create mode 100644 arch/powerpc/include/asm/entry-common.h
 create mode 100644 arch/powerpc/net/bpf_timed_may_goto.S
 create mode 100644 arch/riscv/include/asm/purgatory.h
 create mode 100644 arch/riscv/lib/ashldi3.S
 create mode 100644 arch/riscv/lib/ashrdi3.S
 create mode 100644 arch/riscv/lib/lshrdi3.S
 delete mode 100644 arch/x86/kvm/kvm_cache_regs.h
 create mode 100644 arch/x86/kvm/regs.h
 create mode 100644 arch/x86/kvm/vmenter.h
 delete mode 100644 arch/x86/kvm/vmx/run_flags.h
 delete mode 100644 drivers/mtd/maps/impa7.c
 delete mode 100644 drivers/mtd/maps/netsc520.c
 delete mode 100644 drivers/mtd/maps/nettel.c
 delete mode 100644 drivers/mtd/maps/sc520cdp.c
 delete mode 100644 drivers/mtd/maps/ts5500_flash.c
 delete mode 100644 drivers/mtd/maps/uclinux.c
 create mode 100644 drivers/power/supply/s2m-charger.c
 create mode 100644 drivers/power/supply/surface-rt-ec.c
 create mode 100644 fs/exfat/iomap.c
 create mode 100644 fs/exfat/iomap.h
 delete mode 100644 fs/ntfs/quota.c
 delete mode 100644 fs/ntfs/quota.h
 delete mode 100644 fs/userfaultfd.c
 delete mode 100644 include/linux/cnt32_to_63.h
 delete mode 100644 include/linux/jz4740-adc.h
 create mode 100644 include/linux/kho/abi/block.h
 create mode 100644 include/linux/kho_block.h
 delete mode 100644 include/linux/power/jz4740-battery.h
 create mode 100644 include/linux/raid/pq_tables.h
 create mode 100644 include/linux/rsc_table.h
 delete mode 100644 include/linux/swap_cgroup.h
 create mode 100644 kernel/liveupdate/kho_block.c
 rename lib/{ => raid}/raid6/.gitignore (100%)
 create mode 100644 lib/raid/raid6/Makefile
 create mode 100644 lib/raid/raid6/algos.c
 create mode 100644 lib/raid/raid6/algos.h
 rename lib/{raid6 => raid/raid6/arm}/neon.c (79%)
 rename lib/{raid6 => raid/raid6/arm}/neon.h (100%)
 rename lib/{raid6 => raid/raid6/arm}/neon.uc (99%)
 create mode 100644 lib/raid/raid6/arm/pq_arch.h
 rename lib/{raid6 => raid/raid6/arm}/recov_neon.c (81%)
 rename lib/{raid6 => raid/raid6/arm}/recov_neon_inner.c (99%)
 create mode 100644 lib/raid/raid6/arm64/pq_arch.h
 rename lib/{ => raid}/raid6/int.uc (96%)
 rename lib/{raid6 => raid/raid6/loongarch}/loongarch_simd.c (96%)
 create mode 100644 lib/raid/raid6/loongarch/pq_arch.h
 rename lib/{raid6 => raid/raid6/loongarch}/recov_loongarch_simd.c (96%)
 rename lib/{ => raid}/raid6/mktables.c (83%)
 rename lib/{raid6 => raid/raid6/powerpc}/altivec.uc (84%)
 create mode 100644 lib/raid/raid6/powerpc/pq_arch.h
 rename lib/{raid6 => raid/raid6/powerpc}/vpermxor.uc (82%)
 rename lib/{ => raid}/raid6/recov.c (60%)
 create mode 100644 lib/raid/raid6/riscv/pq_arch.h
 rename lib/{raid6 => raid/raid6/riscv}/recov_rvv.c (95%)
 rename lib/{raid6 => raid/raid6/riscv}/rvv.c (100%)
 rename lib/{raid6 => raid/raid6/riscv}/rvv.h (70%)
 create mode 100644 lib/raid/raid6/s390/pq_arch.h
 rename lib/{raid6 => raid/raid6/s390}/recov_s390xc.c (90%)
 rename lib/{raid6 => raid/raid6/s390}/s390vx.uc (93%)
 create mode 100644 lib/raid/raid6/tests/Makefile
 create mode 100644 lib/raid/raid6/tests/raid6_kunit.c
 rename lib/{ => raid}/raid6/unroll.awk (100%)
 rename lib/{raid6 => raid/raid6/x86}/avx2.c (94%)
 rename lib/{raid6 => raid/raid6/x86}/avx512.c (93%)
 rename lib/{raid6 => raid/raid6/x86}/mmx.c (81%)
 create mode 100644 lib/raid/raid6/x86/pq_arch.h
 rename lib/{raid6 => raid/raid6/x86}/recov_avx2.c (95%)
 rename lib/{raid6 => raid/raid6/x86}/recov_avx512.c (94%)
 rename lib/{raid6 => raid/raid6/x86}/recov_ssse3.c (95%)
 rename lib/{raid6 => raid/raid6/x86}/sse1.c (78%)
 rename lib/{raid6 => raid/raid6/x86}/sse2.c (94%)
 delete mode 100644 lib/raid6/Makefile
 delete mode 100644 lib/raid6/algos.c
 delete mode 100644 lib/raid6/loongarch.h
 delete mode 100644 lib/raid6/test/.gitignore
 delete mode 100644 lib/raid6/test/Makefile
 delete mode 100644 lib/raid6/test/test.c
 delete mode 100644 lib/raid6/x86.h
 delete mode 100644 lib/test_fortify/write_overflow-strncpy-src.c
 delete mode 100644 lib/test_fortify/write_overflow-strncpy.c
 create mode 100644 lib/tests/shdi3_kunit.c
 delete mode 100644 mm/swap_cgroup.c
 create mode 100644 tools/testing/selftests/acct/taskstats_fill_stats_tgid.c
 create mode 100644 tools/testing/selftests/filelock/.gitignore
 create mode 100644 tools/testing/selftests/kvm/x86/nested_tdp_fault_test.c
 create mode 100644 tools/testing/selftests/kvm/x86/sev_dbg_test.c
 create mode 100644 tools/testing/selftests/kvm/x86/svm_nested_pat_test.c
 create mode 100644 tools/testing/selftests/liveupdate/luo_stress_files.c
 create mode 100644 tools/testing/selftests/liveupdate/luo_stress_sessions.c
 create mode 100755 tools/testing/selftests/mm/ksft_kmemleak_dedup.sh
Merging ext4-fixes/fixes (981fcc5674e67 jbd2: fix deadlock in jbd2_journal_cancel_revoke())
$ git merge -m Merge branch 'fixes' of https://git.kernel.org/pub/scm/linux/kernel/git/tytso/ext4.git ext4-fixes/fixes
Already up to date.
Merging vfs-brauner-fixes/vfs.fixes (2eea7f44b9c8b iomap: avoid potential null folio->mapping deref during error reporting)
$ git merge -m Merge branch 'vfs.fixes' of https://git.kernel.org/pub/scm/linux/kernel/git/vfs/vfs.git vfs-brauner-fixes/vfs.fixes
Already up to date.
Merging fscrypt-current/for-current (254f49634ee16 Linux 7.1-rc1)
$ git merge -m Merge branch 'for-current' of https://git.kernel.org/pub/scm/fs/fscrypt/linux.git fscrypt-current/for-current
Already up to date.
Merging fsverity-current/for-current (0c8c88b8eb82a ovl: fix verity lazy-load guard broken by fsverity_active() semantic change)
$ git merge -m Merge branch 'for-current' of https://git.kernel.org/pub/scm/fs/fsverity/linux.git fsverity-current/for-current
Already up to date.
Merging btrfs-fixes/next-fixes (4549871118cf6 Linux 7.1-rc7)
$ git merge -m Merge branch 'next-fixes' of https://git.kernel.org/pub/scm/linux/kernel/git/kdave/linux.git btrfs-fixes/next-fixes
Already up to date.
Merging vfs-fixes/fixes (49c5d168a3a8f udf: fix nls leak on udf_fill_super() failure)
$ git merge -m Merge branch 'fixes' of https://git.kernel.org/pub/scm/linux/kernel/git/viro/vfs.git vfs-fixes/fixes
Auto-merging fs/udf/super.c
Merge made by the 'ort' strategy.
Merging erofs-fixes/fixes (27f2d085bd72a erofs: fix EFSCORRUPTED on multi-algorithm images in z_erofs_map_sanity_check())
$ git merge -m Merge branch 'fixes' of https://git.kernel.org/pub/scm/linux/kernel/git/xiang/erofs.git erofs-fixes/fixes
Already up to date.
Merging nfsd-fixes/nfsd-fixes (e5248a7426030 svcrdma: wake sq waiters when the transport closes)
$ git merge -m Merge branch 'nfsd-fixes' of https://git.kernel.org/pub/scm/linux/kernel/git/cel/linux nfsd-fixes/nfsd-fixes
Already up to date.
Merging v9fs-fixes/fixes/next (028ef9c96e961 Linux 7.0)
$ git merge -m Merge branch 'fixes/next' of https://git.kernel.org/pub/scm/linux/kernel/git/ericvh/v9fs.git v9fs-fixes/fixes/next
Already up to date.
Merging overlayfs-fixes/ovl-fixes (4549871118cf6 Linux 7.1-rc7)
$ git merge -m Merge branch 'ovl-fixes' of https://git.kernel.org/pub/scm/linux/kernel/git/overlayfs/vfs.git overlayfs-fixes/ovl-fixes
Already up to date.
Merging fscrypt/for-next (254f49634ee16 Linux 7.1-rc1)
$ git merge -m Merge branch 'for-next' of https://git.kernel.org/pub/scm/fs/fscrypt/linux.git fscrypt/for-next
Already up to date.
Merging btrfs/for-next (e73be5d3d5371 Merge branch 'for-next-next-v7.2-20260608' into for-next-20260608)
$ git merge -m Merge branch 'for-next' of https://git.kernel.org/pub/scm/linux/kernel/git/kdave/linux.git btrfs/for-next
Auto-merging fs/btrfs/Kconfig
Auto-merging fs/btrfs/disk-io.c
Auto-merging fs/btrfs/inode.c
Auto-merging fs/btrfs/raid56.c
Auto-merging fs/btrfs/super.c
Auto-merging fs/btrfs/transaction.c
Auto-merging fs/btrfs/tree-log.c
Auto-merging fs/btrfs/zoned.c
Merge made by the 'ort' strategy.
 fs/btrfs/Kconfig       |  1 +
 fs/btrfs/transaction.c | 18 ++++++++++--------
 2 files changed, 11 insertions(+), 8 deletions(-)
Merging ceph/master (b01cb51ba5652 rbd: switch to dynamic root device)
$ git merge -m Merge branch 'master' of https://github.com/ceph/ceph-client.git ceph/master
Auto-merging drivers/block/rbd.c
Merge made by the 'ort' strategy.
 drivers/block/rbd.c | 23 +++++++----------------
 1 file changed, 7 insertions(+), 16 deletions(-)
Merging cifs/for-next (96fb1621c3390 cifs: update internal module version number)
$ git merge -m Merge branch 'for-next' of git://git.samba.org/sfrench/cifs-2.6.git cifs/for-next
Merge made by the 'ort' strategy.
 fs/smb/client/cached_dir.c | 400 +++++++++++++++++++++++----
 fs/smb/client/cached_dir.h |  36 ++-
 fs/smb/client/cifs_debug.c |   7 +-
 fs/smb/client/cifsacl.c    |  23 +-
 fs/smb/client/cifsfs.h     |   4 +-
 fs/smb/client/cifsglob.h   |  28 +-
 fs/smb/client/cifsproto.h  |   3 +
 fs/smb/client/dir.c        |  34 ++-
 fs/smb/client/file.c       |   3 +
 fs/smb/client/inode.c      |   3 +-
 fs/smb/client/readdir.c    | 211 +++-----------
 fs/smb/client/smb1ops.c    |   4 +-
 fs/smb/client/smb2misc.c   |   7 +-
 fs/smb/client/smb2ops.c    | 667 +++++++++++++++++++++++++++++++++++++++++----
 fs/smb/client/smb2pdu.c    | 240 +++++++++++++++-
 fs/smb/client/smb2pdu.h    |  14 +
 fs/smb/client/smb2proto.h  |   6 +-
 fs/smb/client/trace.h      |   1 +
 fs/smb/client/transport.c  | 170 +++++++++++-
 fs/smb/common/smb2pdu.h    |  24 ++
 20 files changed, 1560 insertions(+), 325 deletions(-)
Merging configfs/configfs-next (6363844fdbbb7 samples: configfs: Constify struct configfs_item_operations and configfs_group_operations)
$ git merge -m Merge branch 'configfs-next' of https://git.kernel.org/pub/scm/linux/kernel/git/a.hindborg/linux.git configfs/configfs-next
Already up to date.
Merging ecryptfs/next (95ce5ffd54cf6 ecryptfs: use kasprintf in ecryptfs_crypto_api_algify_cipher_name)
$ git merge -m Merge branch 'next' of https://git.kernel.org/pub/scm/linux/kernel/git/tyhicks/ecryptfs.git ecryptfs/next
Merge made by the 'ort' strategy.
 fs/ecryptfs/crypto.c   | 24 +++++++-----------------
 fs/ecryptfs/keystore.c | 16 +++++-----------
 2 files changed, 12 insertions(+), 28 deletions(-)
Merging dlm/next (e61113cfcaf71 dlm: init per node debugfs before add to node hash)
$ git merge -m Merge branch 'next' of https://git.kernel.org/pub/scm/linux/kernel/git/teigland/linux-dlm.git dlm/next
Already up to date.
Merging erofs/dev (8501551579195 erofs: handle 48-bit blocks_hi for compressed inodes)
$ git merge -m Merge branch 'dev' of https://git.kernel.org/pub/scm/linux/kernel/git/xiang/erofs.git erofs/dev
Merge made by the 'ort' strategy.
 Documentation/filesystems/erofs.rst | 130 +++----
 fs/erofs/Kconfig                    |  21 +-
 fs/erofs/Makefile                   |   1 -
 fs/erofs/data.c                     | 135 ++++----
 fs/erofs/erofs_fs.h                 |   2 +
 fs/erofs/fscache.c                  | 664 ------------------------------------
 fs/erofs/inode.c                    |   7 +-
 fs/erofs/internal.h                 |  72 +---
 fs/erofs/ishare.c                   |  47 ++-
 fs/erofs/super.c                    |  98 ++----
 fs/erofs/zdata.c                    |  38 +--
 fs/erofs/zmap.c                     |  33 +-
 include/trace/events/erofs.h        |   9 +-
 13 files changed, 227 insertions(+), 1030 deletions(-)
 delete mode 100644 fs/erofs/fscache.c
Merging exfat/dev (7e77e17e8a1d2 exfat: preserve the next empty-entry hint after allocation)
$ git merge -m Merge branch 'dev' of https://git.kernel.org/pub/scm/linux/kernel/git/linkinjeon/exfat.git exfat/dev
Merge made by the 'ort' strategy.
 fs/exfat/namei.c | 40 ++++++++++++++++++++++++++++++++++++++--
 1 file changed, 38 insertions(+), 2 deletions(-)
Merging ext3/for_next (42093d1948d2d Pull fanotify pidfd reporting for threads and dead tasks.)
$ git merge -m Merge branch 'for_next' of https://git.kernel.org/pub/scm/linux/kernel/git/jack/linux-fs.git ext3/for_next
Merge made by the 'ort' strategy.
Merging ext4/dev (c143957520c6c ext4: validate donor file superblock early in EXT4_IOC_MOVE_EXT)
$ git merge -m Merge branch 'dev' of https://git.kernel.org/pub/scm/linux/kernel/git/tytso/ext4.git ext4/dev
Already up to date.
Merging f2fs/dev (b51f606aa323d f2fs: skip direct I/O iostat context when disabled)
$ git merge -m Merge branch 'dev' of https://git.kernel.org/pub/scm/linux/kernel/git/jaegeuk/f2fs.git f2fs/dev
Merge made by the 'ort' strategy.
 Documentation/ABI/testing/sysfs-fs-f2fs |   5 +-
 Documentation/filesystems/f2fs.rst      |   9 +++
 fs/f2fs/acl.c                           |  18 ++++-
 fs/f2fs/checkpoint.c                    |  14 +++-
 fs/f2fs/compress.c                      |  10 ++-
 fs/f2fs/data.c                          | 133 ++++++++++++++++++++++----------
 fs/f2fs/dir.c                           |   7 ++
 fs/f2fs/extent_cache.c                  |  19 ++---
 fs/f2fs/f2fs.h                          |  39 +++++++---
 fs/f2fs/file.c                          |  66 +++++++++++++++-
 fs/f2fs/gc.c                            |  69 +++++++++++++----
 fs/f2fs/inline.c                        |  10 +++
 fs/f2fs/inode.c                         |  31 ++++++--
 fs/f2fs/node.c                          |  22 +++++-
 fs/f2fs/node.h                          |   8 +-
 fs/f2fs/recovery.c                      |   2 +
 fs/f2fs/segment.c                       |  75 ++++++------------
 fs/f2fs/segment.h                       |  22 ------
 fs/f2fs/super.c                         |  81 ++++++++++++++++---
 fs/f2fs/sysfs.c                         |   2 +
 fs/f2fs/verity.c                        |   2 +
 fs/f2fs/xattr.c                         |   6 ++
 include/linux/f2fs_fs.h                 |   1 +
 include/trace/events/f2fs.h             |  28 +++++++
 24 files changed, 498 insertions(+), 181 deletions(-)
Merging fsverity/for-next (254f49634ee16 Linux 7.1-rc1)
$ git merge -m Merge branch 'for-next' of https://git.kernel.org/pub/scm/fs/fsverity/linux.git fsverity/for-next
Already up to date.
Merging fuse/for-next (7d87a5a284bb3 fuse-uring: clear ent->fuse_req in commit_fetch error path)
$ git merge -m Merge branch 'for-next' of https://git.kernel.org/pub/scm/linux/kernel/git/mszeredi/fuse.git fuse/for-next
Already up to date.
Merging gfs2/for-next (4982e58669b11 gfs2: page poisoning fix)
$ git merge -m Merge branch 'for-next' of https://git.kernel.org/pub/scm/linux/kernel/git/gfs2/linux-gfs2.git gfs2/for-next
Auto-merging fs/gfs2/bmap.c
Merge made by the 'ort' strategy.
 fs/gfs2/bmap.c  | 19 +++++++++++++++++++
 fs/gfs2/bmap.h  |  1 +
 fs/gfs2/file.c  | 15 ++++++++++++---
 fs/gfs2/quota.c | 36 ++++++++++++++++++++++++------------
 fs/gfs2/super.c |  1 +
 5 files changed, 57 insertions(+), 15 deletions(-)
Merging jfs/jfs-next (dad98c5b2a05e jfs: avoid -Wtautological-constant-out-of-range-compare warning again)
$ git merge -m Merge branch 'jfs-next' of https://github.com/kleikamp/linux-shaggy.git jfs/jfs-next
Already up to date.
Merging ksmbd/ksmbd-for-next (6bd1bb8b3bcc9 ksmbd: fix UBSAN array-index-out-of-bounds in decode_compress_ctxt())
$ git merge -m Merge branch 'ksmbd-for-next' of https://github.com/smfrench/smb3-kernel.git ksmbd/ksmbd-for-next
Merge made by the 'ort' strategy.
 fs/smb/server/ksmbd_work.c |  58 ++--
 fs/smb/server/ksmbd_work.h |   4 +
 fs/smb/server/misc.c       |  14 +-
 fs/smb/server/oplock.c     | 673 ++++++++++++++++++++++++++++++--------------
 fs/smb/server/oplock.h     |  14 +-
 fs/smb/server/smb2pdu.c    | 680 ++++++++++++++++++++++++++++++++-------------
 fs/smb/server/vfs.c        |  12 +-
 fs/smb/server/vfs_cache.c  | 265 +++++++++++++++++-
 fs/smb/server/vfs_cache.h  |  18 +-
 9 files changed, 1297 insertions(+), 441 deletions(-)
Merging nfs/linux-next (8cd9520d35a6c Linux 7.1)
$ git merge -m Merge branch 'linux-next' of git://git.linux-nfs.org/projects/trondmy/nfs-2.6.git nfs/linux-next
Already up to date.
Merging nfs-anna/linux-next (284ea3fb4f671 NFS: Use common error handling code in nfs_alloc_server())
$ git merge -m Merge branch 'linux-next' of git://git.linux-nfs.org/projects/anna/linux-nfs.git nfs-anna/linux-next
Auto-merging Documentation/admin-guide/kernel-parameters.txt
Auto-merging fs/nfs/client.c
Auto-merging fs/nfs/dir.c
Auto-merging fs/nfs/inode.c
Auto-merging fs/nfs/internal.h
Auto-merging fs/nfs/nfs4proc.c
Auto-merging fs/nfs/super.c
Auto-merging fs/nfs/unlink.c
Auto-merging include/linux/nfs_xdr.h
Merge made by the 'ort' strategy.
 Documentation/admin-guide/kernel-parameters.txt |   7 -
 fs/nfs/callback_proc.c                          |   9 +-
 fs/nfs/client.c                                 |  14 +-
 fs/nfs/delegation.c                             |   9 +-
 fs/nfs/dir.c                                    |   6 +-
 fs/nfs/direct.c                                 |  12 +-
 fs/nfs/export.c                                 |   6 +-
 fs/nfs/file.c                                   |  16 +-
 fs/nfs/filelayout/filelayout.c                  |   6 +-
 fs/nfs/flexfilelayout/flexfilelayout.c          |  39 ++++-
 fs/nfs/flexfilelayout/flexfilelayout.h          |  16 ++
 fs/nfs/inode.c                                  |  90 ++++--------
 fs/nfs/internal.h                               |   1 +
 fs/nfs/io.c                                     |  41 ++++++
 fs/nfs/nfs42proc.c                              |  15 +-
 fs/nfs/nfs4proc.c                               |  63 ++++++--
 fs/nfs/nfs4trace.h                              |  79 +++++-----
 fs/nfs/nfstrace.h                               |  84 +++++------
 fs/nfs/pagelist.c                               |   2 +-
 fs/nfs/pnfs.c                                   |   8 +-
 fs/nfs/pnfs_nfs.c                               |   4 +-
 fs/nfs/read.c                                   |  25 +++-
 fs/nfs/super.c                                  |   4 +
 fs/nfs/unlink.c                                 |   2 +-
 fs/nfs/write.c                                  |   2 +-
 include/linux/nfs_fs.h                          |  25 ----
 include/linux/nfs_page.h                        |   1 +
 include/linux/nfs_xdr.h                         |   1 -
 net/sunrpc/sysfs.c                              |   4 +-
 net/sunrpc/xprtrdma/backchannel.c               |   5 +-
 net/sunrpc/xprtrdma/frwr_ops.c                  |   2 +-
 net/sunrpc/xprtrdma/rpc_rdma.c                  | 161 ++++++++++++++------
 net/sunrpc/xprtrdma/transport.c                 |  71 +++++++--
 net/sunrpc/xprtrdma/verbs.c                     | 187 ++++++++++++++++++++----
 net/sunrpc/xprtrdma/xprt_rdma.h                 |  12 +-
 35 files changed, 703 insertions(+), 326 deletions(-)
Merging nfsd/nfsd-next (e5248a7426030 svcrdma: wake sq waiters when the transport closes)
$ git merge -m Merge branch 'nfsd-next' of https://git.kernel.org/pub/scm/linux/kernel/git/cel/linux nfsd/nfsd-next
Already up to date.
$ git am -3 ../patches/0001-Revert-smb-client-implement-fileattr_get-to-support-.patch
Applying: Revert "smb: client: implement fileattr_get to support FS_IOC_GETFLAGS"
Using index info to reconstruct a base tree...
M	fs/smb/client/cifsfs.c
M	fs/smb/client/cifsfs.h
M	fs/smb/client/inode.c
Falling back to patching base and 3-way merge...
Auto-merging fs/smb/client/inode.c
Auto-merging fs/smb/client/cifsfs.h
Auto-merging fs/smb/client/cifsfs.c
No changes -- Patch already applied.
Merging ntfs/ntfs-next (1a3746ccbb0a9 Merge tag 'strncpy-removal-v7.2-rc1' of git://git.kernel.org/pub/scm/linux/kernel/git/kees/linux)
$ git merge -m Merge branch 'ntfs-next' of https://git.kernel.org/pub/scm/linux/kernel/git/linkinjeon/ntfs.git ntfs/ntfs-next
Already up to date.
Merging ntfs3/master (5b08dccecf825 ntfs3: reject direct userspace writes to reserved $LX* xattrs)
$ git merge -m Merge branch 'master' of https://github.com/Paragon-Software-Group/linux-ntfs3.git ntfs3/master
Auto-merging fs/ntfs3/file.c
CONFLICT (content): Merge conflict in fs/ntfs3/file.c
Auto-merging fs/ntfs3/namei.c
CONFLICT (content): Merge conflict in fs/ntfs3/namei.c
Auto-merging fs/ntfs3/ntfs_fs.h
CONFLICT (content): Merge conflict in fs/ntfs3/ntfs_fs.h
Resolved 'fs/ntfs3/file.c' using previous resolution.
Resolved 'fs/ntfs3/namei.c' using previous resolution.
Resolved 'fs/ntfs3/ntfs_fs.h' using previous resolution.
Automatic merge failed; fix conflicts and then commit the result.
$ git commit --no-edit -v -a
[fs-next 2219382c85e36] Merge branch 'master' of https://github.com/Paragon-Software-Group/linux-ntfs3.git
$ git diff -M --stat --summary HEAD^..
 fs/ntfs3/attrib.c  |  29 +++--
 fs/ntfs3/dir.c     |  26 +++--
 fs/ntfs3/file.c    | 303 +++++++++++++++++++++++++++--------------------------
 fs/ntfs3/frecord.c |  38 ++++---
 fs/ntfs3/fslog.c   | 159 ++++++++++++++++++++++++----
 fs/ntfs3/fsntfs.c  |   1 -
 fs/ntfs3/index.c   | 119 +++++++++++++++++----
 fs/ntfs3/inode.c   |  78 ++++++--------
 fs/ntfs3/lznt.c    |   2 +-
 fs/ntfs3/namei.c   |   5 +-
 fs/ntfs3/ntfs_fs.h |  11 +-
 fs/ntfs3/run.c     |  75 ++++++++++++-
 fs/ntfs3/xattr.c   |  16 ++-
 13 files changed, 587 insertions(+), 275 deletions(-)
$ git am -3 ../patches/0001-ntfs3-Fix-up-for-multiple-fileattr_get-additions.patch
Applying: ntfs3: Fix up for multiple fileattr_get() additions
$ git reset HEAD^
Unstaged changes after reset:
M	fs/ntfs3/file.c
$ git add -A .
$ git commit -v -a --amend
warning: notes ref refs/notes/commits is invalid
[fs-next 5e8daad24ee29] Merge branch 'master' of https://github.com/Paragon-Software-Group/linux-ntfs3.git
 Date: Mon Jun 22 10:42:18 2026 +0100
$ git am -3 ../patches/0026-ntfs3-fileattr_get-additions-mk2.patch
Applying: ntfs3: fileattr_get() additions mk2
$ git reset HEAD^
Unstaged changes after reset:
M	fs/ntfs3/file.c
$ git add -A .
$ git commit -v -a --amend
warning: notes ref refs/notes/commits is invalid
[fs-next 058ff3674b1b6] Merge branch 'master' of https://github.com/Paragon-Software-Group/linux-ntfs3.git
 Date: Mon Jun 22 10:42:18 2026 +0100
Merging orangefs/for-next (e61bc5e4d8743    bufmap: manage as folios, V2.)
$ git merge -m Merge branch 'for-next' of https://git.kernel.org/pub/scm/linux/kernel/git/hubcap/linux.git orangefs/for-next
Already up to date.
Merging overlayfs/overlayfs-next (1f6ee9be92f8d ovl: make fsync after metadata copy-up opt-in mount option)
$ git merge -m Merge branch 'overlayfs-next' of https://git.kernel.org/pub/scm/linux/kernel/git/overlayfs/vfs.git overlayfs/overlayfs-next
Already up to date.
Merging ubifs/next (11efa98bcc0d0 ubi: ubi.h: fix kernel-doc warnings)
$ git merge -m Merge branch 'next' of https://git.kernel.org/pub/scm/linux/kernel/git/rw/ubifs.git ubifs/next
Auto-merging drivers/mtd/ubi/ubi.h
Merge made by the 'ort' strategy.
 drivers/mtd/ubi/ubi.h | 9 ++++++---
 1 file changed, 6 insertions(+), 3 deletions(-)
Merging v9fs/9p-next (aa88278693cbf 9p: Add missing read barrier in virtio zero-copy path)
$ git merge -m Merge branch '9p-next' of https://github.com/martinetd/linux v9fs/9p-next
Already up to date.
Merging v9fs-ericvh/ericvh/for-next (028ef9c96e961 Linux 7.0)
$ git merge -m Merge branch 'ericvh/for-next' of https://git.kernel.org/pub/scm/linux/kernel/git/ericvh/v9fs.git v9fs-ericvh/ericvh/for-next
Already up to date.
Merging xfs/for-next (804826eac53cf xfs: shut down the filesystem on a failed mount)
$ git merge -m Merge branch 'for-next' of https://git.kernel.org/pub/scm/fs/xfs/xfs-linux.git xfs/for-next
Already up to date.
Merging zonefs/for-next (3a8389d42bdf4 zonefs: handle integer overflow in zonefs_fname_to_fno)
$ git merge -m Merge branch 'for-next' of https://git.kernel.org/pub/scm/linux/kernel/git/dlemoal/zonefs.git zonefs/for-next
Already up to date.
Merging vfs-brauner/vfs.all (e7a6d06e3c3e8 Merge branch 'vfs-7.2.misc' into vfs.all)
$ git merge -m Merge branch 'vfs.all' of https://git.kernel.org/pub/scm/linux/kernel/git/vfs/vfs.git vfs-brauner/vfs.all
Auto-merging fs/fuse/dev.c
Auto-merging include/linux/skbuff.h
Auto-merging include/linux/syscalls.h
Merge made by the 'ort' strategy.
 fs/fuse/dev.c             |   1 -
 fs/read_write.c           |  23 ++++++
 fs/splice.c               | 202 ++--------------------------------------------
 include/linux/pipe_fs_i.h |   1 -
 include/linux/skbuff.h    |   4 +-
 include/linux/splice.h    |   4 +-
 include/linux/syscalls.h  |   4 +-
 7 files changed, 34 insertions(+), 205 deletions(-)
$ git am -3 ../patches/0001-ksmbd-Fix-removal-of-type-parameter-from-vfs_path_pa.patch
Applying: ksmbd: Fix removal of type parameter from vfs_path_parent_lookup()
Using index info to reconstruct a base tree...
M	fs/smb/server/vfs.c
Falling back to patching base and 3-way merge...
Auto-merging fs/smb/server/vfs.c
No changes -- Patch already applied.
Merging vfs/for-next (4dda01b67c866 Merge branches 'work.dcache', 'work.dcache-d_add' and 'work.configfs' into for-next)
$ git merge -m Merge branch 'for-next' of https://git.kernel.org/pub/scm/linux/kernel/git/viro/vfs.git vfs/for-next
Merge made by the 'ort' strategy.
Merging mm-hotfixes/mm-hotfixes-unstable (322308ee1f7cf mm/damon/sysfs-schemes: put stats for scheme_add_dirs() internal error)
$ git merge -m Merge branch 'mm-hotfixes-unstable' of https://git.kernel.org/pub/scm/linux/kernel/git/akpm/mm mm-hotfixes/mm-hotfixes-unstable
Auto-merging drivers/dax/bus.c
Auto-merging mm/damon/sysfs-schemes.c
Auto-merging mm/shrinker.c
Merge made by the 'ort' strategy.
 arch/x86/kernel/sys_x86_64.c                    | 14 ++++++++++++--
 drivers/dax/bus.c                               |  7 +++----
 include/trace/events/memory-failure.h           |  6 +++++-
 mm/damon/sysfs-schemes.c                        | 17 +++++++----------
 mm/shrinker.c                                   | 13 +++++++++++--
 mm/shrinker_debug.c                             | 10 ++++++----
 tools/testing/selftests/mm/ksft_process_madv.sh |  2 +-
 7 files changed, 45 insertions(+), 24 deletions(-)
Merging fs-current (14602a8011743 Merge branch 'fixes' of https://git.kernel.org/pub/scm/linux/kernel/git/viro/vfs.git)
$ git merge -m Merge branch 'fs-current' of linux-next fs-current
Merge made by the 'ort' strategy.
Merging kbuild-current/kbuild-fixes-for-next (8cd9520d35a6c Linux 7.1)
$ git merge -m Merge branch 'kbuild-fixes-for-next' of https://git.kernel.org/pub/scm/linux/kernel/git/kbuild/linux.git kbuild-current/kbuild-fixes-for-next
Already up to date.
Merging clang-fixes/clang-fixes-for-next (175db11786bde Disable -Wattribute-alias for clang-23 and newer)
$ git merge -m Merge branch 'clang-fixes-for-next' of https://git.kernel.org/pub/scm/linux/kernel/git/nathan/linux.git clang-fixes/clang-fixes-for-next
Already up to date.
Merging arc-current/for-curr (7aaa8047eafd0 Linux 7.0-rc6)
$ git merge -m Merge branch 'for-curr' of https://git.kernel.org/pub/scm/linux/kernel/git/vgupta/arc.git arc-current/for-curr
Already up to date.
Merging arm-current/fixes (009b6c6486b94 ARM: 9476/1: mm: fix kexec and hibernation with CONFIG_CPU_TTBR0_PAN)
$ git merge -m Merge branch 'fixes' of https://git.kernel.org/pub/scm/linux/kernel/git/rmk/linux.git arm-current/fixes
Already up to date.
Merging arm64-fixes/for-next/fixes (c2ff4764e03e7 arm64: tlb: Flush walk cache when unsharing PMD tables)
$ git merge -m Merge branch 'for-next/fixes' of https://git.kernel.org/pub/scm/linux/kernel/git/arm64/linux arm64-fixes/for-next/fixes
Already up to date.
Merging arm-soc-fixes/arm/fixes (9c648f3554920 Merge tag 'v7.1-rockchip-arm32fixe' of https://git.kernel.org/pub/scm/linux/kernel/git/mmind/linux-rockchip into arm/fixes)
$ git merge -m Merge branch 'arm/fixes' of https://git.kernel.org/pub/scm/linux/kernel/git/soc/soc.git arm-soc-fixes/arm/fixes
Already up to date.
Merging davinci-current/davinci/for-current (254f49634ee16 Linux 7.1-rc1)
$ git merge -m Merge branch 'davinci/for-current' of https://git.kernel.org/pub/scm/linux/kernel/git/brgl/linux.git davinci-current/davinci/for-current
Already up to date.
Merging drivers-memory-fixes/fixes (254f49634ee16 Linux 7.1-rc1)
$ git merge -m Merge branch 'fixes' of https://git.kernel.org/pub/scm/linux/kernel/git/krzk/linux-mem-ctrl.git drivers-memory-fixes/fixes
Already up to date.
Merging sophgo-fixes/fixes (19272b37aa4f8 Linux 6.16-rc1)
$ git merge -m Merge branch 'fixes' of https://github.com/sophgo/linux.git sophgo-fixes/fixes
Already up to date.
Merging sophgo-soc-fixes/soc-fixes (0af2f6be1b428 Linux 6.15-rc1)
$ git merge -m Merge branch 'soc-fixes' of https://github.com/sophgo/linux.git sophgo-soc-fixes/soc-fixes
Already up to date.
Merging m68k-current/for-linus (cb39cf99d88e8 m68k: sun3: Replace vsprintf() with bounded vsnprintf())
$ git merge -m Merge branch 'for-linus' of https://git.kernel.org/pub/scm/linux/kernel/git/geert/linux-m68k.git m68k-current/for-linus
Already up to date.
Merging powerpc-fixes/fixes (5200f5f493f79 Linux 7.1-rc4)
$ git merge -m Merge branch 'fixes' of https://git.kernel.org/pub/scm/linux/kernel/git/powerpc/linux.git powerpc-fixes/fixes
Already up to date.
Merging s390-fixes/fixes (25a01b5155d20 Merge tag 's390-7.2-1' of gitolite.kernel.org:pub/scm/linux/kernel/git/s390/linux)
$ git merge -m Merge branch 'fixes' of https://git.kernel.org/pub/scm/linux/kernel/git/s390/linux.git s390-fixes/fixes
Already up to date.
Merging net/main (d07d80b6a129a dpaa2-switch: do not accept VLAN uppers while bridged)
$ git merge -m Merge branch 'main' of https://git.kernel.org/pub/scm/linux/kernel/git/netdev/net.git net/main
Merge made by the 'ort' strategy.
 drivers/net/ethernet/airoha/airoha_eth.c           |  2 +-
 drivers/net/ethernet/airoha/airoha_ppe.c           |  3 +-
 drivers/net/ethernet/amazon/ena/ena_netdev.c       | 23 ++++++-
 drivers/net/ethernet/cadence/macb_main.c           |  8 +++
 .../net/ethernet/freescale/dpaa2/dpaa2-switch.c    | 10 ++-
 drivers/net/ethernet/google/gve/gve_rx_dqo.c       | 28 +++++---
 drivers/net/ethernet/ibm/ehea/ehea_main.c          |  2 +
 drivers/net/ethernet/ibm/emac/core.c               | 13 ++--
 .../net/ethernet/marvell/octeontx2/af/cn20k/npc.c  |  9 ++-
 drivers/net/ethernet/marvell/octeontx2/af/mcs.c    |  6 +-
 .../net/ethernet/marvell/octeontx2/af/rvu_cn10k.c  |  9 +++
 .../ethernet/marvell/octeontx2/af/rvu_debugfs.c    |  3 +-
 .../net/ethernet/marvell/octeontx2/af/rvu_npc_fs.c |  2 +-
 .../ethernet/marvell/octeontx2/nic/cn10k_macsec.c  | 10 ++-
 .../net/ethernet/marvell/octeontx2/nic/otx2_pf.c   |  1 +
 .../net/ethernet/marvell/prestera/prestera_main.c  |  2 +-
 drivers/net/ethernet/mediatek/mtk_eth_soc.c        | 10 +--
 drivers/net/ethernet/mediatek/mtk_ppe.c            |  4 +-
 .../net/ethernet/mellanox/mlx5/core/mlx5_core.h    |  1 -
 drivers/net/ethernet/mellanox/mlx5/core/port.c     | 19 ------
 drivers/net/ethernet/meta/fbnic/fbnic_netdev.c     |  7 +-
 drivers/net/ethernet/meta/fbnic/fbnic_pci.c        |  4 ++
 drivers/net/ethernet/meta/fbnic/fbnic_rpc.c        |  2 +
 .../net/ethernet/oki-semi/pch_gbe/pch_gbe_main.c   | 38 ++++++++---
 drivers/net/ethernet/wangxun/ngbe/ngbe_main.c      |  1 -
 drivers/net/ethernet/wangxun/txgbe/txgbe_main.c    |  1 -
 drivers/net/ieee802154/ca8210.c                    |  9 ++-
 drivers/net/netconsole.c                           | 12 ++--
 drivers/net/pse-pd/pd692x0.c                       |  2 +-
 drivers/net/thunderbolt/main.c                     |  8 ++-
 drivers/net/virtio_net.c                           |  9 ++-
 include/net/dst_metadata.h                         |  7 +-
 include/net/rtnetlink.h                            |  2 +
 include/net/sctp/sctp.h                            |  3 +-
 net/batman-adv/bat_iv_ogm.c                        | 11 +++-
 net/batman-adv/bat_v.c                             |  1 +
 net/batman-adv/bat_v_ogm.c                         | 23 ++++++-
 net/batman-adv/distributed-arp-table.c             | 12 +++-
 net/batman-adv/fragmentation.c                     | 22 ++++++-
 net/batman-adv/fragmentation.h                     |  3 +-
 net/batman-adv/hard-interface.c                    | 28 +-------
 net/batman-adv/routing.c                           | 73 +++++++++++++++++++--
 net/batman-adv/tp_meter.c                          | 74 ++++++++++++++--------
 net/batman-adv/translation-table.c                 | 12 +++-
 net/batman-adv/tvlv.c                              | 69 ++++++++++++++++++--
 net/batman-adv/types.h                             | 21 +++---
 net/core/flow_dissector.c                          | 12 +++-
 net/core/netdev-genl.c                             |  4 +-
 net/core/rtnetlink.c                               |  8 +++
 net/devlink/rate.c                                 | 25 ++++----
 net/ieee802154/core.c                              | 49 ++++++++------
 net/ieee802154/header_ops.c                        |  9 ++-
 net/ieee802154/ieee802154.h                        | 17 +++++
 net/ieee802154/netlink.c                           | 36 +++++------
 net/ipv4/ip_gre.c                                  |  6 ++
 net/ipv4/ip_output.c                               |  7 +-
 net/ipv4/ip_vti.c                                  |  3 +
 net/ipv4/ipip.c                                    |  3 +
 net/ipv4/sysctl_net_ipv4.c                         | 10 ++-
 net/ipv4/tcp_output.c                              |  4 +-
 net/ipv6/ioam6_iptunnel.c                          |  8 +--
 net/ipv6/ip6_gre.c                                 |  6 ++
 net/ipv6/ip6_output.c                              |  9 +--
 net/ipv6/ip6_tunnel.c                              |  3 +
 net/ipv6/ip6_vti.c                                 |  3 +
 net/ipv6/ndisc.c                                   |  8 +--
 net/ipv6/sit.c                                     |  3 +
 net/llc/sysctl_net_llc.c                           |  2 +-
 net/mac802154/llsec.c                              | 14 ++++
 net/mac802154/scan.c                               |  1 +
 net/psample/psample.c                              |  6 +-
 net/rds/send.c                                     |  2 +
 net/sched/act_ct.c                                 | 13 ++--
 net/sched/sch_dualpi2.c                            | 11 ++--
 net/sctp/diag.c                                    | 67 ++++++++++----------
 net/sctp/socket.c                                  | 29 +++++++--
 net/tipc/core.c                                    |  5 ++
 net/tipc/crypto.c                                  |  9 +++
 net/tipc/discover.c                                | 14 +++-
 net/xfrm/xfrm_interface_core.c                     |  3 +
 tools/testing/selftests/net/broadcast_ether_dst.sh |  2 +-
 tools/testing/selftests/net/vlan_bridge_binding.sh |  2 +-
 .../selftests/tc-testing/tc-tests/actions/ct.json  | 38 +++++++++++
 .../tc-testing/tc-tests/qdiscs/dualpi2.json        | 44 +++++++++++++
 tools/testing/selftests/tc-testing/tdc_gso.py      | 43 +++++++++++++
 85 files changed, 849 insertions(+), 308 deletions(-)
 create mode 100755 tools/testing/selftests/tc-testing/tdc_gso.py
Merging bpf/master (3d8e6fef15db0 Merge branch 'fix-effective-prog-array-indexing-with-bpf_f_preorder')
$ git merge -m Merge branch 'master' of https://git.kernel.org/pub/scm/linux/kernel/git/bpf/bpf.git/ bpf/master
Merge made by the 'ort' strategy.
 kernel/bpf/btf.c                                   | 209 ++++++++++++---------
 kernel/bpf/cgroup.c                                | 108 ++++++-----
 kernel/bpf/stackmap.c                              | 183 ++++++++++++------
 kernel/bpf/syscall.c                               |   2 +-
 kernel/bpf/verifier.c                              |   7 +-
 kernel/trace/bpf_trace.c                           |  11 +-
 net/bpf/test_run.c                                 |   8 +-
 net/core/filter.c                                  |   4 +-
 tools/bpf/bpftool/cgroup.c                         |  14 +-
 tools/testing/selftests/bpf/prog_tests/btf.c       |  12 +-
 .../selftests/bpf/prog_tests/cgroup_preorder.c     |  77 ++++++++
 .../testing/selftests/bpf/progs/verifier_unpriv.c  |  22 +++
 12 files changed, 446 insertions(+), 211 deletions(-)
Merging ipsec/master (40f0b10479185 xfrm: validate selector family and prefixlen during match)
$ git merge -m Merge branch 'master' of https://git.kernel.org/pub/scm/linux/kernel/git/klassert/ipsec.git ipsec/master
Auto-merging include/net/xfrm.h
Auto-merging net/key/af_key.c
Auto-merging net/xfrm/xfrm_policy.c
Auto-merging net/xfrm/xfrm_state.c
Auto-merging net/xfrm/xfrm_user.c
Merge made by the 'ort' strategy.
 include/net/xfrm.h     | 15 +++++++++++----
 net/ipv4/xfrm4_input.c |  2 --
 net/ipv6/xfrm6_input.c |  2 --
 net/key/af_key.c       |  1 +
 net/xfrm/espintcp.c    | 34 +++++++---------------------------
 net/xfrm/xfrm_input.c  | 29 ++++++++++++++++-------------
 net/xfrm/xfrm_policy.c | 27 +++++++++++++++------------
 net/xfrm/xfrm_state.c  | 23 +++++++++++++++--------
 net/xfrm/xfrm_user.c   | 20 ++++++++++----------
 9 files changed, 75 insertions(+), 78 deletions(-)
Merging netfilter/main (7d8297e26b4e2 sctp: hold socket lock when dumping endpoints in sctp_diag)
$ git merge -m Merge branch 'main' of https://git.kernel.org/pub/scm/linux/kernel/git/netfilter/nf.git netfilter/main
Already up to date.
Merging ipvs/main (7d8297e26b4e2 sctp: hold socket lock when dumping endpoints in sctp_diag)
$ git merge -m Merge branch 'main' of https://git.kernel.org/pub/scm/linux/kernel/git/horms/ipvs.git ipvs/main
Already up to date.
Merging wireless/for-next (ddd664bbff63e Merge tag 'net-7.1-rc7' of git://git.kernel.org/pub/scm/linux/kernel/git/netdev/net)
$ git merge -m Merge branch 'for-next' of https://git.kernel.org/pub/scm/linux/kernel/git/wireless/wireless.git wireless/for-next
Already up to date.
Merging ath/for-current (ddd664bbff63e Merge tag 'net-7.1-rc7' of git://git.kernel.org/pub/scm/linux/kernel/git/netdev/net)
$ git merge -m Merge branch 'for-current' of https://git.kernel.org/pub/scm/linux/kernel/git/ath/ath.git ath/for-current
Already up to date.
Merging iwlwifi/fixes (093305d801fae wifi: iwlwifi: pcie: simplify the resume flow if fast resume is not used)
$ git merge -m Merge branch 'fixes' of https://git.kernel.org/pub/scm/linux/kernel/git/iwlwifi/iwlwifi-next.git iwlwifi/fixes
Already up to date.
Merging wpan/master (8ce4f287524c7 net: libwx: fix firmware mailbox abnormal return)
$ git merge -m Merge branch 'master' of https://git.kernel.org/pub/scm/linux/kernel/git/wpan/wpan.git wpan/master
Already up to date.
Merging rdma-fixes/for-rc (13e91fd076306 RDMA/srp: bound SRP_RSP sense copy by the received length)
$ git merge -m Merge branch 'for-rc' of https://git.kernel.org/pub/scm/linux/kernel/git/rdma/rdma.git rdma-fixes/for-rc
Already up to date.
Merging sound-current/for-linus (f56521ab6f76f ALSA: hda/realtek: Enable mute LED on HP EliteBook 840 G6)
$ git merge -m Merge branch 'for-linus' of https://git.kernel.org/pub/scm/linux/kernel/git/tiwai/sound.git sound-current/for-linus
Merge made by the 'ort' strategy.
 sound/core/compress_offload.c     | 13 +++++++++----
 sound/core/pcm_lib.c              |  2 +-
 sound/hda/codecs/conexant.c       | 12 ++++++++++++
 sound/hda/codecs/realtek/alc269.c |  2 ++
 sound/pci/emu10k1/emupcm.c        | 18 ++++++++++--------
 sound/sh/aica.c                   |  8 ++++----
 sound/usb/caiaq/input.c           | 12 +++++++++++-
 sound/usb/midi2.c                 |  5 +++++
 sound/usb/qcom/qc_audio_offload.c | 14 +++++++++++++-
 sound/usb/quirks-table.h          | 14 ++++++++++++++
 sound/usb/quirks.c                |  2 ++
 11 files changed, 83 insertions(+), 19 deletions(-)
Merging sound-asoc-fixes/for-linus (5531da1a881ca Merge remote-tracking branch 'asoc/for-7.1' into asoc-linus)
$ git merge -m Merge branch 'for-linus' of https://git.kernel.org/pub/scm/linux/kernel/git/broonie/sound.git sound-asoc-fixes/for-linus
Merge made by the 'ort' strategy.
 sound/soc/codecs/rt5645.c             |   6 +-
 sound/soc/codecs/rt5645.h             |   1 +
 sound/soc/codecs/tlv320aic3x.c        |  25 +++-
 sound/soc/generic/audio-graph-card2.c |  12 --
 sound/soc/qcom/qdsp6/q6apm.c          |   8 +
 sound/soc/rockchip/rockchip_sai.c     | 274 +++++++++++++++++-----------------
 6 files changed, 169 insertions(+), 157 deletions(-)
Merging regmap-fixes/for-linus (9df54deb2b174 Merge remote-tracking branch 'regmap/for-7.1' into regmap-linus)
$ git merge -m Merge branch 'for-linus' of https://git.kernel.org/pub/scm/linux/kernel/git/broonie/regmap.git regmap-fixes/for-linus
Merge made by the 'ort' strategy.
 drivers/base/regmap/regcache.c | 2 +-
 1 file changed, 1 insertion(+), 1 deletion(-)
Merging regulator-fixes/for-linus (29d87434cb91b regulator: mt6363: select CONFIG_IRQ_DOMAIN)
$ git merge -m Merge branch 'for-linus' of https://git.kernel.org/pub/scm/linux/kernel/git/broonie/regulator.git regulator-fixes/for-linus
Already up to date.
Merging spi-fixes/for-linus (377d61100db51 Merge remote-tracking branch 'spi/for-7.1' into spi-linus)
$ git merge -m Merge branch 'for-linus' of https://git.kernel.org/pub/scm/linux/kernel/git/broonie/spi.git spi-fixes/for-linus
Auto-merging drivers/spi/spi.c
Merge made by the 'ort' strategy.
 drivers/spi/spi-dw.h       |  1 +
 drivers/spi/spi-rpc-if.c   |  6 +++++-
 drivers/spi/spi-uniphier.c |  4 ++--
 drivers/spi/spi.c          | 10 +++++++---
 4 files changed, 15 insertions(+), 6 deletions(-)
Merging pci-current/for-linus (d898796a8e7ed MAINTAINERS: Add Frank Li as PCI endpoint reviewer)
$ git merge -m Merge branch 'for-linus' of https://git.kernel.org/pub/scm/linux/kernel/git/pci/pci.git pci-current/for-linus
Already up to date.
Merging driver-core.current/driver-core-linus (ef0c9f75a1953 lib: Add stale 'raid6' directory to .gitignore file)
$ git merge -m Merge branch 'driver-core-linus' of https://git.kernel.org/pub/scm/linux/kernel/git/driver-core/driver-core.git driver-core.current/driver-core-linus
Already up to date.
Merging tty.current/tty-linus (e43ffb69e0438 Linux 7.1-rc6)
$ git merge -m Merge branch 'tty-linus' of https://git.kernel.org/pub/scm/linux/kernel/git/gregkh/tty.git tty.current/tty-linus
Already up to date.
Merging usb.current/usb-linus (e47832c73b83e Merge tag 'usb-serial-7.1-rc8' of ssh://gitolite.kernel.org/pub/scm/linux/kernel/git/johan/usb-serial into usb-linus)
$ git merge -m Merge branch 'usb-linus' of https://git.kernel.org/pub/scm/linux/kernel/git/gregkh/usb.git usb.current/usb-linus
Already up to date.
Merging usb-serial-fixes/usb-linus (96d47e40bf9db USB: serial: kl5kusb105: fix bulk-out buffer overflow)
$ git merge -m Merge branch 'usb-linus' of https://git.kernel.org/pub/scm/linux/kernel/git/johan/usb-serial.git usb-serial-fixes/usb-linus
Already up to date.
Merging phy/fixes (e7ae89a0c97ce Linux 7.1-rc5)
$ git merge -m Merge branch 'fixes' of https://git.kernel.org/pub/scm/linux/kernel/git/phy/linux-phy.git phy/fixes
Already up to date.
Merging staging.current/staging-linus (88e994c57a79f staging: rtl8723bs: rtw_mlme: add bounds checks before ie_length subtraction)
$ git merge -m Merge branch 'staging-linus' of https://git.kernel.org/pub/scm/linux/kernel/git/gregkh/staging.git staging.current/staging-linus
Already up to date.
Merging iio-fixes/fixes-togreg (09c93791a1e16 iio: imu: bmi160: add IRQF_NO_THREAD to data-ready trigger IRQ)
$ git merge -m Merge branch 'fixes-togreg' of https://git.kernel.org/pub/scm/linux/kernel/git/jic23/iio.git iio-fixes/fixes-togreg
Auto-merging drivers/iio/pressure/bmp280-core.c
Merge made by the 'ort' strategy.
 drivers/hid/hid-sensor-hub.c                  | 77 ++++++++++++++++++++++++---
 drivers/iio/accel/bmc150-accel-core.c         |  2 +
 drivers/iio/accel/kxsd9.c                     |  5 +-
 drivers/iio/adc/Kconfig                       |  3 ++
 drivers/iio/adc/ad_sigma_delta.c              | 39 ++++++++++++--
 drivers/iio/adc/lpc32xx_adc.c                 |  4 +-
 drivers/iio/adc/qcom-spmi-iadc.c              | 18 +++++--
 drivers/iio/adc/spear_adc.c                   |  3 +-
 drivers/iio/adc/ti-ads1119.c                  |  6 ++-
 drivers/iio/adc/ti-ads1298.c                  |  7 ++-
 drivers/iio/buffer/industrialio-hw-consumer.c |  2 +
 drivers/iio/chemical/scd30_core.c             | 19 +++++--
 drivers/iio/dac/ad3552r-hs.c                  |  2 +-
 drivers/iio/dac/mcp47feb02.c                  | 37 +++++++------
 drivers/iio/gyro/bmg160_core.c                | 16 +++++-
 drivers/iio/imu/adis_trigger.c                |  2 +-
 drivers/iio/imu/bmi160/bmi160_core.c          |  3 +-
 drivers/iio/industrialio-backend.c            |  2 +-
 drivers/iio/industrialio-core.c               |  2 +-
 drivers/iio/light/acpi-als.c                  |  6 ++-
 drivers/iio/light/al3010.c                    |  8 +--
 drivers/iio/light/al3320a.c                   |  8 +--
 drivers/iio/light/gp2ap002.c                  |  2 +-
 drivers/iio/light/opt3001.c                   |  6 ++-
 drivers/iio/light/veml6030.c                  |  8 +--
 drivers/iio/light/veml6075.c                  |  8 ++-
 drivers/iio/orientation/hid-sensor-rotation.c | 40 +++++++++++++-
 drivers/iio/pressure/bmp280-core.c            |  2 +-
 drivers/iio/pressure/mpl115.c                 |  4 +-
 drivers/iio/proximity/vl53l0x-i2c.c           |  7 ++-
 drivers/iio/resolver/ad2s1210.c               |  2 +-
 drivers/iio/temperature/tmp006.c              |  2 +-
 include/linux/hid-sensor-hub.h                | 25 +++++++++
 33 files changed, 303 insertions(+), 74 deletions(-)
Merging watchdog-fixes/watchdog (367937951ffca watchdog: ni903x_wdt: Check ACPI_COMPANION() against NULL)
$ git merge -m Merge branch 'watchdog' of https://git.kernel.org/pub/scm/linux/kernel/git/groeck/linux-staging.git watchdog-fixes/watchdog
Merge made by the 'ort' strategy.
 drivers/watchdog/ni903x_wdt.c | 7 ++++++-
 drivers/watchdog/s32g_wdt.c   | 3 +--
 2 files changed, 7 insertions(+), 3 deletions(-)
Merging counter-current/counter-current (d9eeb0ea0d2de counter: Fix refcount leak in counter_alloc() error path)
$ git merge -m Merge branch 'counter-current' of https://git.kernel.org/pub/scm/linux/kernel/git/wbg/counter.git counter-current/counter-current
Already up to date.
Merging char-misc.current/char-misc-linus (07ebe87915d8a misc: fastrpc: fix use-after-free race in fastrpc_map_create)
$ git merge -m Merge branch 'char-misc-linus' of https://git.kernel.org/pub/scm/linux/kernel/git/gregkh/char-misc.git char-misc.current/char-misc-linus
Already up to date.
Merging soundwire-fixes/fixes (254f49634ee16 Linux 7.1-rc1)
$ git merge -m Merge branch 'fixes' of https://git.kernel.org/pub/scm/linux/kernel/git/vkoul/soundwire.git soundwire-fixes/fixes
Already up to date.
Merging thunderbolt-fixes/fixes (8cd9520d35a6c Linux 7.1)
$ git merge -m Merge branch 'fixes' of https://git.kernel.org/pub/scm/linux/kernel/git/westeri/thunderbolt.git thunderbolt-fixes/fixes
Already up to date.
Merging input-current/for-linus (fb402386af4cd Input: atkbd - skip deactivate for HONOR BCC-N's internal keyboard)
$ git merge -m Merge branch 'for-linus' of https://git.kernel.org/pub/scm/linux/kernel/git/dtor/input.git input-current/for-linus
Already up to date.
Merging crypto-current/master (6ea0ce3a19f9c crypto: tegra - fix refcount leak in tegra_se_host1x_submit())
$ git merge -m Merge branch 'master' of https://git.kernel.org/pub/scm/linux/kernel/git/herbert/crypto-2.6.git crypto-current/master
Already up to date.
Merging libcrypto-fixes/libcrypto-fixes (254f49634ee16 Linux 7.1-rc1)
$ git merge -m Merge branch 'libcrypto-fixes' of https://git.kernel.org/pub/scm/linux/kernel/git/ebiggers/linux.git libcrypto-fixes/libcrypto-fixes
Already up to date.
Merging vfio-fixes/for-linus (702809dabdecc vfio/pci: Check BAR resources before exporting a DMABUF)
$ git merge -m Merge branch 'for-linus' of https://github.com/awilliam/linux-vfio.git vfio-fixes/for-linus
Already up to date.
Merging kselftest-fixes/fixes (465b05bae5ac5 selftests: harness: Restore order of test functions)
$ git merge -m Merge branch 'fixes' of https://git.kernel.org/pub/scm/linux/kernel/git/shuah/linux-kselftest.git kselftest-fixes/fixes
Already up to date.
Merging dmaengine-fixes/fixes (254f49634ee16 Linux 7.1-rc1)
$ git merge -m Merge branch 'fixes' of https://git.kernel.org/pub/scm/linux/kernel/git/vkoul/dmaengine.git dmaengine-fixes/fixes
Already up to date.
Merging backlight-fixes/for-backlight-fixes (8f0b4cce4481f Linux 6.19-rc1)
$ git merge -m Merge branch 'for-backlight-fixes' of https://git.kernel.org/pub/scm/linux/kernel/git/lee/backlight.git backlight-fixes/for-backlight-fixes
Already up to date.
Merging mtd-fixes/mtd/fixes (135ac3b84bced mtd: spinand: winbond: Fix ODTR write VCR on W35NxxJW)
$ git merge -m Merge branch 'mtd/fixes' of https://git.kernel.org/pub/scm/linux/kernel/git/mtd/linux.git mtd-fixes/mtd/fixes
Already up to date.
Merging mfd-fixes/for-mfd-fixes (aa6e63373d91f mfd: ls2kbmc: Use PCI API instead of direct accesses)
$ git merge -m Merge branch 'for-mfd-fixes' of https://git.kernel.org/pub/scm/linux/kernel/git/lee/mfd.git mfd-fixes/for-mfd-fixes
Merge made by the 'ort' strategy.
Merging v4l-dvb-fixes/fixes (171022c7d594c media: rc: igorplugusb: fix control request setup packet)
$ git merge -m Merge branch 'fixes' of git://linuxtv.org/media-ci/media-pending.git v4l-dvb-fixes/fixes
Already up to date.
Merging reset-fixes/reset/fixes (9797524ef2b69 reset: amlogic: t7: Fix null reset ops)
$ git merge -m Merge branch 'reset/fixes' of https://git.pengutronix.de/git/pza/linux reset-fixes/reset/fixes
Already up to date.
Merging mips-fixes/mips-fixes (e7ae89a0c97ce Linux 7.1-rc5)
$ git merge -m Merge branch 'mips-fixes' of https://git.kernel.org/pub/scm/linux/kernel/git/mips/linux.git mips-fixes/mips-fixes
Already up to date.
Merging at91-fixes/at91-fixes (765aaba18413a ARM: dts: microchip: sam9x7: fix GMAC clock configuration)
$ git merge -m Merge branch 'at91-fixes' of https://git.kernel.org/pub/scm/linux/kernel/git/at91/linux.git at91-fixes/at91-fixes
Already up to date.
Merging omap-fixes/fixes (254f49634ee16 Linux 7.1-rc1)
$ git merge -m Merge branch 'fixes' of https://git.kernel.org/pub/scm/linux/kernel/git/khilman/linux-omap.git omap-fixes/fixes
Already up to date.
Merging kvm-fixes/master (7ec0360122d8f Merge tag 'kvmarm-fixes-7.1-5' of git://git.kernel.org/pub/scm/linux/kernel/git/kvmarm/kvmarm into HEAD)
$ git merge -m Merge branch 'master' of git://git.kernel.org/pub/scm/virt/kvm/kvm.git kvm-fixes/master
Already up to date.
Merging kvms390-fixes/master (abeb7eb57f167 KVM: s390: vsie: Use mmu cache to allocate rmap)
$ git merge -m Merge branch 'master' of https://git.kernel.org/pub/scm/linux/kernel/git/kvms390/linux.git kvms390-fixes/master
Already up to date.
Merging kvm-arm-fixes/fixes (fcda30b134d26 KVM: arm64: Add Fuad Tabba as a reviewer)
$ git merge -m Merge branch 'fixes' of https://git.kernel.org/pub/scm/linux/kernel/git/kvmarm/kvmarm.git kvm-arm-fixes/fixes
Auto-merging MAINTAINERS
Auto-merging arch/arm64/kvm/hyp/include/hyp/switch.h
Merge made by the 'ort' strategy.
 MAINTAINERS                             |  1 +
 arch/arm64/kvm/emulate-nested.c         | 37 ++++++++++++++++++++++++---------
 arch/arm64/kvm/hyp/include/hyp/switch.h | 11 +++++-----
 arch/arm64/kvm/hyp/nvhe/sys_regs.c      |  1 +
 arch/arm64/kvm/vgic/vgic.c              | 20 ++++++++++++------
 5 files changed, 49 insertions(+), 21 deletions(-)
Merging hwmon-fixes/hwmon (e7ae89a0c97ce Linux 7.1-rc5)
$ git merge -m Merge branch 'hwmon' of https://git.kernel.org/pub/scm/linux/kernel/git/groeck/linux-staging.git hwmon-fixes/hwmon
Already up to date.
Merging nvdimm-fixes/libnvdimm-fixes (a8aec14230322 nvdimm/bus: Fix potential use after free in asynchronous initialization)
$ git merge -m Merge branch 'libnvdimm-fixes' of https://git.kernel.org/pub/scm/linux/kernel/git/nvdimm/nvdimm.git nvdimm-fixes/libnvdimm-fixes
Already up to date.
Merging cxl-fixes/fixes (d90f236f8b9e3 cxl/test: Update mock dev array before calling platform_device_add())
$ git merge -m Merge branch 'fixes' of https://git.kernel.org/pub/scm/linux/kernel/git/cxl/cxl.git cxl-fixes/fixes
Already up to date.
Merging dma-mapping-fixes/dma-mapping-fixes (8cd9520d35a6c Linux 7.1)
$ git merge -m Merge branch 'dma-mapping-fixes' of https://git.kernel.org/pub/scm/linux/kernel/git/mszyprowski/linux.git dma-mapping-fixes/dma-mapping-fixes
Already up to date.
Merging drivers-x86-fixes/fixes (654ddf855bebd platform/x86: bitland-mifs-wmi: add CONFIG_LEDS_CLASS dependency)
$ git merge -m Merge branch 'fixes' of https://git.kernel.org/pub/scm/linux/kernel/git/pdx86/platform-drivers-x86.git drivers-x86-fixes/fixes
Already up to date.
Merging samsung-krzk-fixes/fixes (7fe40c32a3390 firmware: samsung: acpm: Fix infinite loop on sequence number exhaustion)
$ git merge -m Merge branch 'fixes' of https://git.kernel.org/pub/scm/linux/kernel/git/krzk/linux.git samsung-krzk-fixes/fixes
Already up to date.
Merging pinctrl-samsung-fixes/fixes (254f49634ee16 Linux 7.1-rc1)
$ git merge -m Merge branch 'fixes' of https://git.kernel.org/pub/scm/linux/kernel/git/pinctrl/samsung.git pinctrl-samsung-fixes/fixes
Already up to date.
Merging devicetree-fixes/dt/linus (254f49634ee16 Linux 7.1-rc1)
$ git merge -m Merge branch 'dt/linus' of https://git.kernel.org/pub/scm/linux/kernel/git/robh/linux.git devicetree-fixes/dt/linus
Already up to date.
Merging dt-krzk-fixes/fixes (254f49634ee16 Linux 7.1-rc1)
$ git merge -m Merge branch 'fixes' of https://git.kernel.org/pub/scm/linux/kernel/git/krzk/linux-dt.git dt-krzk-fixes/fixes
Already up to date.
Merging scsi-fixes/fixes (5d5221f8a4064 scsi: devinfo: Broaden Promise VTrak E310/E610 identification)
$ git merge -m Merge branch 'fixes' of https://git.kernel.org/pub/scm/linux/kernel/git/mkp/scsi.git scsi-fixes/fixes
Already up to date.
Merging drm-fixes/drm-fixes (8cd9520d35a6c Linux 7.1)
$ git merge -m Merge branch 'drm-fixes' of https://gitlab.freedesktop.org/drm/kernel.git drm-fixes/drm-fixes
Already up to date.
Merging drm-intel-fixes/for-linux-next-fixes (8cd9520d35a6c Linux 7.1)
$ git merge -m Merge branch 'for-linux-next-fixes' of https://gitlab.freedesktop.org/drm/i915/kernel.git drm-intel-fixes/for-linux-next-fixes
Already up to date.
Merging mmc-fixes/fixes (f595e8e77a51e mmc: sdhci: add signal voltage switch in sdhci_resume_host)
$ git merge -m Merge branch 'fixes' of https://git.kernel.org/pub/scm/linux/kernel/git/ulfh/mmc.git mmc-fixes/fixes
Already up to date.
Merging rtc-fixes/rtc-fixes (254f49634ee16 Linux 7.1-rc1)
$ git merge -m Merge branch 'rtc-fixes' of https://git.kernel.org/pub/scm/linux/kernel/git/abelloni/linux.git rtc-fixes/rtc-fixes
Already up to date.
Merging gnss-fixes/gnss-linus (5d6919055dec1 Linux 7.1-rc3)
$ git merge -m Merge branch 'gnss-linus' of https://git.kernel.org/pub/scm/linux/kernel/git/johan/gnss.git gnss-fixes/gnss-linus
Already up to date.
Merging hyperv-fixes/hyperv-fixes (98e0fc32e53dd mshv: support 1G hugepages by passing them as 2M-aligned chunks)
$ git merge -m Merge branch 'hyperv-fixes' of https://git.kernel.org/pub/scm/linux/kernel/git/hyperv/linux.git hyperv-fixes/hyperv-fixes
Already up to date.
Merging risc-v-fixes/fixes (15b4155138505 riscv: cfi: reject unknown flags in PR_SET_CFI)
$ git merge -m Merge branch 'fixes' of https://git.kernel.org/pub/scm/linux/kernel/git/riscv/linux.git risc-v-fixes/fixes
Already up to date.
Merging riscv-dt-fixes/riscv-dt-fixes (0df8aa2b9aec5 riscv: dts: microchip: fix icicle i2c pinctrl configuration)
$ git merge -m Merge branch 'riscv-dt-fixes' of https://git.kernel.org/pub/scm/linux/kernel/git/conor/linux.git riscv-dt-fixes/riscv-dt-fixes
Already up to date.
Merging riscv-soc-fixes/riscv-soc-fixes (75ef233975589 soc: microchip: mpfs-sys-controller: fix resource leak on probe error)
$ git merge -m Merge branch 'riscv-soc-fixes' of https://git.kernel.org/pub/scm/linux/kernel/git/conor/linux.git riscv-soc-fixes/riscv-soc-fixes
Already up to date.
Merging fpga-fixes/fixes (19272b37aa4f8 Linux 6.16-rc1)
$ git merge -m Merge branch 'fixes' of https://git.kernel.org/pub/scm/linux/kernel/git/fpga/linux-fpga.git fpga-fixes/fixes
Already up to date.
Merging spdx/spdx-linus (880bae5f1269b scripts/sbom: add unit tests for SPDX-License-Identifier parsing)
$ git merge -m Merge branch 'spdx-linus' of https://git.kernel.org/pub/scm/linux/kernel/git/gregkh/spdx.git spdx/spdx-linus
Auto-merging .gitignore
Auto-merging MAINTAINERS
Auto-merging Makefile
Merge made by the 'ort' strategy.
 .gitignore                                         |   1 +
 Documentation/tools/index.rst                      |   1 +
 Documentation/tools/sbom/sbom.rst                  | 206 ++++++++
 MAINTAINERS                                        |   6 +
 Makefile                                           |  28 +-
 scripts/sbom/sbom.py                               | 135 ++++++
 scripts/sbom/sbom/__init__.py                      |   0
 scripts/sbom/sbom/cmd_graph/__init__.py            |   7 +
 scripts/sbom/sbom/cmd_graph/cmd_file.py            | 162 +++++++
 scripts/sbom/sbom/cmd_graph/cmd_graph.py           |  46 ++
 scripts/sbom/sbom/cmd_graph/cmd_graph_node.py      | 142 ++++++
 scripts/sbom/sbom/cmd_graph/deps_parser.py         |  52 +++
 .../sbom/sbom/cmd_graph/hardcoded_dependencies.py  |  87 ++++
 scripts/sbom/sbom/cmd_graph/incbin_parser.py       |  42 ++
 .../sbom/cmd_graph/savedcmd_parser/__init__.py     |   6 +
 .../savedcmd_parser/command_parser_registry.py     | 516 +++++++++++++++++++++
 .../cmd_graph/savedcmd_parser/command_splitter.py  | 128 +++++
 .../cmd_graph/savedcmd_parser/savedcmd_parser.py   |  67 +++
 .../sbom/cmd_graph/savedcmd_parser/tokenizer.py    |  92 ++++
 scripts/sbom/sbom/config.py                        | 320 +++++++++++++
 scripts/sbom/sbom/environment.py                   | 192 ++++++++
 scripts/sbom/sbom/path_utils.py                    |  22 +
 scripts/sbom/sbom/sbom_logging.py                  |  94 ++++
 scripts/sbom/sbom/spdx/__init__.py                 |   7 +
 scripts/sbom/sbom/spdx/build.py                    |  17 +
 scripts/sbom/sbom/spdx/core.py                     | 170 +++++++
 scripts/sbom/sbom/spdx/serialization.py            |  62 +++
 scripts/sbom/sbom/spdx/simplelicensing.py          |  20 +
 scripts/sbom/sbom/spdx/software.py                 |  69 +++
 scripts/sbom/sbom/spdx/spdxId.py                   |  36 ++
 scripts/sbom/sbom/spdx_graph/__init__.py           |   7 +
 scripts/sbom/sbom/spdx_graph/build_spdx_graphs.py  |  83 ++++
 scripts/sbom/sbom/spdx_graph/kernel_file.py        | 315 +++++++++++++
 .../sbom/sbom/spdx_graph/shared_spdx_elements.py   |  32 ++
 scripts/sbom/sbom/spdx_graph/spdx_build_graph.py   | 318 +++++++++++++
 scripts/sbom/sbom/spdx_graph/spdx_graph_model.py   |  36 ++
 scripts/sbom/sbom/spdx_graph/spdx_output_graph.py  | 187 ++++++++
 scripts/sbom/sbom/spdx_graph/spdx_source_graph.py  | 130 ++++++
 scripts/sbom/tests/__init__.py                     |   0
 scripts/sbom/tests/cmd_graph/__init__.py           |   0
 .../sbom/tests/cmd_graph/test_savedcmd_parser.py   | 443 ++++++++++++++++++
 scripts/sbom/tests/spdx_graph/__init__.py          |   0
 scripts/sbom/tests/spdx_graph/test_kernel_file.py  |  35 ++
 43 files changed, 4317 insertions(+), 2 deletions(-)
 create mode 100644 Documentation/tools/sbom/sbom.rst
 create mode 100644 scripts/sbom/sbom.py
 create mode 100644 scripts/sbom/sbom/__init__.py
 create mode 100644 scripts/sbom/sbom/cmd_graph/__init__.py
 create mode 100644 scripts/sbom/sbom/cmd_graph/cmd_file.py
 create mode 100644 scripts/sbom/sbom/cmd_graph/cmd_graph.py
 create mode 100644 scripts/sbom/sbom/cmd_graph/cmd_graph_node.py
 create mode 100644 scripts/sbom/sbom/cmd_graph/deps_parser.py
 create mode 100644 scripts/sbom/sbom/cmd_graph/hardcoded_dependencies.py
 create mode 100644 scripts/sbom/sbom/cmd_graph/incbin_parser.py
 create mode 100644 scripts/sbom/sbom/cmd_graph/savedcmd_parser/__init__.py
 create mode 100644 scripts/sbom/sbom/cmd_graph/savedcmd_parser/command_parser_registry.py
 create mode 100644 scripts/sbom/sbom/cmd_graph/savedcmd_parser/command_splitter.py
 create mode 100644 scripts/sbom/sbom/cmd_graph/savedcmd_parser/savedcmd_parser.py
 create mode 100644 scripts/sbom/sbom/cmd_graph/savedcmd_parser/tokenizer.py
 create mode 100644 scripts/sbom/sbom/config.py
 create mode 100644 scripts/sbom/sbom/environment.py
 create mode 100644 scripts/sbom/sbom/path_utils.py
 create mode 100644 scripts/sbom/sbom/sbom_logging.py
 create mode 100644 scripts/sbom/sbom/spdx/__init__.py
 create mode 100644 scripts/sbom/sbom/spdx/build.py
 create mode 100644 scripts/sbom/sbom/spdx/core.py
 create mode 100644 scripts/sbom/sbom/spdx/serialization.py
 create mode 100644 scripts/sbom/sbom/spdx/simplelicensing.py
 create mode 100644 scripts/sbom/sbom/spdx/software.py
 create mode 100644 scripts/sbom/sbom/spdx/spdxId.py
 create mode 100644 scripts/sbom/sbom/spdx_graph/__init__.py
 create mode 100644 scripts/sbom/sbom/spdx_graph/build_spdx_graphs.py
 create mode 100644 scripts/sbom/sbom/spdx_graph/kernel_file.py
 create mode 100644 scripts/sbom/sbom/spdx_graph/shared_spdx_elements.py
 create mode 100644 scripts/sbom/sbom/spdx_graph/spdx_build_graph.py
 create mode 100644 scripts/sbom/sbom/spdx_graph/spdx_graph_model.py
 create mode 100644 scripts/sbom/sbom/spdx_graph/spdx_output_graph.py
 create mode 100644 scripts/sbom/sbom/spdx_graph/spdx_source_graph.py
 create mode 100644 scripts/sbom/tests/__init__.py
 create mode 100644 scripts/sbom/tests/cmd_graph/__init__.py
 create mode 100644 scripts/sbom/tests/cmd_graph/test_savedcmd_parser.py
 create mode 100644 scripts/sbom/tests/spdx_graph/__init__.py
 create mode 100644 scripts/sbom/tests/spdx_graph/test_kernel_file.py
Merging gpio-brgl-fixes/gpio/for-current (9068c631d5af2 gpio: tb10x: fix struct tb10x_gpio kernel-doc)
$ git merge -m Merge branch 'gpio/for-current' of https://git.kernel.org/pub/scm/linux/kernel/git/brgl/linux.git gpio-brgl-fixes/gpio/for-current
Merge made by the 'ort' strategy.
 arch/x86/Kconfig                       | 10 +++---
 arch/x86/platform/geode/geode-common.c | 12 +++----
 drivers/gpio/gpio-eic-sprd.c           |  8 ++---
 drivers/gpio/gpio-mlxbf3.c             |  3 +-
 drivers/gpio/gpio-pisosr.c             |  4 ++-
 drivers/gpio/gpio-sch.c                | 32 +++++++++----------
 drivers/gpio/gpio-tb10x.c              |  1 +
 drivers/gpio/gpiolib-acpi-core.c       | 57 +++++++++++++++++++++++++++-------
 drivers/gpio/gpiolib.c                 |  2 +-
 9 files changed, 82 insertions(+), 47 deletions(-)
Merging gpio-intel-fixes/fixes (3bb62e3f99a55 gpiolib: acpi: Only trigger ActiveBoth interrupts on boot)
$ git merge -m Merge branch 'fixes' of https://git.kernel.org/pub/scm/linux/kernel/git/andy/linux-gpio-intel.git gpio-intel-fixes/fixes
Already up to date.
Merging pinctrl-intel-fixes/fixes (254f49634ee16 Linux 7.1-rc1)
$ git merge -m Merge branch 'fixes' of https://git.kernel.org/pub/scm/linux/kernel/git/pinctrl/intel.git pinctrl-intel-fixes/fixes
Already up to date.
Merging auxdisplay-fixes/fixes (254f49634ee16 Linux 7.1-rc1)
$ git merge -m Merge branch 'fixes' of https://git.kernel.org/pub/scm/linux/kernel/git/andy/linux-auxdisplay.git auxdisplay-fixes/fixes
Already up to date.
Merging kunit-fixes/kunit-fixes (fb6988b83b4ca kunit: fix use-after-free in debugfs when using kunit.filter)
$ git merge -m Merge branch 'kunit-fixes' of https://git.kernel.org/pub/scm/linux/kernel/git/shuah/linux-kselftest.git kunit-fixes/kunit-fixes
Already up to date.
Merging memblock-fixes/fixes (7c2eee9c13673 memblock: don't touch memblock arrays when memblock_free() is called late)
$ git merge -m Merge branch 'fixes' of https://git.kernel.org/pub/scm/linux/kernel/git/rppt/memblock.git memblock-fixes/fixes
Already up to date.
Merging renesas-fixes/fixes (8a78d1c454b3c Merge branch 'renesas-pinctrl-fixes-for-v7.1' into renesas-fixes)
$ git merge -m Merge branch 'fixes' of https://git.kernel.org/pub/scm/linux/kernel/git/geert/renesas-devel.git renesas-fixes/fixes
Merge made by the 'ort' strategy.
Merging perf-current/perf-tools (5a433107fab62 perf trace: Update beautifier script for clone flags)
$ git merge -m Merge branch 'perf-tools' of https://git.kernel.org/pub/scm/linux/kernel/git/perf/perf-tools.git perf-current/perf-tools
Already up to date.
Merging efi-fixes/urgent (d8809f6931065 efi: sysfb_efi: Extend quirk to cover IdeaPad Duet 3 10IGL5-LTE)
$ git merge -m Merge branch 'urgent' of https://git.kernel.org/pub/scm/linux/kernel/git/efi/efi.git efi-fixes/urgent
Already up to date.
Merging battery-fixes/fixes (254f49634ee16 Linux 7.1-rc1)
$ git merge -m Merge branch 'fixes' of https://git.kernel.org/pub/scm/linux/kernel/git/sre/linux-power-supply.git battery-fixes/fixes
Already up to date.
Merging iommufd-fixes/for-rc (be93d186ae88a iommufd: Use sizeof(*hdr) instead of sizeof(hdr) in veventq read)
$ git merge -m Merge branch 'for-rc' of https://git.kernel.org/pub/scm/linux/kernel/git/jgg/iommufd.git iommufd-fixes/for-rc
Already up to date.
Merging rust-fixes/rust-fixes (191f49f1e38b1 rust: Kbuild: set frame-pointer llvm module flag for CONFIG_FRAME_POINTER)
$ git merge -m Merge branch 'rust-fixes' of https://github.com/Rust-for-Linux/linux.git rust-fixes/rust-fixes
Auto-merging Makefile
Merge made by the 'ort' strategy.
 Makefile                        |  3 +++
 rust/kernel/bitfield.rs         |  1 +
 scripts/rustdoc_test_builder.rs | 16 ++++++++++------
 3 files changed, 14 insertions(+), 6 deletions(-)
Merging w1-fixes/fixes (254f49634ee16 Linux 7.1-rc1)
$ git merge -m Merge branch 'fixes' of https://git.kernel.org/pub/scm/linux/kernel/git/krzk/linux-w1.git w1-fixes/fixes
Already up to date.
Merging pmdomain-fixes/fixes (fba0510cd6266 pmdomain: imx: fix OF node refcount)
$ git merge -m Merge branch 'fixes' of https://git.kernel.org/pub/scm/linux/kernel/git/ulfh/linux-pm.git pmdomain-fixes/fixes
Already up to date.
Merging i2c-host-fixes/i2c/i2c-host-fixes (8cd9520d35a6c Linux 7.1)
$ git merge -m Merge branch 'i2c/i2c-host-fixes' of https://git.kernel.org/pub/scm/linux/kernel/git/andi.shyti/linux.git i2c-host-fixes/i2c/i2c-host-fixes
Already up to date.
Merging i2c-rust-fixes/rust-i2c-fixes (4eb422482ca5d rust: i2c: fix I2cAdapter refcounts double increment)
$ git merge -m Merge branch 'rust-i2c-fixes' of https://github.com/ikrtn/rust-for-linux i2c-rust-fixes/rust-i2c-fixes
Already up to date.
Merging sparc-fixes/for-linus (254f49634ee16 Linux 7.1-rc1)
$ git merge -m Merge branch 'for-linus' of https://git.kernel.org/pub/scm/linux/kernel/git/alarsson/linux-sparc.git sparc-fixes/for-linus
Already up to date.
Merging clk-fixes/clk-fixes (f29a24c947054 Merge tag 'qcom-clk-fixes-for-7.1' of https://git.kernel.org/pub/scm/linux/kernel/git/qcom/linux into clk-fixes)
$ git merge -m Merge branch 'clk-fixes' of https://git.kernel.org/pub/scm/linux/kernel/git/clk/linux.git clk-fixes/clk-fixes
Already up to date.
Merging thead-clk-fixes/thead-clk-fixes (8f0b4cce4481f Linux 6.19-rc1)
$ git merge -m Merge branch 'thead-clk-fixes' of https://git.kernel.org/pub/scm/linux/kernel/git/fustini/linux.git thead-clk-fixes/thead-clk-fixes
Already up to date.
Merging tenstorrent-clk-fixes/tenstorrent-clk-fixes (6de23f81a5e08 Linux 7.0-rc1)
$ git merge -m Merge branch 'tenstorrent-clk-fixes' of https://git.kernel.org/pub/scm/linux/kernel/git/tenstorrent/linux.git tenstorrent-clk-fixes/tenstorrent-clk-fixes
Already up to date.
Merging fustini-config-fixes/riscv-config-fixes (254f49634ee16 Linux 7.1-rc1)
$ git merge -m Merge branch 'riscv-config-fixes' of https://git.kernel.org/pub/scm/linux/kernel/git/fustini/linux.git fustini-config-fixes/riscv-config-fixes
Already up to date.
Merging pwrseq-fixes/pwrseq/for-current (2d5a7d406ecec power: sequencing: fix ABBA deadlock in pwrseq_device_unregister())
$ git merge -m Merge branch 'pwrseq/for-current' of https://git.kernel.org/pub/scm/linux/kernel/git/brgl/linux.git pwrseq-fixes/pwrseq/for-current
Merge made by the 'ort' strategy.
 drivers/power/sequencing/core.c           | 23 +++++++++++++++--------
 drivers/power/sequencing/pwrseq-pcie-m2.c |  4 ++--
 2 files changed, 17 insertions(+), 10 deletions(-)
Merging thead-dt-fixes/thead-dt-fixes (254f49634ee16 Linux 7.1-rc1)
$ git merge -m Merge branch 'thead-dt-fixes' of https://git.kernel.org/pub/scm/linux/kernel/git/fustini/linux.git thead-dt-fixes/thead-dt-fixes
Already up to date.
Merging ftrace-fixes/ftrace/fixes (1650a1b6cb1ae fgraph: Check ftrace_pids_enabled on registration for early filtering)
$ git merge -m Merge branch 'ftrace/fixes' of https://git.kernel.org/pub/scm/linux/kernel/git/trace/linux-trace.git ftrace-fixes/ftrace/fixes
Already up to date.
Merging ring-buffer-fixes/ring-buffer/fixes (057caace5214d tracing: Create output file from cmd_check_undefined)
$ git merge -m Merge branch 'ring-buffer/fixes' of https://git.kernel.org/pub/scm/linux/kernel/git/trace/linux-trace.git ring-buffer-fixes/ring-buffer/fixes
Already up to date.
Merging trace-fixes/trace/fixes (0652a3daa7872 tracing: Fix CFI violation in probestub being called by tprobes)
$ git merge -m Merge branch 'trace/fixes' of https://git.kernel.org/pub/scm/linux/kernel/git/trace/linux-trace.git trace-fixes/trace/fixes
Already up to date.
Merging tracefs-fixes/tracefs/fixes (07004a8c4b572 eventfs: Hold eventfs_mutex and SRCU when remount walks events)
$ git merge -m Merge branch 'tracefs/fixes' of https://git.kernel.org/pub/scm/linux/kernel/git/trace/linux-trace.git tracefs-fixes/tracefs/fixes
Already up to date.
Merging spacemit-fixes/fixes (254f49634ee16 Linux 7.1-rc1)
$ git merge -m Merge branch 'fixes' of https://github.com/spacemit-com/linux spacemit-fixes/fixes
Already up to date.
Merging tip-fixes/tip/urgent (64dd545a9b97a Merge branch into tip/master: 'x86/urgent')
$ git merge -m Merge branch 'tip/urgent' of https://git.kernel.org/pub/scm/linux/kernel/git/tip/tip.git tip-fixes/tip/urgent
Merge made by the 'ort' strategy.
 arch/x86/kernel/process.c      |  1 +
 drivers/irqchip/irq-crossbar.c | 10 ++++++++--
 kernel/events/core.c           |  3 +--
 kernel/locking/spinlock_rt.c   | 27 ++++++++++++++++++++++++---
 kernel/sched/core.c            | 15 +++++++++++++--
 kernel/time/hrtimer.c          |  2 +-
 kernel/time/posix-cpu-timers.c |  2 +-
 kernel/time/timekeeping.c      |  7 ++++---
 8 files changed, 53 insertions(+), 14 deletions(-)
Merging slab-fixes/slab/for-next-fixes (67ea9d353d0ba mm/slub: hold cpus_read_lock around flush_rcu_sheaves_on_cache())
$ git merge -m Merge branch 'slab/for-next-fixes' of https://git.kernel.org/pub/scm/linux/kernel/git/vbabka/slab.git slab-fixes/slab/for-next-fixes
Already up to date.
Merging kexec-fixes/kexec-fixes (028ef9c96e961 Linux 7.0)
$ git merge -m Merge branch 'kexec-fixes' of https://git.kernel.org/pub/scm/linux/kernel/git/liveupdate/linux.git kexec-fixes/kexec-fixes
Already up to date.
Merging liveupdate-fixes/fixes (e43ffb69e0438 Linux 7.1-rc6)
$ git merge -m Merge branch 'fixes' of https://git.kernel.org/pub/scm/linux/kernel/git/liveupdate/linux.git liveupdate-fixes/fixes
Already up to date.
Merging drm-msm-fixes/msm-fixes (db339b6bc9f23 dt-bindings: display/msm: Fix typo in clock-names property)
$ git merge -m Merge branch 'msm-fixes' of https://gitlab.freedesktop.org/drm/msm.git drm-msm-fixes/msm-fixes
Already up to date.
Merging uml-fixes/fixes (254f49634ee16 Linux 7.1-rc1)
$ git merge -m Merge branch 'fixes' of https://git.kernel.org/pub/scm/linux/kernel/git/uml/linux.git uml-fixes/fixes
Already up to date.
Merging fwctl-fixes/for-rc (e7ae89a0c97ce Linux 7.1-rc5)
$ git merge -m Merge branch 'for-rc' of https://git.kernel.org/pub/scm/linux/kernel/git/fwctl/fwctl.git fwctl-fixes/for-rc
Already up to date.
Merging devsec-tsm-fixes/fixes (c3fd16c3b98ed virt: tdx-guest: Fix handling of host controlled 'quote' buffer length)
$ git merge -m Merge branch 'fixes' of https://git.kernel.org/pub/scm/linux/kernel/git/devsec/tsm.git devsec-tsm-fixes/fixes
Already up to date.
Merging drm-rust-fixes/for-linux-next-fixes (0a69ac25bd596 rust: drm: fix unsound initialization in drm::Device::new)
$ git merge -m Merge branch 'for-linux-next-fixes' of https://gitlab.freedesktop.org/drm/rust/kernel.git drm-rust-fixes/for-linux-next-fixes
Already up to date.
Merging tenstorrent-dt-fixes/tenstorrent-dt-fixes (6de23f81a5e08 Linux 7.0-rc1)
$ git merge -m Merge branch 'tenstorrent-dt-fixes' of https://git.kernel.org/pub/scm/linux/kernel/git/tenstorrent/linux.git tenstorrent-dt-fixes/tenstorrent-dt-fixes
Already up to date.
Merging nfc-fixes/for-linus (27256cdb290eb nfc: llcp: bound SNL TLV parsing to the skb and add length checks)
$ git merge -m Merge branch 'for-linus' of https://codeberg.org/linux-nfc/linux.git nfc-fixes/for-linus
Merge made by the 'ort' strategy.
 net/nfc/digital_technology.c |  2 ++
 net/nfc/llcp_core.c          | 29 +++++++++++++++++++++--------
 net/nfc/llcp_sock.c          | 14 +++++++++++---
 net/nfc/nci/data.c           | 10 +++++-----
 4 files changed, 39 insertions(+), 16 deletions(-)
Merging drm-misc-fixes/for-linux-next-fixes (faaa1e1155833 drm/edid: fix OOB read in drm_parse_tiled_block())
$ git merge -m Merge branch 'for-linux-next-fixes' of https://gitlab.freedesktop.org/drm/misc/kernel.git drm-misc-fixes/for-linux-next-fixes
Auto-merging drivers/accel/amdxdna/amdxdna_gem.c
Auto-merging drivers/gpu/drm/drm_connector.c
Auto-merging include/drm/drm_connector.h
Merge made by the 'ort' strategy.
 drivers/accel/amdxdna/amdxdna_gem.c            |  2 +-
 drivers/accel/ivpu/ivpu_job.c                  | 10 +++++-----
 drivers/gpu/drm/drm_connector.c                | 12 ++++++------
 drivers/gpu/drm/drm_displayid_internal.h       |  2 +-
 drivers/gpu/drm/drm_edid.c                     |  8 ++++++++
 drivers/gpu/drm/nouveau/nouveau_exec.c         |  4 ++--
 drivers/gpu/drm/nouveau/nouveau_uvmm.c         |  4 ++--
 drivers/gpu/drm/nouveau/nvkm/subdev/acr/base.c |  1 +
 include/drm/drm_connector.h                    |  6 +++---
 9 files changed, 29 insertions(+), 20 deletions(-)
Merging rust/rust-next (43a393185e33e rust: prelude: add `zerocopy{,_derive}::IntoBytes`)
$ git merge -m Merge branch 'rust-next' of https://github.com/Rust-for-Linux/linux.git rust/rust-next
Merge made by the 'ort' strategy.
 rust/kernel/prelude.rs | 10 ++++++++--
 1 file changed, 8 insertions(+), 2 deletions(-)
Merging rust-interop/interop-next (05f7e89ab9731 Linux 6.19)
$ git merge -m Merge branch 'interop-next' of https://github.com/Rust-for-Linux/linux.git rust-interop/interop-next
Already up to date.
Merging rust-alloc/alloc-next (ec51531fb8efd rust: alloc: cleanup doctest imports to "kernel vertical" style)
$ git merge -m Merge branch 'alloc-next' of https://github.com/Rust-for-Linux/linux.git rust-alloc/alloc-next
Already up to date.
Merging rust-io/io-next (86731a2a651e5 Linux 6.16-rc3)
$ git merge -m Merge branch 'io-next' of https://github.com/Rust-for-Linux/linux.git rust-io/io-next
Already up to date.
Merging rust-pin-init/pin-init-next (d2f309227952e rust: pin_init: internal: use `loop {}` to produce never value)
$ git merge -m Merge branch 'pin-init-next' of https://github.com/Rust-for-Linux/linux.git rust-pin-init/pin-init-next
Already up to date.
Merging rust-timekeeping/timekeeping-next (ddb1444d33351 hrtimer: add usage examples to documentation)
$ git merge -m Merge branch 'timekeeping-next' of https://github.com/Rust-for-Linux/linux.git rust-timekeeping/timekeeping-next
Already up to date.
Merging rust-xarray/xarray-next (c455f19bbe610 rust: xarray: add __rust_helper to helpers)
$ git merge -m Merge branch 'xarray-next' of https://github.com/Rust-for-Linux/linux.git rust-xarray/xarray-next
Already up to date.
Merging rust-analyzer/rust-analyzer-next (5f45afb8ab04d scripts: generate_rust_analyzer.py: pass cfg to macros crate)
$ git merge -m Merge branch 'rust-analyzer-next' of https://github.com/Rust-for-Linux/linux.git rust-analyzer/rust-analyzer-next
Auto-merging scripts/generate_rust_analyzer.py
Merge made by the 'ort' strategy.
 scripts/generate_rust_analyzer.py | 1 +
 1 file changed, 1 insertion(+)
Merging mm-stable/mm-stable (13a1e1a618858 Revert "mm: limit filemap_fault readahead to VMA boundaries")
$ git merge -m Merge branch 'mm-stable' of https://git.kernel.org/pub/scm/linux/kernel/git/akpm/mm mm-stable/mm-stable
Auto-merging MAINTAINERS
Auto-merging fs/btrfs/defrag.c
CONFLICT (content): Merge conflict in fs/btrfs/defrag.c
Auto-merging fs/inode.c
Auto-merging fs/open.c
Auto-merging include/linux/fs.h
Auto-merging include/linux/shmem_fs.h
Auto-merging mm/Kconfig
Auto-merging mm/filemap.c
Auto-merging mm/huge_memory.c
Auto-merging mm/shrinker_debug.c
Auto-merging mm/vmscan.c
Resolved 'fs/btrfs/defrag.c' using previous resolution.
Automatic merge failed; fix conflicts and then commit the result.
$ git commit --no-edit -v -a
[master 6eac964b2dbc9] Merge branch 'mm-stable' of https://git.kernel.org/pub/scm/linux/kernel/git/akpm/mm
$ git diff -M --stat --summary HEAD^..
 Documentation/admin-guide/mm/hugetlbpage.rst       |  15 +-
 Documentation/admin-guide/mm/transhuge.rst         |  71 +-
 MAINTAINERS                                        |   2 +
 fs/hugetlbfs/inode.c                               |   4 +-
 fs/inode.c                                         |   3 -
 fs/open.c                                          |  27 -
 include/linux/alloc_tag.h                          |   4 +-
 include/linux/codetag.h                            |   3 +-
 include/linux/fs.h                                 |   5 -
 include/linux/huge_mm.h                            |  30 +-
 include/linux/pagemap.h                            |  58 +-
 include/linux/shmem_fs.h                           |   2 +-
 include/trace/events/huge_memory.h                 |  34 +-
 lib/alloc_tag.c                                    | 157 +++--
 lib/codetag.c                                      |  12 +-
 mm/Kconfig                                         |  11 -
 mm/damon/core.c                                    |  55 +-
 mm/filemap.c                                       |   5 -
 mm/gup_test.c                                      |  12 +-
 mm/huge_memory.c                                   |  50 +-
 mm/khugepaged.c                                    | 734 +++++++++++++++------
 mm/memory.c                                        |   4 +-
 mm/page_alloc.c                                    |  18 +-
 mm/page_isolation.c                                |  19 +-
 mm/readahead.c                                     |   6 +-
 mm/shrinker_debug.c                                |   4 -
 mm/truncate.c                                      |   8 +-
 mm/vmscan.c                                        |  69 +-
 mm/zsmalloc.c                                      |   3 +-
 tools/testing/selftests/mm/.gitignore              |   4 +
 tools/testing/selftests/mm/Makefile                |  13 +-
 .../selftests/mm/charge_reserved_hugetlb.sh        |  45 +-
 tools/testing/selftests/mm/compaction_test.c       | 118 +---
 tools/testing/selftests/mm/cow.c                   |  31 +-
 tools/testing/selftests/mm/droppable.c             |  48 +-
 tools/testing/selftests/mm/folio_split_race_test.c |  25 +-
 tools/testing/selftests/mm/guard-regions.c         |  20 +-
 tools/testing/selftests/mm/gup_longterm.c          |   5 +-
 tools/testing/selftests/mm/gup_test.c              |  15 +
 tools/testing/selftests/mm/hmm-tests.c             | 149 +++--
 tools/testing/selftests/mm/hugepage-mmap.c         |  78 ---
 .../mm/{thp_settings.c => hugepage_settings.c}     | 316 +++++++--
 .../mm/{thp_settings.h => hugepage_settings.h}     |  82 ++-
 tools/testing/selftests/mm/hugetlb-madvise.c       | 219 +++---
 tools/testing/selftests/mm/hugetlb-mmap.c          | 143 ++++
 .../mm/{hugepage-mremap.c => hugetlb-mremap.c}     |  47 +-
 tools/testing/selftests/mm/hugetlb-read-hwpoison.c | 121 ++--
 .../selftests/mm/{hugepage-shm.c => hugetlb-shm.c} |  73 +-
 tools/testing/selftests/mm/hugetlb-soft-offline.c  |  45 +-
 .../mm/{hugepage-vmemmap.c => hugetlb-vmemmap.c}   |  46 +-
 tools/testing/selftests/mm/hugetlb_dio.c           |  15 +-
 .../selftests/mm/hugetlb_fault_after_madv.c        |   9 +-
 tools/testing/selftests/mm/hugetlb_madv_vs_map.c   |  22 +-
 .../selftests/mm/hugetlb_reparenting_test.sh       |  60 +-
 tools/testing/selftests/mm/khugepaged.c            | 559 ++++++++--------
 tools/testing/selftests/mm/ksm_tests.c             | 184 +++---
 tools/testing/selftests/mm/madv_populate.c         |   2 +-
 tools/testing/selftests/mm/map_hugetlb.c           |  88 ---
 tools/testing/selftests/mm/migration.c             | 147 +++--
 .../selftests/mm/page_frag/page_frag_test.c        |   2 +
 tools/testing/selftests/mm/pagemap_ioctl.c         |  13 +-
 tools/testing/selftests/mm/pkey-helpers.h          |  15 +-
 tools/testing/selftests/mm/prctl_thp_disable.c     |   2 +-
 tools/testing/selftests/mm/protection_keys.c       | 130 ++--
 tools/testing/selftests/mm/run_vmtests.sh          | 234 ++-----
 tools/testing/selftests/mm/soft-dirty.c            |   6 +-
 tools/testing/selftests/mm/split_huge_page_test.c  |  29 +-
 tools/testing/selftests/mm/thuge-gen.c             |  96 +--
 tools/testing/selftests/mm/transhuge-stress.c      |   2 +-
 tools/testing/selftests/mm/uffd-common.h           |  18 +-
 tools/testing/selftests/mm/uffd-stress.c           |  48 +-
 tools/testing/selftests/mm/uffd-unit-tests.c       | 138 ++--
 tools/testing/selftests/mm/uffd-wp-mremap.c        |  33 +-
 tools/testing/selftests/mm/va_high_addr_switch.c   |  42 +-
 tools/testing/selftests/mm/va_high_addr_switch.sh  |  41 +-
 tools/testing/selftests/mm/vm_util.c               | 136 ++--
 tools/testing/selftests/mm/vm_util.h               |  15 +-
 77 files changed, 2840 insertions(+), 2314 deletions(-)
 delete mode 100644 tools/testing/selftests/mm/hugepage-mmap.c
 rename tools/testing/selftests/mm/{thp_settings.c => hugepage_settings.c} (58%)
 rename tools/testing/selftests/mm/{thp_settings.h => hugepage_settings.h} (51%)
 create mode 100644 tools/testing/selftests/mm/hugetlb-mmap.c
 rename tools/testing/selftests/mm/{hugepage-mremap.c => hugetlb-mremap.c} (80%)
 rename tools/testing/selftests/mm/{hugepage-shm.c => hugetlb-shm.c} (55%)
 rename tools/testing/selftests/mm/{hugepage-vmemmap.c => hugetlb-vmemmap.c} (76%)
 delete mode 100644 tools/testing/selftests/mm/map_hugetlb.c
Merging mm-nonmm-stable/mm-nonmm-stable (ff6f26c584216 ocfs2: fix circular locking dependency in ocfs2_dio_end_io_write)
$ git merge -m Merge branch 'mm-nonmm-stable' of https://git.kernel.org/pub/scm/linux/kernel/git/akpm/mm mm-nonmm-stable/mm-nonmm-stable
Already up to date.
Merging mm-unstable/mm-unstable (7edf06b590d09 mm: fix CONFIG_STACK_GROWSUP typo in tools/testing/vma/include/dup.h)
$ git merge -m Merge branch 'mm-unstable' of https://git.kernel.org/pub/scm/linux/kernel/git/akpm/mm mm-unstable/mm-unstable
Merge made by the 'ort' strategy.
 tools/testing/vma/include/dup.h | 2 +-
 1 file changed, 1 insertion(+), 1 deletion(-)
$ git am -3 ../patches/0001-mm-Fix-up-build-for-uninitialised-pte.patch
Applying: mm: Fix up build for uninitialised pte
Using index info to reconstruct a base tree...
M	mm/khugepaged.c
Falling back to patching base and 3-way merge...
Auto-merging mm/khugepaged.c
No changes -- Patch already applied.
Merging mm-nonmm-unstable/mm-nonmm-unstable (49b54505d8910 security/apparmor/apparmorfs.c: conditionally compile get_loaddata_common_ref())
$ git merge -m Merge branch 'mm-nonmm-unstable' of https://git.kernel.org/pub/scm/linux/kernel/git/akpm/mm mm-nonmm-unstable/mm-nonmm-unstable
Merge made by the 'ort' strategy.
 drivers/media/v4l2-core/v4l2-vp9.c | 30 ++++++++++-----------
 kernel/resource.c                  |  2 +-
 lib/idr.c                          | 55 +++++++++++++++++---------------------
 lib/test_ida.c                     | 14 ++++++++++
 lib/xz/xz_dec_bcj.c                |  2 +-
 lib/xz/xz_dec_lzma2.c              | 11 ++++----
 lib/xz/xz_dec_stream.c             |  4 +--
 security/apparmor/apparmorfs.c     |  2 ++
 8 files changed, 64 insertions(+), 56 deletions(-)
Merging kbuild/kbuild-for-next (645323a7f4e55 kconfig: add optional warnings for changed input values)
$ git merge -m Merge branch 'kbuild-for-next' of https://git.kernel.org/pub/scm/linux/kernel/git/kbuild/linux.git kbuild/kbuild-for-next
Auto-merging Makefile
Merge made by the 'ort' strategy.
 Documentation/kbuild/kconfig.rst                   |   5 +
 Makefile                                           |   3 +
 scripts/kconfig/confdata.c                         | 106 ++++++++++++++++++++-
 scripts/kconfig/tests/conftest.py                  |   8 +-
 scripts/kconfig/tests/warn_changed_input/Kconfig   |  40 ++++++++
 .../kconfig/tests/warn_changed_input/__init__.py   |  33 +++++++
 scripts/kconfig/tests/warn_changed_input/config    |   3 +
 .../tests/warn_changed_input/expected_config       |   6 ++
 .../tests/warn_changed_input/expected_defconfig    |   1 +
 .../tests/warn_changed_input/expected_stderr       |   4 +
 scripts/mod/modpost.c                              |   2 +-
 11 files changed, 204 insertions(+), 7 deletions(-)
 create mode 100644 scripts/kconfig/tests/warn_changed_input/Kconfig
 create mode 100644 scripts/kconfig/tests/warn_changed_input/__init__.py
 create mode 100644 scripts/kconfig/tests/warn_changed_input/config
 create mode 100644 scripts/kconfig/tests/warn_changed_input/expected_config
 create mode 100644 scripts/kconfig/tests/warn_changed_input/expected_defconfig
 create mode 100644 scripts/kconfig/tests/warn_changed_input/expected_stderr
Merging clang-format/clang-format (8f0b4cce4481f Linux 6.19-rc1)
$ git merge -m Merge branch 'clang-format' of https://github.com/ojeda/linux.git clang-format/clang-format
Already up to date.
Merging perf/perf-tools-next (4850a5161bfc5 perf python: Add LiveSession helper)
$ git merge -m Merge branch 'perf-tools-next' of https://git.kernel.org/pub/scm/linux/kernel/git/perf/perf-tools-next.git perf/perf-tools-next
Auto-merging MAINTAINERS
Auto-merging tools/perf/builtin-trace.c
Merge made by the 'ort' strategy.
 Documentation/trace/coresight/coresight-perf.rst   |   76 +-
 MAINTAINERS                                        |    2 -
 tools/arch/x86/include/asm/amd/ibs.h               |    4 +-
 tools/build/Makefile.feature                       |   17 +-
 tools/build/feature/Makefile                       |   59 +-
 tools/build/feature/test-all.c                     |    6 +-
 ...bbabeltrace.c => test-babeltrace2-ctf-writer.c} |    3 +-
 tools/build/feature/test-libunwind-aarch64.c       |   27 -
 tools/build/feature/test-libunwind-arm.c           |   28 -
 .../feature/test-libunwind-debug-frame-aarch64.c   |   17 -
 .../build/feature/test-libunwind-debug-frame-arm.c |   17 -
 tools/build/feature/test-libunwind-debug-frame.c   |    1 -
 tools/build/feature/test-libunwind-x86.c           |   28 -
 tools/build/feature/test-libunwind-x86_64.c        |   28 -
 tools/build/feature/test-libunwind.c               |    1 -
 tools/lib/api/fs/fs.c                              |   19 +-
 tools/lib/perf/TODO                                |   30 +
 tools/lib/perf/include/perf/cpumap.h               |    8 +-
 tools/lib/perf/include/perf/event.h                |    9 +-
 tools/lib/subcmd/run-command.c                     |   69 +-
 tools/lib/symbol/kallsyms.c                        |    5 +-
 tools/perf/.clang-format                           |   20 +
 tools/perf/.gitignore                              |    1 +
 tools/perf/Build                                   |    2 +
 tools/perf/Documentation/perf-amd-ibs.txt          |   39 +
 tools/perf/Documentation/perf-test.txt             |   24 +-
 tools/perf/Documentation/perf-trace.txt            |    3 +
 tools/perf/Documentation/perf.data-file-format.txt |   16 +-
 tools/perf/Makefile.config                         |  270 +-
 tools/perf/Makefile.perf                           |  462 +-
 tools/perf/arch/arm/util/Build                     |    2 -
 tools/perf/arch/arm/util/cs-etm.c                  |   36 +-
 tools/perf/arch/arm/util/unwind-libunwind.c        |   50 -
 tools/perf/arch/arm64/util/Build                   |    2 -
 tools/perf/arch/arm64/util/arm-spe.c               |   11 +-
 tools/perf/arch/arm64/util/hisi-ptt.c              |    2 +-
 tools/perf/arch/arm64/util/machine.c               |   12 -
 tools/perf/arch/arm64/util/unwind-libunwind.c      |   17 -
 tools/perf/arch/common.c                           |   94 +-
 tools/perf/arch/loongarch/util/Build               |    2 -
 tools/perf/arch/loongarch/util/unwind-libunwind.c  |   82 -
 tools/perf/arch/mips/Build                         |    1 -
 tools/perf/arch/mips/util/Build                    |    1 -
 tools/perf/arch/mips/util/unwind-libunwind.c       |   22 -
 tools/perf/arch/powerpc/include/dwarf-regs-table.h |    1 +
 tools/perf/arch/powerpc/util/Build                 |    1 -
 tools/perf/arch/powerpc/util/auxtrace.c            |    6 +
 tools/perf/arch/powerpc/util/unwind-libunwind.c    |   92 -
 tools/perf/arch/riscv/include/dwarf-regs-table.h   |    3 +-
 tools/perf/arch/riscv/util/header.c                |    2 +-
 tools/perf/arch/s390/include/dwarf-regs-table.h    |    1 +
 tools/perf/arch/x86/tests/amd-ibs-period.c         |    2 +-
 tools/perf/arch/x86/tests/hybrid.c                 |   22 +-
 tools/perf/arch/x86/tests/topdown.c                |  168 +-
 tools/perf/arch/x86/util/Build                     |    3 -
 tools/perf/arch/x86/util/auxtrace.c                |    2 +-
 tools/perf/arch/x86/util/intel-bts.c               |   38 +-
 tools/perf/arch/x86/util/intel-pt.c                |   44 +-
 tools/perf/arch/x86/util/iostat.c                  |   14 +-
 tools/perf/arch/x86/util/unwind-libunwind.c        |  115 -
 tools/perf/bench/Build                             |    6 +
 .../{util => bench}/bpf_skel/bench_uprobe.bpf.c    |    0
 tools/perf/bench/evlist-open-close.c               |   29 +-
 tools/perf/bench/inject-buildid.c                  |    9 +-
 tools/perf/bench/sched-pipe.c                      |  129 +-
 tools/perf/bench/uprobe.c                          |    2 +-
 tools/perf/bpf_skel.mak                            |  109 +
 tools/perf/builtin-annotate.c                      |   42 +-
 tools/perf/builtin-buildid-list.c                  |    4 +-
 tools/perf/builtin-c2c.c                           |   79 +-
 tools/perf/builtin-check.c                         |    2 +-
 tools/perf/builtin-data.c                          |   18 +-
 tools/perf/builtin-diff.c                          |   16 +-
 tools/perf/builtin-ftrace.c                        |   14 +-
 tools/perf/builtin-inject.c                        |  344 +-
 tools/perf/builtin-kmem.c                          |  101 +-
 tools/perf/builtin-kvm.c                           |   45 +-
 tools/perf/builtin-kwork.c                         |  308 +-
 tools/perf/builtin-lock.c                          |  150 +-
 tools/perf/builtin-mem.c                           |    1 -
 tools/perf/builtin-record.c                        |  117 +-
 tools/perf/builtin-report.c                        |   62 +-
 tools/perf/builtin-sched.c                         |  611 +-
 tools/perf/builtin-script.c                        |  192 +-
 tools/perf/builtin-stat.c                          |  133 +-
 tools/perf/builtin-timechart.c                     |  205 +-
 tools/perf/builtin-top.c                           |  130 +-
 tools/perf/builtin-trace.c                         |  295 +-
 tools/perf/pmu-events/Build                        |   26 +-
 tools/perf/pmu-events/amd_metrics.py               |   59 +-
 .../perf/pmu-events/arch/x86/alderlake/cache.json  |   85 +
 .../perf/pmu-events/arch/x86/alderlake/memory.json |   64 +
 .../pmu-events/arch/x86/alderlake/pipeline.json    |   54 +
 .../arch/x86/alderlake/virtual-memory.json         |    9 +
 .../perf/pmu-events/arch/x86/alderlaken/cache.json |   50 +
 .../pmu-events/arch/x86/alderlaken/memory.json     |   57 +
 .../pmu-events/arch/x86/alderlaken/pipeline.json   |   48 +
 .../arch/x86/alderlaken/virtual-memory.json        |    8 +
 .../perf/pmu-events/arch/x86/arrowlake/cache.json  |   53 +
 .../arch/x86/arrowlake/floating-point.json         |    9 +
 .../pmu-events/arch/x86/arrowlake/pipeline.json    |   48 +-
 .../arch/x86/clearwaterforest/cache.json           |  525 +-
 .../arch/x86/clearwaterforest/counter.json         |   79 +-
 .../arch/x86/clearwaterforest/cwf-metrics.json     |  310 +
 .../arch/x86/clearwaterforest/floating-point.json  |  191 +
 .../arch/x86/clearwaterforest/frontend.json        |  226 +
 .../arch/x86/clearwaterforest/memory.json          |   92 +
 .../arch/x86/clearwaterforest/other.json           |   20 +
 .../arch/x86/clearwaterforest/pipeline.json        |  829 +-
 .../arch/x86/clearwaterforest/uncore-cache.json    | 3413 ++++++++
 .../arch/x86/clearwaterforest/uncore-cxl.json      |   31 +
 .../x86/clearwaterforest/uncore-interconnect.json  | 1625 ++++
 .../arch/x86/clearwaterforest/uncore-io.json       | 1925 +++++
 .../arch/x86/clearwaterforest/uncore-memory.json   |  883 ++
 .../arch/x86/clearwaterforest/uncore-power.json    |  109 +
 .../arch/x86/clearwaterforest/virtual-memory.json  |   94 +
 .../pmu-events/arch/x86/emeraldrapids/cache.json   |   18 +
 .../perf/pmu-events/arch/x86/grandridge/cache.json |   56 +
 .../arch/x86/grandridge/floating-point.json        |    8 +
 .../pmu-events/arch/x86/grandridge/frontend.json   |   64 +
 .../pmu-events/arch/x86/grandridge/pipeline.json   |   15 +
 .../pmu-events/arch/x86/grandridge/uncore-io.json  |   15 +-
 .../arch/x86/grandridge/uncore-memory.json         |   32 +-
 .../pmu-events/arch/x86/graniterapids/cache.json   |    9 +
 .../perf/pmu-events/arch/x86/lunarlake/cache.json  |   20 +
 .../pmu-events/arch/x86/lunarlake/pipeline.json    |    9 +
 tools/perf/pmu-events/arch/x86/mapfile.csv         |   24 +-
 .../perf/pmu-events/arch/x86/meteorlake/cache.json |   55 +
 .../arch/x86/meteorlake/floating-point.json        |   63 +
 .../pmu-events/arch/x86/meteorlake/memory.json     |   64 +
 .../pmu-events/arch/x86/meteorlake/pipeline.json   |  158 +
 .../arch/x86/meteorlake/virtual-memory.json        |    9 +
 .../pmu-events/arch/x86/pantherlake/cache.json     |  152 +-
 .../pmu-events/arch/x86/pantherlake/frontend.json  |   60 +
 .../pmu-events/arch/x86/pantherlake/memory.json    |   29 +
 .../pmu-events/arch/x86/pantherlake/other.json     |   10 +
 .../pmu-events/arch/x86/pantherlake/pipeline.json  |  231 +-
 .../pmu-events/arch/x86/sapphirerapids/cache.json  |   27 +
 .../pmu-events/arch/x86/sierraforest/cache.json    |   49 +
 .../arch/x86/sierraforest/floating-point.json      |   64 +
 .../pmu-events/arch/x86/sierraforest/memory.json   |   57 +
 .../pmu-events/arch/x86/sierraforest/pipeline.json |  156 +
 .../arch/x86/sierraforest/virtual-memory.json      |    8 +
 tools/perf/pmu-events/empty-pmu-events.c           | 8749 +++++++++++++-------
 tools/perf/pmu-events/intel_metrics.py             |   68 +-
 tools/perf/pmu-events/jevents.py                   |  798 +-
 tools/perf/pmu-events/metric.py                    |   10 +-
 tools/perf/pmu-events/pmu-events.h                 |    5 +
 tools/perf/python/perf.pyi                         |  672 ++
 tools/perf/python/perf_live.py                     |   59 +
 tools/perf/scripts/python/arm-cs-trace-disasm.py   |   20 +-
 tools/perf/tests/Build                             |    1 +
 tools/perf/tests/backward-ring-buffer.c            |   26 +-
 tools/perf/tests/builtin-test.c                    |  987 ++-
 tools/perf/tests/code-reading.c                    |   21 +-
 tools/perf/tests/dlfilter-test.c                   |    8 +-
 tools/perf/tests/event-times.c                     |    6 +-
 tools/perf/tests/event_update.c                    |    4 +-
 tools/perf/tests/evsel-roundtrip-name.c            |    8 +-
 tools/perf/tests/evsel-tp-sched.c                  |    4 +-
 tools/perf/tests/expand-cgroup.c                   |   12 +-
 tools/perf/tests/hists_cumulate.c                  |    8 +-
 tools/perf/tests/hists_filter.c                    |    8 +-
 tools/perf/tests/hists_link.c                      |    7 +-
 tools/perf/tests/hists_output.c                    |    8 +-
 tools/perf/tests/hwmon_pmu.c                       |   26 +-
 tools/perf/tests/kallsyms-split.c                  |    7 +-
 tools/perf/tests/keep-tracking.c                   |   10 +-
 tools/perf/tests/make                              |   10 +-
 tools/perf/tests/mmap-basic.c                      |   46 +-
 tools/perf/tests/openat-syscall-all-cpus.c         |    6 +-
 tools/perf/tests/openat-syscall-tp-fields.c        |   33 +-
 tools/perf/tests/openat-syscall.c                  |    6 +-
 tools/perf/tests/parse-events.c                    |  139 +-
 tools/perf/tests/parse-metric.c                    |    8 +-
 tools/perf/tests/parse-no-sample-id-all.c          |    8 +-
 tools/perf/tests/perf-record.c                     |   38 +-
 tools/perf/tests/perf-time-to-tsc.c                |   12 +-
 tools/perf/tests/pfm.c                             |   12 +-
 tools/perf/tests/pmu-events.c                      |  191 +-
 tools/perf/tests/pmu.c                             |   15 +-
 tools/perf/tests/sample-parsing.c                  |   46 +-
 tools/perf/tests/shell/amd-ibs-swfilt.sh           |   37 +-
 tools/perf/tests/shell/coresight/Makefile          |   29 -
 .../perf/tests/shell/coresight/Makefile.miniconfig |   14 -
 tools/perf/tests/shell/coresight/asm_pure_loop.sh  |   22 -
 .../tests/shell/coresight/asm_pure_loop/.gitignore |    1 -
 .../tests/shell/coresight/asm_pure_loop/Makefile   |   34 -
 .../shell/coresight/asm_pure_loop/asm_pure_loop.S  |   30 -
 .../tests/shell/coresight/concurrent_threads.sh    |   45 +
 .../tests/shell/coresight/context_switch_thread.sh |   69 +
 tools/perf/tests/shell/coresight/deterministic.sh  |   72 +
 .../tests/shell/coresight/memcpy_thread/.gitignore |    1 -
 .../tests/shell/coresight/memcpy_thread/Makefile   |   33 -
 .../shell/coresight/memcpy_thread/memcpy_thread.c  |   80 -
 .../tests/shell/coresight/memcpy_thread_16k_10.sh  |   22 -
 .../perf/tests/shell/coresight/raw_dump_stress.sh  |   65 +
 .../shell/{ => coresight}/test_arm_coresight.sh    |   43 +-
 .../{ => coresight}/test_arm_coresight_disasm.sh   |   23 +-
 .../tests/shell/coresight/thread_loop/.gitignore   |    1 -
 .../tests/shell/coresight/thread_loop/Makefile     |   33 -
 .../shell/coresight/thread_loop/thread_loop.c      |   85 -
 .../shell/coresight/thread_loop_check_tid_10.sh    |   23 -
 .../shell/coresight/thread_loop_check_tid_2.sh     |   23 -
 .../shell/coresight/unroll_loop_thread/.gitignore  |    1 -
 .../shell/coresight/unroll_loop_thread/Makefile    |   33 -
 .../unroll_loop_thread/unroll_loop_thread.c        |   75 -
 .../tests/shell/coresight/unroll_loop_thread_10.sh |   22 -
 .../tests/shell/data_file_offset_diagnostics.sh    |   91 +
 tools/perf/tests/shell/data_validation.sh          |   86 +
 tools/perf/tests/shell/ftrace.sh                   |    7 +-
 tools/perf/tests/shell/inject_aslr.sh              |  533 ++
 tools/perf/tests/shell/lib/coresight.sh            |  134 -
 tools/perf/tests/shell/lib/setup_python.sh         |   13 +
 tools/perf/tests/shell/lock_contention.sh          |   11 +
 tools/perf/tests/shell/stat.sh                     |   53 +
 tools/perf/tests/shell/stat_metrics_cgrp.sh        |  200 +
 tools/perf/tests/shell/test_intel_pt.sh            |  169 +-
 .../tests/shell/test_perf_data_converter_ctf.sh    |    8 +-
 tools/perf/tests/shell/test_test_junit_output.sh   |   63 +
 tools/perf/tests/shell/trace_summary.sh            |    2 +-
 tools/perf/tests/sw-clock.c                        |   20 +-
 tools/perf/tests/switch-tracking.c                 |   20 +-
 tools/perf/tests/symbols.c                         |    2 +-
 tools/perf/tests/task-exit.c                       |   20 +-
 tools/perf/tests/tests-scripts.c                   |   80 +-
 tools/perf/tests/tests.h                           |    7 +
 tools/perf/tests/thread-maps-share.c               |    2 +-
 tools/perf/tests/time-utils-test.c                 |   14 +-
 tools/perf/tests/tool_pmu.c                        |    7 +-
 tools/perf/tests/topology.c                        |   12 +-
 tools/perf/tests/uncore-event-sorting.c            |  176 +
 tools/perf/tests/util.c                            |   20 +-
 tools/perf/tests/vmlinux-kallsyms.c                |   10 +-
 tools/perf/tests/workloads/Build                   |    6 +
 tools/perf/tests/workloads/context_switch_loop.c   |  110 +
 tools/perf/tests/workloads/deterministic.c         |   39 +
 tools/perf/tests/workloads/jitdump.c               |  210 +
 tools/perf/tests/workloads/leafloop.c              |   40 +-
 tools/perf/tests/workloads/named_threads.c         |  109 +
 tools/perf/trace/beauty/Build                      |  284 +
 tools/perf/trace/beauty/arch_errno_names.c         |    2 +
 tools/perf/trace/beauty/arch_errno_names.sh        |   53 +-
 tools/perf/trace/beauty/beauty.h                   |   60 +
 tools/perf/trace/beauty/eventfd.c                  |    6 +-
 tools/perf/trace/beauty/fcntl.c                    |   16 +
 tools/perf/trace/beauty/fsconfig.c                 |    5 +
 tools/perf/trace/beauty/futex_op.c                 |    5 +-
 tools/perf/trace/beauty/futex_val3.c               |    5 +-
 tools/perf/trace/beauty/mmap.c                     |   24 +-
 tools/perf/trace/beauty/mode_t.c                   |    6 +-
 tools/perf/trace/beauty/msg_flags.c                |    8 +-
 tools/perf/trace/beauty/open_flags.c               |    2 +
 tools/perf/trace/beauty/perf_event_open.c          |   42 +-
 tools/perf/trace/beauty/pid.c                      |    5 +-
 tools/perf/trace/beauty/sched_policy.c             |    8 +-
 tools/perf/trace/beauty/seccomp.c                  |   12 +-
 tools/perf/trace/beauty/signum.c                   |    6 +-
 tools/perf/trace/beauty/socket_type.c              |    6 +-
 tools/perf/{util => trace/beauty}/syscalltbl.c     |    0
 tools/perf/{util => trace/beauty}/syscalltbl.h     |    0
 tools/perf/trace/beauty/tracepoints/Build          |   21 +
 tools/perf/trace/beauty/waitid_options.c           |    8 +-
 tools/perf/ui/browser.c                            |    3 +
 tools/perf/ui/browsers/annotate.c                  |    9 +-
 tools/perf/ui/browsers/hists.c                     |   22 +-
 tools/perf/ui/browsers/map.c                       |    4 +-
 tools/perf/util/Build                              |   24 +-
 tools/perf/util/amd-sample-raw.c                   |   89 +-
 tools/perf/util/annotate-data.c                    |   29 +-
 tools/perf/util/annotate.c                         |   32 +-
 tools/perf/util/annotate.h                         |    6 +-
 tools/perf/util/arm-spe-decoder/Build              |    2 +
 tools/perf/util/arm-spe-decoder/arm-spe-decoder.c  |   17 +-
 tools/perf/util/arm-spe-decoder/arm-spe-decoder.h  |    3 +-
 .../util/arm-spe-decoder/arm-spe-pkt-decoder.c     |  144 +-
 .../util/arm-spe-decoder/arm-spe-pkt-decoder.h     |    5 +-
 tools/perf/util/arm-spe.c                          |   92 +-
 .../perf/util/arm64-frame-pointer-unwind-support.c |    6 +
 .../perf/util/arm64-frame-pointer-unwind-support.h |    2 +
 tools/perf/util/aslr.c                             | 1410 ++++
 tools/perf/util/aslr.h                             |   44 +
 tools/perf/util/auxtrace.c                         |   62 +-
 tools/perf/util/block-info.c                       |    4 +-
 tools/perf/util/bpf-event.c                        |   52 +-
 tools/perf/util/bpf-event.h                        |    4 +-
 tools/perf/util/bpf-trace-summary.c                |    2 +-
 tools/perf/util/bpf-utils.c                        |   16 +
 tools/perf/util/bpf_counter.c                      |    2 +-
 tools/perf/util/bpf_counter_cgroup.c               |   30 +-
 tools/perf/util/bpf_ftrace.c                       |    9 +-
 tools/perf/util/bpf_kwork.c                        |   14 +-
 tools/perf/util/bpf_lock_contention.c              |   25 +-
 tools/perf/util/bpf_off_cpu.c                      |   44 +-
 tools/perf/util/bpf_skel/lock_contention.bpf.c     |   79 +-
 tools/perf/util/bpf_skel/lock_data.h               |    1 +
 tools/perf/util/bpf_trace_augment.c                |    8 +-
 tools/perf/util/build-id.c                         |   15 +-
 tools/perf/util/build-id.h                         |    7 +-
 tools/perf/util/callchain.c                        |   27 +-
 tools/perf/util/callchain.h                        |    9 +-
 tools/perf/util/capstone.c                         |  132 +-
 tools/perf/util/cgroup.c                           |   26 +-
 tools/perf/util/config.c                           |    4 +
 tools/perf/util/cpumap.c                           |  111 +-
 tools/perf/util/cs-etm-base.c                      |    4 +-
 tools/perf/util/cs-etm-decoder/cs-etm-decoder.c    |   21 +-
 tools/perf/util/cs-etm.c                           |  317 +-
 tools/perf/util/cs-etm.h                           |    8 +-
 tools/perf/util/data-convert-bt.c                  |   39 +-
 tools/perf/util/data-convert-json.c                |   12 +-
 tools/perf/util/data-convert.h                     |    4 +-
 tools/perf/util/data.c                             |   27 +-
 tools/perf/util/data.h                             |    4 +-
 tools/perf/util/db-export.c                        |   13 +-
 tools/perf/util/db-export.h                        |    3 +-
 tools/perf/util/debuginfo.c                        |    9 +-
 tools/perf/util/disasm.c                           |    7 +-
 tools/perf/util/dlfilter.c                         |    2 +-
 tools/perf/util/dso.c                              |   67 +-
 tools/perf/util/dso.h                              |   14 +-
 tools/perf/util/dwarf-aux.c                        |   39 +-
 tools/perf/util/dwarf-aux.h                        |    5 +
 tools/perf/util/env.c                              |  382 +-
 tools/perf/util/env.h                              |   27 +-
 tools/perf/util/event.c                            |   15 +-
 tools/perf/util/evlist.c                           |  504 +-
 tools/perf/util/evlist.h                           |  273 +-
 tools/perf/util/evsel.c                            |  446 +-
 tools/perf/util/evsel.h                            |   91 +-
 tools/perf/util/evsel_fprintf.c                    |    6 +-
 tools/perf/util/expr.c                             |   28 +-
 tools/perf/util/expr.h                             |    6 +-
 tools/perf/util/expr.l                             |    1 +
 tools/perf/util/expr.y                             |   24 +-
 tools/perf/util/header.c                           |  732 +-
 tools/perf/util/header.h                           |    2 +-
 tools/perf/util/hist.c                             |   35 +-
 tools/perf/util/hist.h                             |    4 +-
 tools/perf/util/hwmon_pmu.c                        |   36 +-
 tools/perf/util/intel-bts.c                        |    3 +-
 .../util/intel-pt-decoder/intel-pt-insn-decoder.c  |   11 +-
 tools/perf/util/intel-pt.c                         |   47 +-
 tools/perf/util/intel-tpebs.c                      |  102 +-
 tools/perf/util/iostat.c                           |    2 +-
 tools/perf/util/iostat.h                           |    2 +-
 tools/perf/util/jitdump.c                          |    6 +-
 tools/perf/util/jitdump.h                          |    3 +-
 tools/perf/util/kvm-stat-arch/kvm-stat-arm64.c     |   19 +-
 tools/perf/util/kvm-stat-arch/kvm-stat-loongarch.c |   17 +-
 tools/perf/util/kvm-stat-arch/kvm-stat-powerpc.c   |   17 +-
 tools/perf/util/kvm-stat-arch/kvm-stat-riscv.c     |   17 +-
 tools/perf/util/kvm-stat-arch/kvm-stat-s390.c      |   20 +-
 tools/perf/util/kvm-stat-arch/kvm-stat-x86.c       |   70 +-
 tools/perf/util/kvm-stat.c                         |   19 +-
 tools/perf/util/kvm-stat.h                         |   18 +-
 tools/perf/util/kwork.h                            |   19 +-
 tools/perf/util/libdw.c                            |   72 +-
 tools/perf/util/libunwind-arch/Build               |   11 +
 tools/perf/util/libunwind-arch/libunwind-arch.c    |  319 +
 tools/perf/util/libunwind-arch/libunwind-arch.h    |  296 +
 tools/perf/util/libunwind-arch/libunwind-arm.c     |  290 +
 tools/perf/util/libunwind-arch/libunwind-arm64.c   |  289 +
 tools/perf/util/libunwind-arch/libunwind-i386.c    |  312 +
 .../perf/util/libunwind-arch/libunwind-loongarch.c |  297 +
 tools/perf/util/libunwind-arch/libunwind-mips.c    |  299 +
 tools/perf/util/libunwind-arch/libunwind-ppc32.c   |  303 +
 tools/perf/util/libunwind-arch/libunwind-ppc64.c   |  303 +
 tools/perf/util/libunwind-arch/libunwind-riscv.c   |  297 +
 tools/perf/util/libunwind-arch/libunwind-s390.c    |  299 +
 tools/perf/util/libunwind-arch/libunwind-x86_64.c  |  320 +
 tools/perf/util/libunwind/arm64.c                  |   40 -
 tools/perf/util/libunwind/x86_32.c                 |   41 -
 tools/perf/util/lock-contention.c                  |    6 +-
 tools/perf/util/machine.c                          |  135 +-
 tools/perf/util/machine.h                          |    7 +-
 tools/perf/util/map.h                              |    9 +-
 tools/perf/util/maps.c                             |  190 +-
 tools/perf/util/maps.h                             |    7 +-
 tools/perf/util/metricgroup.c                      |   26 +-
 tools/perf/util/mmap.c                             |   20 +-
 tools/perf/util/parse-events.c                     |   37 +-
 tools/perf/util/parse-events.y                     |    2 +-
 tools/perf/util/perf-regs-arch/perf_regs_riscv.c   |  128 +
 tools/perf/util/perf_api_probe.c                   |   20 +-
 tools/perf/util/perf_event_attr_fprintf.c          |  141 +-
 tools/perf/util/perf_regs.c                        |    3 +
 tools/perf/util/perf_regs.h                        |    1 +
 tools/perf/util/pfm.c                              |    4 +-
 tools/perf/util/pmu.c                              |   71 +-
 tools/perf/util/pmus.c                             |   18 +-
 tools/perf/util/pmus.h                             |    1 +
 tools/perf/util/print-events.c                     |    2 +-
 tools/perf/util/print_insn.c                       |   23 +-
 tools/perf/util/print_insn.h                       |    7 +-
 tools/perf/util/probe-event.c                      |    4 +-
 tools/perf/util/probe-finder.c                     |  102 +-
 tools/perf/util/python.c                           | 2502 +++++-
 tools/perf/util/record.c                           |   11 +-
 tools/perf/util/s390-sample-raw.c                  |   53 +-
 tools/perf/util/sample-raw.c                       |   29 +-
 tools/perf/util/sample-raw.h                       |    6 +-
 tools/perf/util/sample.c                           |   19 +-
 tools/perf/util/sample.h                           |    2 +
 .../perf/util/scripting-engines/trace-event-perl.c |   25 +-
 .../util/scripting-engines/trace-event-python.c    |   79 +-
 tools/perf/util/session.c                          | 1518 +++-
 tools/perf/util/session.h                          |    4 +
 tools/perf/util/setup.py                           |   18 +-
 tools/perf/util/sideband_evlist.c                  |   40 +-
 tools/perf/util/sort.c                             |   72 +-
 tools/perf/util/srcline.c                          |   19 +-
 tools/perf/util/srcline.h                          |    1 +
 tools/perf/util/stat-display.c                     |   32 +-
 tools/perf/util/stat-shadow.c                      |   30 +-
 tools/perf/util/stat.c                             |   22 +-
 tools/perf/util/stream.c                           |    4 +-
 tools/perf/util/svghelper.c                        |   10 +-
 tools/perf/util/symbol-elf.c                       |  136 +-
 tools/perf/util/symbol-minimal.c                   |   16 +-
 tools/perf/util/symbol.c                           |  261 +-
 tools/perf/util/symbol.h                           |   95 +-
 tools/perf/util/symbol_conf.h                      |   10 +
 tools/perf/util/symbol_fprintf.c                   |    4 +-
 tools/perf/util/synthetic-events.c                 |  110 +-
 tools/perf/util/synthetic-events.h                 |    8 +-
 tools/perf/util/thread.c                           |   95 +-
 tools/perf/util/thread.h                           |   23 +-
 tools/perf/util/time-utils.c                       |   12 +-
 tools/perf/util/tool.c                             |   61 +-
 tools/perf/util/tool.h                             |    4 +-
 tools/perf/util/tool_pmu.c                         |  246 +-
 tools/perf/util/tool_pmu.h                         |    4 +
 tools/perf/util/top.c                              |    4 +-
 tools/perf/util/trace-event-scripting.c            |    5 +-
 tools/perf/util/trace-event.h                      |    3 -
 tools/perf/util/tsc.c                              |    2 +-
 tools/perf/util/unwind-libdw.c                     |   20 +-
 tools/perf/util/unwind-libunwind-local.c           |  831 --
 tools/perf/util/unwind-libunwind.c                 |  709 +-
 tools/perf/util/unwind.c                           |  104 +
 tools/perf/util/unwind.h                           |   81 +-
 tools/perf/util/util.c                             |   12 +-
 tools/perf/util/zstd.c                             |   47 +-
 444 files changed, 40960 insertions(+), 10968 deletions(-)
 rename tools/build/feature/{test-libbabeltrace.c => test-babeltrace2-ctf-writer.c} (59%)
 delete mode 100644 tools/build/feature/test-libunwind-aarch64.c
 delete mode 100644 tools/build/feature/test-libunwind-arm.c
 delete mode 100644 tools/build/feature/test-libunwind-debug-frame-aarch64.c
 delete mode 100644 tools/build/feature/test-libunwind-debug-frame-arm.c
 delete mode 100644 tools/build/feature/test-libunwind-x86.c
 delete mode 100644 tools/build/feature/test-libunwind-x86_64.c
 create mode 100644 tools/lib/perf/TODO
 create mode 100644 tools/perf/.clang-format
 delete mode 100644 tools/perf/arch/arm/util/unwind-libunwind.c
 delete mode 100644 tools/perf/arch/arm64/util/machine.c
 delete mode 100644 tools/perf/arch/arm64/util/unwind-libunwind.c
 delete mode 100644 tools/perf/arch/loongarch/util/unwind-libunwind.c
 delete mode 100644 tools/perf/arch/mips/Build
 delete mode 100644 tools/perf/arch/mips/util/Build
 delete mode 100644 tools/perf/arch/mips/util/unwind-libunwind.c
 delete mode 100644 tools/perf/arch/powerpc/util/unwind-libunwind.c
 delete mode 100644 tools/perf/arch/x86/util/unwind-libunwind.c
 rename tools/perf/{util => bench}/bpf_skel/bench_uprobe.bpf.c (100%)
 create mode 100644 tools/perf/bpf_skel.mak
 create mode 100644 tools/perf/pmu-events/arch/x86/clearwaterforest/cwf-metrics.json
 create mode 100644 tools/perf/pmu-events/arch/x86/clearwaterforest/floating-point.json
 create mode 100644 tools/perf/pmu-events/arch/x86/clearwaterforest/other.json
 create mode 100644 tools/perf/pmu-events/arch/x86/clearwaterforest/uncore-cache.json
 create mode 100644 tools/perf/pmu-events/arch/x86/clearwaterforest/uncore-cxl.json
 create mode 100644 tools/perf/pmu-events/arch/x86/clearwaterforest/uncore-interconnect.json
 create mode 100644 tools/perf/pmu-events/arch/x86/clearwaterforest/uncore-io.json
 create mode 100644 tools/perf/pmu-events/arch/x86/clearwaterforest/uncore-memory.json
 create mode 100644 tools/perf/pmu-events/arch/x86/clearwaterforest/uncore-power.json
 create mode 100644 tools/perf/python/perf.pyi
 create mode 100755 tools/perf/python/perf_live.py
 delete mode 100644 tools/perf/tests/shell/coresight/Makefile
 delete mode 100644 tools/perf/tests/shell/coresight/Makefile.miniconfig
 delete mode 100755 tools/perf/tests/shell/coresight/asm_pure_loop.sh
 delete mode 100644 tools/perf/tests/shell/coresight/asm_pure_loop/.gitignore
 delete mode 100644 tools/perf/tests/shell/coresight/asm_pure_loop/Makefile
 delete mode 100644 tools/perf/tests/shell/coresight/asm_pure_loop/asm_pure_loop.S
 create mode 100755 tools/perf/tests/shell/coresight/concurrent_threads.sh
 create mode 100755 tools/perf/tests/shell/coresight/context_switch_thread.sh
 create mode 100755 tools/perf/tests/shell/coresight/deterministic.sh
 delete mode 100644 tools/perf/tests/shell/coresight/memcpy_thread/.gitignore
 delete mode 100644 tools/perf/tests/shell/coresight/memcpy_thread/Makefile
 delete mode 100644 tools/perf/tests/shell/coresight/memcpy_thread/memcpy_thread.c
 delete mode 100755 tools/perf/tests/shell/coresight/memcpy_thread_16k_10.sh
 create mode 100755 tools/perf/tests/shell/coresight/raw_dump_stress.sh
 rename tools/perf/tests/shell/{ => coresight}/test_arm_coresight.sh (83%)
 rename tools/perf/tests/shell/{ => coresight}/test_arm_coresight_disasm.sh (65%)
 delete mode 100644 tools/perf/tests/shell/coresight/thread_loop/.gitignore
 delete mode 100644 tools/perf/tests/shell/coresight/thread_loop/Makefile
 delete mode 100644 tools/perf/tests/shell/coresight/thread_loop/thread_loop.c
 delete mode 100755 tools/perf/tests/shell/coresight/thread_loop_check_tid_10.sh
 delete mode 100755 tools/perf/tests/shell/coresight/thread_loop_check_tid_2.sh
 delete mode 100644 tools/perf/tests/shell/coresight/unroll_loop_thread/.gitignore
 delete mode 100644 tools/perf/tests/shell/coresight/unroll_loop_thread/Makefile
 delete mode 100644 tools/perf/tests/shell/coresight/unroll_loop_thread/unroll_loop_thread.c
 delete mode 100755 tools/perf/tests/shell/coresight/unroll_loop_thread_10.sh
 create mode 100755 tools/perf/tests/shell/data_file_offset_diagnostics.sh
 create mode 100755 tools/perf/tests/shell/data_validation.sh
 create mode 100755 tools/perf/tests/shell/inject_aslr.sh
 delete mode 100644 tools/perf/tests/shell/lib/coresight.sh
 create mode 100755 tools/perf/tests/shell/stat_metrics_cgrp.sh
 create mode 100755 tools/perf/tests/shell/test_test_junit_output.sh
 create mode 100644 tools/perf/tests/uncore-event-sorting.c
 create mode 100644 tools/perf/tests/workloads/context_switch_loop.c
 create mode 100644 tools/perf/tests/workloads/deterministic.c
 create mode 100644 tools/perf/tests/workloads/jitdump.c
 create mode 100644 tools/perf/tests/workloads/named_threads.c
 create mode 100644 tools/perf/trace/beauty/fsconfig.c
 rename tools/perf/{util => trace/beauty}/syscalltbl.c (100%)
 rename tools/perf/{util => trace/beauty}/syscalltbl.h (100%)
 create mode 100644 tools/perf/util/aslr.c
 create mode 100644 tools/perf/util/aslr.h
 create mode 100644 tools/perf/util/libunwind-arch/Build
 create mode 100644 tools/perf/util/libunwind-arch/libunwind-arch.c
 create mode 100644 tools/perf/util/libunwind-arch/libunwind-arch.h
 create mode 100644 tools/perf/util/libunwind-arch/libunwind-arm.c
 create mode 100644 tools/perf/util/libunwind-arch/libunwind-arm64.c
 create mode 100644 tools/perf/util/libunwind-arch/libunwind-i386.c
 create mode 100644 tools/perf/util/libunwind-arch/libunwind-loongarch.c
 create mode 100644 tools/perf/util/libunwind-arch/libunwind-mips.c
 create mode 100644 tools/perf/util/libunwind-arch/libunwind-ppc32.c
 create mode 100644 tools/perf/util/libunwind-arch/libunwind-ppc64.c
 create mode 100644 tools/perf/util/libunwind-arch/libunwind-riscv.c
 create mode 100644 tools/perf/util/libunwind-arch/libunwind-s390.c
 create mode 100644 tools/perf/util/libunwind-arch/libunwind-x86_64.c
 delete mode 100644 tools/perf/util/libunwind/arm64.c
 delete mode 100644 tools/perf/util/libunwind/x86_32.c
 delete mode 100644 tools/perf/util/unwind-libunwind-local.c
 create mode 100644 tools/perf/util/unwind.c
Merging compiler-attributes/compiler-attributes (8f0b4cce4481f Linux 6.19-rc1)
$ git merge -m Merge branch 'compiler-attributes' of https://github.com/ojeda/linux.git compiler-attributes/compiler-attributes
Already up to date.
Merging dma-mapping/dma-mapping-for-next (7318301e060e3 dma: map_benchmark: turn dma_sg_map_param buf into a flexible array)
$ git merge -m Merge branch 'dma-mapping-for-next' of https://git.kernel.org/pub/scm/linux/kernel/git/mszyprowski/linux.git dma-mapping/dma-mapping-for-next
Already up to date.
Merging asm-generic/master (adbbd9714f805 scripts: headers_install.sh: Remove config leak ignore machinery)
$ git merge -m Merge branch 'master' of https://git.kernel.org/pub/scm/linux/kernel/git/arnd/asm-generic asm-generic/master
Already up to date.
Merging nocache-cleanup/nocache-cleanup (809b997a5ce94 x86-64/arm64/powerpc: clean up and rename __copy_from_user_flushcache)
$ git merge -m Merge branch 'nocache-cleanup' of https://git.kernel.org/pub/scm/linux/kernel/git/torvalds/linux.git nocache-cleanup/nocache-cleanup
Already up to date.
Merging alpha/alpha-next (d58041d2c63e0 MAINTAINERS: Add Magnus Lindholm as maintainer for alpha port)
$ git merge -m Merge branch 'alpha-next' of https://git.kernel.org/pub/scm/linux/kernel/git/mattst88/alpha.git alpha/alpha-next
Already up to date.
Merging arm/for-next (75ca78c7d982a Merge branches 'fixes' and 'misc' into for-next)
$ git merge -m Merge branch 'for-next' of https://git.kernel.org/pub/scm/linux/kernel/git/rmk/linux.git arm/for-next
Merge made by the 'ort' strategy.
 arch/arm/probes/kprobes/test-core.c | 14 +++-----------
 1 file changed, 3 insertions(+), 11 deletions(-)
Merging arm64/for-next/core (4cc70f75853be arm64/hw_breakpoint: reject unaligned watchpoints that would truncate BAS)
$ git merge -m Merge branch 'for-next/core' of https://git.kernel.org/pub/scm/linux/kernel/git/arm64/linux arm64/for-next/core
Merge made by the 'ort' strategy.
 arch/arm64/kernel/hw_breakpoint.c | 9 +++++++++
 arch/arm64/kernel/static_call.c   | 1 +
 2 files changed, 10 insertions(+)
Merging arm-perf/for-next/perf (5936245125f78 perf/arm-cmn: Fix DVM node events)
$ git merge -m Merge branch 'for-next/perf' of https://git.kernel.org/pub/scm/linux/kernel/git/will/linux.git arm-perf/for-next/perf
Already up to date.
Merging arm-soc/for-next (972ea78305bdd soc: document merges)
$ git merge -m Merge branch 'for-next' of https://git.kernel.org/pub/scm/linux/kernel/git/soc/soc.git arm-soc/for-next
Merge made by the 'ort' strategy.
 arch/arm/arm-soc-for-next-contents.txt | 200 +++++++++++++++++++++++++++++++++
 1 file changed, 200 insertions(+)
 create mode 100644 arch/arm/arm-soc-for-next-contents.txt
Merging amlogic/for-next (3cb796512f5a1 Merge branch 'v7.2/arm64-dt' into for-next)
$ git merge -m Merge branch 'for-next' of https://git.kernel.org/pub/scm/linux/kernel/git/amlogic/linux.git amlogic/for-next
Merge made by the 'ort' strategy.
Merging asahi-soc/asahi-soc/for-next (31f24e4f6b1ac Merge branch 'apple-soc/dt-7.2' into asahi-soc/for-next)
$ git merge -m Merge branch 'asahi-soc/for-next' of https://github.com/AsahiLinux/linux.git asahi-soc/asahi-soc/for-next
Merge made by the 'ort' strategy.
Merging at91/at91-next (6d892f8d5cd9f Merge branch 'clk-microchip-fixes' into at91-next)
$ git merge -m Merge branch 'at91-next' of https://git.kernel.org/pub/scm/linux/kernel/git/at91/linux.git at91/at91-next
Merge made by the 'ort' strategy.
 drivers/clk/at91/pmc.c                            |  2 +-
 drivers/clk/at91/sam9x7.c                         | 21 ++++++++++-----------
 drivers/clk/at91/sama7d65.c                       |  1 +
 drivers/clk/microchip/Makefile                    |  2 +-
 drivers/clk/microchip/clk-mpfs-ccc.c              | 15 ++++-----------
 drivers/clk/microchip/{clk-core.c => clk-pic32.c} |  2 +-
 drivers/clk/microchip/{clk-core.h => clk-pic32.h} |  0
 drivers/clk/microchip/clk-pic32mzda.c             |  2 +-
 8 files changed, 19 insertions(+), 26 deletions(-)
 rename drivers/clk/microchip/{clk-core.c => clk-pic32.c} (99%)
 rename drivers/clk/microchip/{clk-core.h => clk-pic32.h} (100%)
Merging bmc/for-next (4438ecd5f5c19 Merge branches 'aspeed/drivers', 'aspeed/arm/dt', 'nuvoton/arm/dt' and 'nuvoton/arm64/dt' into for-next)
$ git merge -m Merge branch 'for-next' of https://git.kernel.org/pub/scm/linux/kernel/git/bmc/linux.git bmc/for-next
Merge made by the 'ort' strategy.
 arch/arm/boot/dts/nuvoton/nuvoton-common-npcm7xx.dtsi | 9 +++------
 1 file changed, 3 insertions(+), 6 deletions(-)
Merging broadcom/next (f705b0c80bab1 arm: dts: bcm2711: Fix typo in gpio-line-names)
$ git merge -m Merge branch 'next' of https://github.com/Broadcom/stblinux.git broadcom/next
Merge made by the 'ort' strategy.
Merging cix/for-next (a0cffbd8878c5 Merge remote-tracking branch 'cix/dt' into for-next)
$ git merge -m Merge branch 'for-next' of https://git.kernel.org/pub/scm/linux/kernel/git/peter.chen/cix.git cix/for-next
Merge made by the 'ort' strategy.
Merging davinci/davinci/for-next (254f49634ee16 Linux 7.1-rc1)
$ git merge -m Merge branch 'davinci/for-next' of https://git.kernel.org/pub/scm/linux/kernel/git/brgl/linux.git davinci/davinci/for-next
Already up to date.
Merging drivers-memory/for-next (b97f7dceb8adb memory: tegra234: drop dead NULL check in tegra234_mc_icc_aggregate())
$ git merge -m Merge branch 'for-next' of https://git.kernel.org/pub/scm/linux/kernel/git/krzk/linux-mem-ctrl.git drivers-memory/for-next
Already up to date.
Merging fsl/soc_fsl (c99d8ac7b355c bus: fsl-mc: wait for the MC firmware to complete its boot)
$ git merge -m Merge branch 'soc_fsl' of https://git.kernel.org/pub/scm/linux/kernel/git/chleroy/linux.git fsl/soc_fsl
Auto-merging drivers/irqchip/Kconfig
Auto-merging drivers/irqchip/Makefile
Auto-merging drivers/irqchip/irq-gic-its-msi-parent.c
Merge made by the 'ort' strategy.
Merging imx-mxs/for-next (6d1a5ede11552 Merge branches 'imx/dt-bindings' and 'imx/dt64' into for-next)
$ git merge -m Merge branch 'for-next' of https://git.kernel.org/pub/scm/linux/kernel/git/frank.li/linux.git imx-mxs/for-next
Auto-merging Documentation/devicetree/bindings/display/bridge/lvds-codec.yaml
Merge made by the 'ort' strategy.
 Documentation/ABI/testing/se-cdev                  |   44 +
 .../devicetree/bindings/dma/fsl,edma.yaml          |    9 +
 .../devicetree/bindings/firmware/fsl,imx-se.yaml   |   91 ++
 .../driver-api/firmware/other_interfaces.rst       |  133 +++
 drivers/firmware/imx/Kconfig                       |   13 +
 drivers/firmware/imx/Makefile                      |    2 +
 drivers/firmware/imx/ele_base_msg.c                |  305 +++++
 drivers/firmware/imx/ele_base_msg.h                |  117 ++
 drivers/firmware/imx/ele_common.c                  |  373 ++++++
 drivers/firmware/imx/ele_common.h                  |   51 +
 drivers/firmware/imx/se_ctrl.c                     | 1183 ++++++++++++++++++++
 drivers/firmware/imx/se_ctrl.h                     |  129 +++
 include/linux/firmware/imx/se_api.h                |   14 +
 include/uapi/linux/se_ioctl.h                      |   97 ++
 14 files changed, 2561 insertions(+)
 create mode 100644 Documentation/ABI/testing/se-cdev
 create mode 100644 Documentation/devicetree/bindings/firmware/fsl,imx-se.yaml
 create mode 100644 drivers/firmware/imx/ele_base_msg.c
 create mode 100644 drivers/firmware/imx/ele_base_msg.h
 create mode 100644 drivers/firmware/imx/ele_common.c
 create mode 100644 drivers/firmware/imx/ele_common.h
 create mode 100644 drivers/firmware/imx/se_ctrl.c
 create mode 100644 drivers/firmware/imx/se_ctrl.h
 create mode 100644 include/linux/firmware/imx/se_api.h
 create mode 100644 include/uapi/linux/se_ioctl.h
Merging mediatek/for-next (11883fdc73a1c Merge branch 'v7.1-next/dts64' into for-next)
$ git merge -m Merge branch 'for-next' of https://git.kernel.org/pub/scm/linux/kernel/git/mediatek/linux.git mediatek/for-next
Auto-merging arch/arm64/configs/defconfig
Merge made by the 'ort' strategy.
 arch/arm64/configs/defconfig | 2 ++
 1 file changed, 2 insertions(+)
Merging mvebu/for-next (3ea0dabfa4500 Merge branch 'mvebu/dt64' into mvebu/for-next)
$ git merge -m Merge branch 'for-next' of https://git.kernel.org/pub/scm/linux/kernel/git/gclement/mvebu.git mvebu/for-next
Merge made by the 'ort' strategy.
 arch/arm64/boot/dts/marvell/armada-37xx.dtsi | 1 +
 1 file changed, 1 insertion(+)
Merging omap/for-next (fb054c869500e Merge branch 'omap-for-v7.3/soc' into tmp/omap-next-20260609.152421)
$ git merge -m Merge branch 'for-next' of https://git.kernel.org/pub/scm/linux/kernel/git/khilman/linux-omap.git omap/for-next
Auto-merging arch/arm/configs/multi_v7_defconfig
Merge made by the 'ort' strategy.
 arch/arm/boot/dts/ti/omap/Makefile                 |   4 +
 .../dts/ti/omap/am335x-icev2-prueth-overlay.dtso   | 156 +++++++++++++++++++++
 arch/arm/boot/dts/ti/omap/am33xx-l4.dtsi           |  11 ++
 arch/arm/boot/dts/ti/omap/am4372.dtsi              |  11 ++
 arch/arm/boot/dts/ti/omap/am437x-idk-evm.dts       | 103 +++++++++++++-
 arch/arm/boot/dts/ti/omap/am57-pruss.dtsi          |  11 ++
 arch/arm/boot/dts/ti/omap/am571x-idk.dts           |   8 +-
 arch/arm/boot/dts/ti/omap/am572x-idk.dts           |  10 +-
 arch/arm/boot/dts/ti/omap/am574x-idk.dts           |  10 +-
 arch/arm/boot/dts/ti/omap/am57xx-idk-common.dtsi   |  61 ++++++++
 arch/arm/boot/dts/ti/omap/omap4-var-som-om44.dtsi  |  14 ++
 arch/arm/configs/multi_v7_defconfig                |   2 +
 arch/arm/mach-omap2/omap_hwmod.c                   |  26 ++--
 arch/arm/mach-omap2/sleep44xx.S                    |   5 +-
 14 files changed, 412 insertions(+), 20 deletions(-)
 create mode 100644 arch/arm/boot/dts/ti/omap/am335x-icev2-prueth-overlay.dtso
Merging qcom/for-next (8a4062d204752 Merge branches 'arm64-defconfig-fixes-for-7.1', 'arm64-fixes-for-7.1', 'arm64-for-7.2', 'clk-fixes-for-7.1', 'clk-for-7.2', 'drivers-fixes-for-7.1' and 'drivers-for-7.2' into for-next)
$ git merge -m Merge branch 'for-next' of https://git.kernel.org/pub/scm/linux/kernel/git/qcom/linux.git qcom/for-next
Merge made by the 'ort' strategy.
 .../bindings/clock/qcom,dispcc-sm6125.yaml         |   17 +-
 .../devicetree/bindings/clock/qcom,hawi-gcc.yaml   |   63 +
 .../bindings/clock/qcom,ipq9574-cmn-pll.yaml       |    1 +
 .../bindings/clock/qcom,kaanapali-gxclkctl.yaml    |    2 +-
 .../bindings/clock/qcom,milos-camcc.yaml           |    8 +
 .../bindings/clock/qcom,milos-gxclkctl.yaml        |   61 +
 .../devicetree/bindings/clock/qcom,rpmhcc.yaml     |    1 +
 .../bindings/clock/qcom,sm8450-videocc.yaml        |    3 +
 .../bindings/clock/qcom,sm8550-tcsr.yaml           |    2 +
 .../bindings/clock/qcom,x1e80100-camcc.yaml        |    1 +
 drivers/clk/qcom/Kconfig                           |   48 +
 drivers/clk/qcom/Makefile                          |    7 +-
 drivers/clk/qcom/a53-pll.c                         |    2 +-
 drivers/clk/qcom/camcc-milos.c                     |    7 +
 drivers/clk/qcom/camcc-x1e80100.c                  |   64 +
 drivers/clk/qcom/camcc-x1p42100.c                  | 2223 ++++++++++++
 drivers/clk/qcom/clk-alpha-pll.h                   |    6 +
 drivers/clk/qcom/clk-regmap-phy-mux.c              |   58 +-
 drivers/clk/qcom/clk-rpmh.c                        |   41 +-
 drivers/clk/qcom/dispcc-x1e80100.c                 |    2 +-
 drivers/clk/qcom/gcc-hawi.c                        | 3657 ++++++++++++++++++++
 drivers/clk/qcom/gcc-ipq9650.c                     | 3445 ++++++++++++++++++
 drivers/clk/qcom/gcc-nord.c                        |    2 +-
 drivers/clk/qcom/gdsc.c                            |   33 +
 drivers/clk/qcom/gdsc.h                            |    5 +
 drivers/clk/qcom/gpucc-sm8750.c                    |    4 +-
 drivers/clk/qcom/gxclkctl-kaanapali.c              |    1 +
 drivers/clk/qcom/ipq-cmn-pll.c                     |   30 +-
 drivers/clk/qcom/negcc-nord.c                      |    3 +-
 drivers/clk/qcom/nwgcc-nord.c                      |    4 +-
 drivers/clk/qcom/segcc-nord.c                      |    2 +-
 drivers/clk/qcom/tcsrcc-hawi.c                     |  158 +
 drivers/clk/qcom/videocc-x1p42100.c                |  585 ++++
 drivers/interconnect/core.c                        |   20 +
 include/dt-bindings/clock/qcom,hawi-gcc.h          |  253 ++
 include/dt-bindings/clock/qcom,hawi-tcsrcc.h       |   16 +
 include/dt-bindings/clock/qcom,ipq5332-cmn-pll.h   |   19 +
 include/dt-bindings/clock/qcom,nord-negcc.h        |    1 +
 include/dt-bindings/clock/qcom,rpmh.h              |    2 +
 include/dt-bindings/clock/qcom,x1e80100-camcc.h    |    3 +
 include/dt-bindings/clock/qcom,x1p42100-videocc.h  |   48 +
 include/linux/interconnect.h                       |    6 +
 42 files changed, 10861 insertions(+), 53 deletions(-)
 create mode 100644 Documentation/devicetree/bindings/clock/qcom,hawi-gcc.yaml
 create mode 100644 Documentation/devicetree/bindings/clock/qcom,milos-gxclkctl.yaml
 create mode 100644 drivers/clk/qcom/camcc-x1p42100.c
 create mode 100644 drivers/clk/qcom/gcc-hawi.c
 create mode 100644 drivers/clk/qcom/gcc-ipq9650.c
 create mode 100644 drivers/clk/qcom/tcsrcc-hawi.c
 create mode 100644 drivers/clk/qcom/videocc-x1p42100.c
 create mode 100644 include/dt-bindings/clock/qcom,hawi-gcc.h
 create mode 100644 include/dt-bindings/clock/qcom,hawi-tcsrcc.h
 create mode 100644 include/dt-bindings/clock/qcom,ipq5332-cmn-pll.h
 create mode 100644 include/dt-bindings/clock/qcom,x1p42100-videocc.h
Merging renesas/next (fac7341171187 Merge branches 'renesas-drivers-for-v7.2' and 'renesas-dts-for-v7.2' into renesas-next)
$ git merge -m Merge branch 'next' of https://git.kernel.org/pub/scm/linux/kernel/git/geert/renesas-devel.git renesas/next
Merge made by the 'ort' strategy.
Merging reset/reset/next (d373605cd5148 Merge tag 'reset-fixes-for-v7.0-2' into reset/next)
$ git merge -m Merge branch 'reset/next' of https://git.pengutronix.de/git/pza/linux reset/reset/next
Already up to date.
Merging rockchip/for-next (703b6c284de03 Merge branch 'v7.2-armsoc/dts64' into for-next)
$ git merge -m Merge branch 'for-next' of https://git.kernel.org/pub/scm/linux/kernel/git/mmind/linux-rockchip.git rockchip/for-next
Merge made by the 'ort' strategy.
 drivers/clk/Makefile                            |  2 +-
 drivers/clk/rockchip/Kconfig                    |  2 +-
 drivers/clk/rockchip/clk-rk3588.c               | 16 ++++++++++++++++
 drivers/clk/rockchip/clk.c                      | 25 +++++++++++++++++++++----
 drivers/clk/rockchip/clk.h                      |  3 +++
 include/dt-bindings/clock/rockchip,rk3588-cru.h |  4 ++++
 include/soc/rockchip/rk3588_grf.h               |  2 ++
 7 files changed, 48 insertions(+), 6 deletions(-)
Merging samsung-krzk/for-next (a1c3227fc1a1c Merge branch 'next/clk' into for-next)
$ git merge -m Merge branch 'for-next' of https://git.kernel.org/pub/scm/linux/kernel/git/krzk/linux.git samsung-krzk/for-next
Merge made by the 'ort' strategy.
 drivers/clk/samsung/clk-exynos850.c |   5 +-
 drivers/clk/samsung/clk-exynos990.c | 307 +++++++++++++++++-------------------
 2 files changed, 146 insertions(+), 166 deletions(-)
Merging scmi/for-linux-next (cc025a274d647 Merge branch 'for-next/ffa/fixes' of git://git.kernel.org/pub/scm/linux/kernel/git/sudeep.holla/linux)
$ git merge -m Merge branch 'for-linux-next' of https://git.kernel.org/pub/scm/linux/kernel/git/sudeep.holla/linux.git scmi/for-linux-next
Merge made by the 'ort' strategy.
 drivers/firmware/arm_ffa/driver.c | 27 ++++++++++++++++++++-------
 1 file changed, 20 insertions(+), 7 deletions(-)
Merging sophgo/for-next (f7337210bede6 Merge branch 'dt/riscv' into for-next)
$ git merge -m Merge branch 'for-next' of https://github.com/sophgo/linux.git sophgo/for-next
Merge made by the 'ort' strategy.
Merging sophgo-soc/soc-for-next (c8754c7deab4c soc: sophgo: cv1800: rtcsys: New driver (handling RTC only))
$ git merge -m Merge branch 'soc-for-next' of https://github.com/sophgo/linux.git sophgo-soc/soc-for-next
Already up to date.
Merging spacemit/for-next (38d5f73d1f5af Merge branch 'spacemit-clk-for-v7.2' into spacemit-all-integ)
$ git merge -m Merge branch 'for-next' of https://github.com/spacemit-com/linux spacemit/for-next
Auto-merging drivers/clk/spacemit/ccu-k3.c
Merge made by the 'ort' strategy.
 drivers/clk/spacemit/ccu-k3.c                  | 30 +++++++++++++++++---------
 include/dt-bindings/clock/spacemit,k3-clocks.h |  5 +++++
 include/soc/spacemit/k3-syscon.h               |  4 ++--
 3 files changed, 27 insertions(+), 12 deletions(-)
Merging stm32/stm32-next (fba4a31a7f3b6 arm64: dts: st: Fix SAI addresses on stm32mp251)
$ git merge -m Merge branch 'stm32-next' of https://git.kernel.org/pub/scm/linux/kernel/git/atorgue/stm32.git stm32/stm32-next
Already up to date.
Merging sunxi/sunxi/for-next (2ff39750d1a8c Merge branch 'sunxi/dt-for-7.2' into sunxi/for-next)
$ git merge -m Merge branch 'sunxi/for-next' of https://git.kernel.org/pub/scm/linux/kernel/git/sunxi/linux.git sunxi/sunxi/for-next
Merge made by the 'ort' strategy.
Merging tee/next (4d88259524b06 Merge branches 'tee_fixes_for_v7.1', 'optee_for_v7.2', 'optee_fix_for_v7.1', 'amdtee_for_v7.2' and 'qcomtee_for_v7.1' into next)
$ git merge -m Merge branch 'next' of https://git.kernel.org/pub/scm/linux/kernel/git/jenswi/linux-tee.git tee/next
Merge made by the 'ort' strategy.
Merging tegra/for-next (d26e0427259af Merge branch for-7.2/arm64/dt into for-next)
$ git merge -m Merge branch 'for-next' of https://git.kernel.org/pub/scm/linux/kernel/git/tegra/linux.git tegra/for-next
Merge made by the 'ort' strategy.
Merging tenstorrent-dt/tenstorrent-dt-for-next (33583baeb1ba7 dt-bindings: iommu: riscv: Add bindings for Tenstorrent RISC-V IOMMU)
$ git merge -m Merge branch 'tenstorrent-dt-for-next' of https://git.kernel.org/pub/scm/linux/kernel/git/tenstorrent/linux.git tenstorrent-dt/tenstorrent-dt-for-next
Already up to date.
Merging fustini-config/riscv-config-for-next (fb266bbe9aef1 riscv: defconfig: thead: enable PCA953X GPIO driver)
$ git merge -m Merge branch 'riscv-config-for-next' of https://git.kernel.org/pub/scm/linux/kernel/git/fustini/linux.git fustini-config/riscv-config-for-next
Auto-merging arch/riscv/configs/defconfig
Merge made by the 'ort' strategy.
 arch/riscv/configs/defconfig | 2 ++
 1 file changed, 2 insertions(+)
Merging thead-dt/thead-dt-for-next (3a5791956edbf riscv: dts: thead: Enable wifi on the BeagleV-Ahead)
$ git merge -m Merge branch 'thead-dt-for-next' of https://git.kernel.org/pub/scm/linux/kernel/git/fustini/linux.git thead-dt/thead-dt-for-next
Already up to date.
Merging ti/ti-next (bd9f97f3924b3 Merge branch 'ti-k3-sci-clk' into ti-next)
$ git merge -m Merge branch 'ti-next' of https://git.kernel.org/pub/scm/linux/kernel/git/ti/linux.git ti/ti-next
Merge made by the 'ort' strategy.
 drivers/clk/keystone/sci-clk.c | 10 +++++++++-
 1 file changed, 9 insertions(+), 1 deletion(-)
Merging xilinx/for-next (fdee7c66c0d7b soc: xilinx: Shutdown and free rx mailbox channel)
$ git merge -m Merge branch 'for-next' of https://github.com/Xilinx/linux-xlnx.git xilinx/for-next
Already up to date.
Merging socfpga/for-next (5117b7d68fdc9 ARM: socfpga: Fix OF node refcount leak in SMP setup)
$ git merge -m Merge branch 'for-next' of https://git.kernel.org/pub/scm/linux/kernel/git/dinguyen/linux.git socfpga/for-next
Auto-merging MAINTAINERS
Merge made by the 'ort' strategy.
Merging clk/clk-next (8d03cc42a42b1 Merge branch 'clk-qcom' into clk-next)
$ git merge -m Merge branch 'clk-next' of https://git.kernel.org/pub/scm/linux/kernel/git/clk/linux.git clk/clk-next
Merge made by the 'ort' strategy.
 .../clock/amlogic,t7-peripherals-clkc.yaml         |   12 +-
 .../bindings/clock/amlogic,t7-pll-clkc.yaml        |    2 +-
 .../devicetree/bindings/clock/canaan,k230-clk.yaml |   59 +
 .../devicetree/bindings/clock/marvell,pxa1908.yaml |   34 +-
 drivers/clk/Kconfig                                |    6 +
 drivers/clk/Makefile                               |    1 +
 drivers/clk/bcm/clk-iproc-asiu.c                   |   27 +-
 drivers/clk/clk-axi-clkgen.c                       |    5 +-
 drivers/clk/clk-bulk.c                             |   14 +-
 drivers/clk/clk-k230.c                             | 2452 ++++++++++++++++++++
 drivers/clk/clk-max77686.c                         |   32 +-
 drivers/clk/hisilicon/clk.c                        |    4 +-
 drivers/clk/hisilicon/clkdivider-hi6220.c          |   26 +-
 drivers/clk/mediatek/clk-mt7988-infracfg.c         |   80 +-
 drivers/clk/mediatek/clk-mt8192.c                  |    4 +-
 drivers/clk/mediatek/clk-mux.h                     |    5 +
 drivers/clk/mmp/clk-pxa1908-apbc.c                 |   58 +-
 drivers/clk/mmp/clk-pxa1908-apbcp.c                |   31 +-
 drivers/clk/mvebu/common.c                         |   21 +-
 drivers/clk/nxp/clk-lpc18xx-ccu.c                  |   14 +-
 drivers/clk/renesas/clk-r8a73a4.c                  |    2 +
 drivers/clk/renesas/clk-r8a7740.c                  |    2 +
 drivers/clk/renesas/r8a779g0-cpg-mssr.c            |    1 +
 drivers/clk/renesas/r9a07g043-cpg.c                |    2 +-
 drivers/clk/renesas/r9a07g044-cpg.c                |    2 +-
 drivers/clk/renesas/r9a08g045-cpg.c                |   13 +-
 drivers/clk/renesas/r9a08g046-cpg.c                |  355 +++
 drivers/clk/renesas/r9a09g011-cpg.c                |    7 +-
 drivers/clk/renesas/r9a09g047-cpg.c                |   84 +
 drivers/clk/renesas/r9a09g077-cpg.c                |    1 +
 drivers/clk/renesas/renesas-cpg-mssr.c             |    3 +
 drivers/clk/renesas/rzg2l-cpg.c                    |   88 +-
 drivers/clk/renesas/rzg2l-cpg.h                    |   18 +-
 drivers/clk/renesas/rzv2h-cpg.c                    |  181 ++
 drivers/clk/renesas/rzv2h-cpg.h                    |   12 +
 drivers/clk/socfpga/clk-agilex.c                   |    2 +
 drivers/clk/visconti/pll.c                         |   17 +-
 include/dt-bindings/clock/canaan,k230-clk.h        |  220 ++
 include/linux/adi-axi-common.h                     |    2 +
 include/linux/clk/renesas.h                        |   20 +
 40 files changed, 3710 insertions(+), 209 deletions(-)
 create mode 100644 Documentation/devicetree/bindings/clock/canaan,k230-clk.yaml
 create mode 100644 drivers/clk/clk-k230.c
 create mode 100644 include/dt-bindings/clock/canaan,k230-clk.h
Merging clk-imx/for-next (b3dcc8c608fbb clk: imx: Add audio PLL debugfs for K-divider control)
$ git merge -m Merge branch 'for-next' of https://git.kernel.org/pub/scm/linux/kernel/git/abelvesa/linux.git clk-imx/for-next
Merge made by the 'ort' strategy.
 drivers/clk/imx/clk-imx8mm.c  |   6 +++
 drivers/clk/imx/clk-pll14xx.c | 119 +++++++++++++++++++++++++++++++++++++++++-
 drivers/clk/imx/clk.h         |   1 +
 3 files changed, 125 insertions(+), 1 deletion(-)
Merging clk-renesas/renesas-clk (f5e45196023dd clk: renesas: r9a08g045: Drop unused pm_domain header file)
$ git merge -m Merge branch 'renesas-clk' of https://git.kernel.org/pub/scm/linux/kernel/git/geert/renesas-drivers.git clk-renesas/renesas-clk
Already up to date.
Merging thead-clk/thead-clk-for-next (baf4fc7c03bd0 clk: thead: th1520-ap: Support CPU frequency scaling)
$ git merge -m Merge branch 'thead-clk-for-next' of https://git.kernel.org/pub/scm/linux/kernel/git/fustini/linux.git thead-clk/thead-clk-for-next
Already up to date.
Merging tenstorrent-clk/tenstorrent-clk-for-next (23c8ebc952849 clk: tenstorrent: Add Atlantis clock controller driver)
$ git merge -m Merge branch 'tenstorrent-clk-for-next' of https://git.kernel.org/pub/scm/linux/kernel/git/tenstorrent/linux.git tenstorrent-clk/tenstorrent-clk-for-next
Already up to date.
Merging csky/linux-next (fe69c03143c27 csky: Fix a4/a5 restoration in syscall trace path)
$ git merge -m Merge branch 'linux-next' of https://github.com/c-sky/csky-linux.git csky/linux-next
Merge made by the 'ort' strategy.
 arch/csky/kernel/entry.S | 6 +++---
 1 file changed, 3 insertions(+), 3 deletions(-)
Merging loongarch/loongarch-next (0085d6fa714d4 selftests/bpf: Test jited inline of bpf_get_smp_processor_id() for LoongArch)
$ git merge -m Merge branch 'loongarch-next' of https://git.kernel.org/pub/scm/linux/kernel/git/chenhuacai/linux-loongson.git loongarch/loongarch-next
Auto-merging arch/loongarch/Kconfig
Auto-merging arch/loongarch/kernel/smp.c
Merge made by the 'ort' strategy.
 .../core/thread-info-in-task/arch-support.txt      |  2 +-
 arch/loongarch/Kconfig                             |  1 +
 arch/loongarch/boot/dts/loongson-2k0500.dtsi       | 12 +++++
 arch/loongarch/boot/dts/loongson-2k1000.dtsi       |  4 ++
 arch/loongarch/boot/dts/loongson-2k2000.dtsi       |  4 ++
 arch/loongarch/include/asm/acpi.h                  |  2 +
 arch/loongarch/include/asm/current.h               | 31 +++++++++++++
 arch/loongarch/include/asm/kexec.h                 |  3 +-
 arch/loongarch/include/asm/smp.h                   |  3 +-
 arch/loongarch/include/asm/stackframe.h            | 10 ++--
 arch/loongarch/include/asm/switch_to.h             |  7 ++-
 arch/loongarch/include/asm/thread_info.h           | 10 ----
 arch/loongarch/kernel/acpi.c                       | 28 +++++++++++
 arch/loongarch/kernel/asm-offsets.c                |  6 +--
 arch/loongarch/kernel/entry.S                      |  7 ++-
 arch/loongarch/kernel/head.S                       | 18 +++++---
 arch/loongarch/kernel/process.c                    |  2 +
 arch/loongarch/kernel/relocate.c                   |  2 +-
 arch/loongarch/kernel/setup.c                      |  3 ++
 arch/loongarch/kernel/smp.c                        |  7 ++-
 arch/loongarch/kernel/switch.S                     | 14 +++---
 arch/loongarch/kernel/traps.c                      |  8 ++++
 arch/loongarch/mm/pageattr.c                       |  2 +-
 arch/loongarch/net/bpf_jit.c                       | 54 +++++++++++++++++++---
 arch/loongarch/pci/acpi.c                          |  2 +
 arch/loongarch/vdso/elf.S                          |  3 ++
 tools/testing/selftests/bpf/bpf_experimental.h     | 23 +++++++++
 tools/testing/selftests/bpf/progs/bpf_misc.h       |  1 +
 .../selftests/bpf/progs/verifier_jit_inline.c      | 13 ++++++
 tools/testing/selftests/bpf/test_loader.c          |  5 ++
 30 files changed, 238 insertions(+), 49 deletions(-)
 create mode 100644 arch/loongarch/include/asm/current.h
Merging m68k/for-next (dc5200f6b1ada m68k: Correct CONFIG_MVME16x macro name in #endif comment)
$ git merge -m Merge branch 'for-next' of https://git.kernel.org/pub/scm/linux/kernel/git/geert/linux-m68k.git m68k/for-next
Already up to date.
Merging m68knommu/for-next (4b51af3ef96a6 m68k: stmark2: enable DACs outputs)
$ git merge -m Merge branch 'for-next' of https://git.kernel.org/pub/scm/linux/kernel/git/gerg/m68knommu.git m68knommu/for-next
Already up to date.
Merging microblaze/next (6de23f81a5e08 Linux 7.0-rc1)
$ git merge -m Merge branch 'next' of git://git.monstr.eu/linux-2.6-microblaze.git microblaze/next
Already up to date.
Merging mips/mips-next (6f25741b7565d mips: select legacy gpiolib interfaces where used)
$ git merge -m Merge branch 'mips-next' of https://git.kernel.org/pub/scm/linux/kernel/git/mips/linux.git mips/mips-next
Already up to date.
Merging openrisc/for-next (aca063c902452 openrisc: Fix jump_label smp syncing)
$ git merge -m Merge branch 'for-next' of https://github.com/openrisc/linux.git openrisc/for-next
Already up to date.
Merging parisc-hd/for-next (5200f5f493f79 Linux 7.1-rc4)
$ git merge -m Merge branch 'for-next' of https://git.kernel.org/pub/scm/linux/kernel/git/deller/parisc-linux.git parisc-hd/for-next
Already up to date.
Merging powerpc/next (42f252f5a6468 powerpc/fadump: define MIN_RMA in bytes rather than MB)
$ git merge -m Merge branch 'next' of https://git.kernel.org/pub/scm/linux/kernel/git/powerpc/linux.git powerpc/next
Already up to date.
Merging risc-v/for-next (319fafd9a3743 riscv: traps_misaligned: Avoid redundant unaligned access speed probe)
$ git merge -m Merge branch 'for-next' of https://git.kernel.org/pub/scm/linux/kernel/git/riscv/linux.git risc-v/for-next
Already up to date.
Merging riscv-dt/riscv-dt-for-next (82ab962ef6c2a Merge branch 'k230-basic' into riscv-dt-for-next)
$ git merge -m Merge branch 'riscv-dt-for-next' of https://git.kernel.org/pub/scm/linux/kernel/git/conor/linux.git riscv-dt/riscv-dt-for-next
Auto-merging Documentation/devicetree/bindings/interrupt-controller/sifive,plic-1.0.0.yaml
Auto-merging Documentation/devicetree/bindings/timer/sifive,clint.yaml
Merge made by the 'ort' strategy.
 .../interrupt-controller/sifive,plic-1.0.0.yaml    |   1 +
 .../devicetree/bindings/riscv/canaan.yaml          |   8 +-
 .../devicetree/bindings/timer/sifive,clint.yaml    |   1 +
 arch/riscv/boot/dts/canaan/Makefile                |   2 +
 arch/riscv/boot/dts/canaan/k230-canmv.dts          | 343 +++++++++++++++++++++
 arch/riscv/boot/dts/canaan/k230-evb.dts            |  39 +++
 arch/riscv/boot/dts/canaan/k230-pinctrl.h          |  18 ++
 arch/riscv/boot/dts/canaan/k230.dtsi               | 167 ++++++++++
 8 files changed, 578 insertions(+), 1 deletion(-)
 create mode 100644 arch/riscv/boot/dts/canaan/k230-canmv.dts
 create mode 100644 arch/riscv/boot/dts/canaan/k230-evb.dts
 create mode 100644 arch/riscv/boot/dts/canaan/k230-pinctrl.h
 create mode 100644 arch/riscv/boot/dts/canaan/k230.dtsi
Merging riscv-soc/riscv-soc-for-next (dfceff38cea2b Merge branches 'riscv-soc-drivers-for-next' and 'cache-for-next' into riscv-soc-for-next)
$ git merge -m Merge branch 'riscv-soc-for-next' of https://git.kernel.org/pub/scm/linux/kernel/git/conor/linux.git riscv-soc/riscv-soc-for-next
Merge made by the 'ort' strategy.
Merging s390/for-next (954da8ebada78 Merge branch 'features' into for-next)
$ git merge -m Merge branch 'for-next' of https://git.kernel.org/pub/scm/linux/kernel/git/s390/linux.git s390/for-next
Auto-merging arch/s390/mm/vmem.c
Merge made by the 'ort' strategy.
 arch/s390/boot/vmem.c             |  32 ++++-----
 arch/s390/include/asm/hugetlb.h   |   2 +-
 arch/s390/include/asm/idle.h      |  14 ++--
 arch/s390/include/asm/lowcore.h   |   4 +-
 arch/s390/include/asm/pgtable.h   |  60 ++++++++++++-----
 arch/s390/include/asm/timex.h     |  20 +-----
 arch/s390/include/asm/tod_types.h |  30 +++++++++
 arch/s390/include/asm/vtime.h     |   4 +-
 arch/s390/kernel/asm-offsets.c    |   7 ++
 arch/s390/kernel/entry.S          |  14 +++-
 arch/s390/kernel/idle.c           | 132 +++++++++++++++++++++++++++++---------
 arch/s390/kernel/irq.c            |   7 +-
 arch/s390/kernel/smp.c            |  33 +---------
 arch/s390/kernel/vtime.c          |  55 +---------------
 arch/s390/mm/hugetlbpage.c        |  12 ++--
 arch/s390/mm/pageattr.c           |  45 +++++++------
 arch/s390/mm/vmem.c               |  82 ++++++++++++-----------
 drivers/s390/cio/qdio_main.c      |   2 +-
 drivers/s390/cio/qdio_thinint.c   |   2 +-
 drivers/s390/crypto/pkey_api.c    |   7 ++
 drivers/s390/crypto/pkey_pckmo.c  |   4 ++
 include/linux/kernel_stat.h       |  27 ++++++++
 include/linux/vtime.h             |   6 ++
 kernel/sched/cputime.c            |   4 +-
 24 files changed, 357 insertions(+), 248 deletions(-)
 create mode 100644 arch/s390/include/asm/tod_types.h
Merging sh/for-next (b0aa5e4b087b6 sh: Fix fallout from ZERO_PAGE consolidation)
$ git merge -m Merge branch 'for-next' of https://git.kernel.org/pub/scm/linux/kernel/git/glaubitz/sh-linux.git sh/for-next
Already up to date.
Merging sparc/for-next (5b2a3b1a98fb4 sparc: Remove remaining defconfig references to the pktcdvd driver)
$ git merge -m Merge branch 'for-next' of https://git.kernel.org/pub/scm/linux/kernel/git/alarsson/linux-sparc.git sparc/for-next
Auto-merging arch/sparc/Kconfig
Auto-merging arch/sparc/configs/sparc64_defconfig
Merge made by the 'ort' strategy.
 arch/sparc/Kconfig                      | 25 +------------------------
 arch/sparc/configs/sparc64_defconfig    |  2 --
 arch/sparc/include/asm/asm-prototypes.h |  2 ++
 arch/sparc/include/asm/page_32.h        |  2 ++
 arch/sparc/include/uapi/asm/ucontext.h  |  3 +++
 arch/sparc/kernel/led.c                 |  2 +-
 arch/sparc/kernel/uprobes.c             |  1 +
 arch/sparc/kernel/vio.c                 |  9 +++++----
 arch/sparc/lib/mcount.S                 |  1 +
 arch/sparc/mm/srmmu.c                   | 29 -----------------------------
 10 files changed, 16 insertions(+), 60 deletions(-)
 create mode 100644 arch/sparc/include/uapi/asm/ucontext.h
Merging uml/next (254f49634ee16 Linux 7.1-rc1)
$ git merge -m Merge branch 'next' of https://git.kernel.org/pub/scm/linux/kernel/git/uml/linux.git uml/next
Already up to date.
Merging xtensa/xtensa-for-next (a7c958e8721eb xtensa: correct CONFIG_XTENSA_CALIBRATE_CCOUNT macro name in comment)
$ git merge -m Merge branch 'xtensa-for-next' of https://github.com/jcmvbkbc/linux-xtensa.git xtensa/xtensa-for-next
Merge made by the 'ort' strategy.
 arch/xtensa/include/asm/platform.h  | 2 +-
 arch/xtensa/platforms/iss/console.c | 5 +++--
 2 files changed, 4 insertions(+), 3 deletions(-)
Merging fs-next (f755bdaa5632d Merge branch 'for-next' of https://git.kernel.org/pub/scm/linux/kernel/git/viro/vfs.git)
$ git merge -m Merge branch 'fs-next' of linux-next fs-next
Merge made by the 'ort' strategy.
 Documentation/ABI/testing/sysfs-fs-f2fs         |   5 +-
 Documentation/admin-guide/kernel-parameters.txt |   7 -
 Documentation/filesystems/erofs.rst             | 130 ++---
 Documentation/filesystems/f2fs.rst              |   9 +
 drivers/block/rbd.c                             |  23 +-
 drivers/mtd/ubi/ubi.h                           |   9 +-
 fs/btrfs/Kconfig                                |   1 +
 fs/btrfs/transaction.c                          |  18 +-
 fs/ecryptfs/crypto.c                            |  24 +-
 fs/ecryptfs/keystore.c                          |  16 +-
 fs/erofs/Kconfig                                |  21 +-
 fs/erofs/Makefile                               |   1 -
 fs/erofs/data.c                                 | 135 ++---
 fs/erofs/erofs_fs.h                             |   2 +
 fs/erofs/fscache.c                              | 664 -----------------------
 fs/erofs/inode.c                                |   7 +-
 fs/erofs/internal.h                             |  72 +--
 fs/erofs/ishare.c                               |  47 +-
 fs/erofs/super.c                                |  98 +---
 fs/erofs/zdata.c                                |  38 +-
 fs/erofs/zmap.c                                 |  33 +-
 fs/exfat/namei.c                                |  40 +-
 fs/f2fs/acl.c                                   |  18 +-
 fs/f2fs/checkpoint.c                            |  14 +-
 fs/f2fs/compress.c                              |  10 +-
 fs/f2fs/data.c                                  | 133 +++--
 fs/f2fs/dir.c                                   |   7 +
 fs/f2fs/extent_cache.c                          |  19 +-
 fs/f2fs/f2fs.h                                  |  39 +-
 fs/f2fs/file.c                                  |  66 ++-
 fs/f2fs/gc.c                                    |  69 ++-
 fs/f2fs/inline.c                                |  10 +
 fs/f2fs/inode.c                                 |  31 +-
 fs/f2fs/node.c                                  |  22 +-
 fs/f2fs/node.h                                  |   8 +-
 fs/f2fs/recovery.c                              |   2 +
 fs/f2fs/segment.c                               |  75 +--
 fs/f2fs/segment.h                               |  22 -
 fs/f2fs/super.c                                 |  81 ++-
 fs/f2fs/sysfs.c                                 |   2 +
 fs/f2fs/verity.c                                |   2 +
 fs/f2fs/xattr.c                                 |   6 +
 fs/fuse/dev.c                                   |   1 -
 fs/gfs2/bmap.c                                  |  19 +
 fs/gfs2/bmap.h                                  |   1 +
 fs/gfs2/file.c                                  |  15 +-
 fs/gfs2/quota.c                                 |  36 +-
 fs/gfs2/super.c                                 |   1 +
 fs/nfs/callback_proc.c                          |   9 +-
 fs/nfs/client.c                                 |  14 +-
 fs/nfs/delegation.c                             |   9 +-
 fs/nfs/dir.c                                    |   6 +-
 fs/nfs/direct.c                                 |  12 +-
 fs/nfs/export.c                                 |   6 +-
 fs/nfs/file.c                                   |  16 +-
 fs/nfs/filelayout/filelayout.c                  |   6 +-
 fs/nfs/flexfilelayout/flexfilelayout.c          |  39 +-
 fs/nfs/flexfilelayout/flexfilelayout.h          |  16 +
 fs/nfs/inode.c                                  |  90 ++--
 fs/nfs/internal.h                               |   1 +
 fs/nfs/io.c                                     |  41 ++
 fs/nfs/nfs42proc.c                              |  15 +-
 fs/nfs/nfs4proc.c                               |  63 ++-
 fs/nfs/nfs4trace.h                              |  79 ++-
 fs/nfs/nfstrace.h                               |  84 +--
 fs/nfs/pagelist.c                               |   2 +-
 fs/nfs/pnfs.c                                   |   8 +-
 fs/nfs/pnfs_nfs.c                               |   4 +-
 fs/nfs/read.c                                   |  25 +-
 fs/nfs/super.c                                  |   4 +
 fs/nfs/unlink.c                                 |   2 +-
 fs/nfs/write.c                                  |   2 +-
 fs/ntfs3/attrib.c                               |  29 +-
 fs/ntfs3/dir.c                                  |  26 +-
 fs/ntfs3/file.c                                 | 343 ++++++------
 fs/ntfs3/frecord.c                              |  38 +-
 fs/ntfs3/fslog.c                                | 159 +++++-
 fs/ntfs3/fsntfs.c                               |   1 -
 fs/ntfs3/index.c                                | 119 ++++-
 fs/ntfs3/inode.c                                |  78 ++-
 fs/ntfs3/lznt.c                                 |   2 +-
 fs/ntfs3/namei.c                                |   5 +-
 fs/ntfs3/ntfs_fs.h                              |  11 +-
 fs/ntfs3/run.c                                  |  75 ++-
 fs/ntfs3/xattr.c                                |  16 +-
 fs/read_write.c                                 |  23 +
 fs/smb/client/cached_dir.c                      | 400 ++++++++++++--
 fs/smb/client/cached_dir.h                      |  36 +-
 fs/smb/client/cifs_debug.c                      |   7 +-
 fs/smb/client/cifsacl.c                         |  23 +-
 fs/smb/client/cifsfs.h                          |   4 +-
 fs/smb/client/cifsglob.h                        |  28 +-
 fs/smb/client/cifsproto.h                       |   3 +
 fs/smb/client/dir.c                             |  34 +-
 fs/smb/client/file.c                            |   3 +
 fs/smb/client/inode.c                           |   3 +-
 fs/smb/client/readdir.c                         | 211 ++------
 fs/smb/client/smb1ops.c                         |   4 +-
 fs/smb/client/smb2misc.c                        |   7 +-
 fs/smb/client/smb2ops.c                         | 667 +++++++++++++++++++++--
 fs/smb/client/smb2pdu.c                         | 240 ++++++++-
 fs/smb/client/smb2pdu.h                         |  14 +
 fs/smb/client/smb2proto.h                       |   6 +-
 fs/smb/client/trace.h                           |   1 +
 fs/smb/client/transport.c                       | 170 +++++-
 fs/smb/common/smb2pdu.h                         |  24 +
 fs/smb/server/ksmbd_work.c                      |  58 +-
 fs/smb/server/ksmbd_work.h                      |   4 +
 fs/smb/server/misc.c                            |  14 +-
 fs/smb/server/oplock.c                          | 673 ++++++++++++++++-------
 fs/smb/server/oplock.h                          |  14 +-
 fs/smb/server/smb2pdu.c                         | 680 +++++++++++++++++-------
 fs/smb/server/vfs.c                             |  12 +-
 fs/smb/server/vfs_cache.c                       | 265 ++++++++-
 fs/smb/server/vfs_cache.h                       |  18 +-
 fs/splice.c                                     | 202 +------
 include/linux/f2fs_fs.h                         |   1 +
 include/linux/nfs_fs.h                          |  25 -
 include/linux/nfs_page.h                        |   1 +
 include/linux/nfs_xdr.h                         |   1 -
 include/linux/pipe_fs_i.h                       |   1 -
 include/linux/skbuff.h                          |   4 +-
 include/linux/splice.h                          |   4 +-
 include/linux/syscalls.h                        |   4 +-
 include/trace/events/erofs.h                    |   9 +-
 include/trace/events/f2fs.h                     |  28 +
 net/sunrpc/sysfs.c                              |   4 +-
 net/sunrpc/xprtrdma/backchannel.c               |   5 +-
 net/sunrpc/xprtrdma/frwr_ops.c                  |   2 +-
 net/sunrpc/xprtrdma/rpc_rdma.c                  | 161 ++++--
 net/sunrpc/xprtrdma/transport.c                 |  71 ++-
 net/sunrpc/xprtrdma/verbs.c                     | 187 +++++--
 net/sunrpc/xprtrdma/xprt_rdma.h                 |  12 +-
 133 files changed, 5049 insertions(+), 2883 deletions(-)
 delete mode 100644 fs/erofs/fscache.c
Merging printk/for-next (0db1496dcb662 Merge tag 'printk-for-7.2' of git://git.kernel.org/pub/scm/linux/kernel/git/printk/linux)
$ git merge -m Merge branch 'for-next' of https://git.kernel.org/pub/scm/linux/kernel/git/printk/linux.git printk/for-next
Already up to date.
Merging pci/next (40e92a5476e7a Merge branch 'pci/misc')
$ git merge -m Merge branch 'next' of https://git.kernel.org/pub/scm/linux/kernel/git/pci/pci.git pci/next
Auto-merging MAINTAINERS
Auto-merging drivers/crypto/intel/qat/qat_common/adf_accel_devices.h
Auto-merging drivers/nvme/host/pci.c
Auto-merging drivers/pci/controller/dwc/pci-imx6.c
Auto-merging drivers/pci/controller/pcie-brcmstb.c
Auto-merging drivers/pci/pci-driver.c
Auto-merging drivers/pci/pci.c
Auto-merging drivers/pci/pci.h
Auto-merging drivers/pci/pwrctrl/core.c
Auto-merging drivers/pci/quirks.c
Auto-merging drivers/pci/setup-res.c
Auto-merging kernel/resource.c
Merge made by the 'ort' strategy.
 Documentation/PCI/pci.rst                          |   2 +-
 Documentation/PCI/pciebus-howto.rst                |   2 +-
 .../devicetree/bindings/pci/fsl,imx6q-pcie.yaml    |  32 ++
 .../devicetree/bindings/pci/intel-gw-pcie.yaml     |   9 +-
 .../devicetree/bindings/pci/mediatek-pcie.yaml     |  26 +
 .../devicetree/bindings/pci/qcom,pcie-sm8550.yaml  |  50 ++
 .../bindings/pci/renesas,r9a08g045-pcie.yaml       |  23 +-
 .../bindings/pci/sophgo,sg2042-pcie-host.yaml      |   3 +
 .../bindings/pci/ultrarisc,dp1000-pcie.yaml        |  93 ++++
 MAINTAINERS                                        |   8 +
 arch/alpha/include/asm/pci.h                       |  13 +-
 arch/alpha/kernel/pci-sysfs.c                      | 388 +++++++------
 arch/powerpc/include/asm/machdep.h                 |   2 +-
 arch/powerpc/include/asm/pci.h                     |   2 -
 arch/powerpc/kernel/pci-common.c                   |   2 +-
 arch/powerpc/platforms/powernv/pci-sriov.c         |   4 +-
 arch/powerpc/platforms/powernv/pci.h               |   5 +-
 arch/powerpc/platforms/pseries/setup.c             |   5 +-
 .../intel/qat/qat_common/adf_accel_devices.h       |   5 -
 drivers/dma/idxd/registers.h                       |   3 -
 drivers/misc/pci_endpoint_test.c                   |   6 +-
 drivers/ntb/hw/epf/ntb_hw_epf.c                    | 141 ++++-
 drivers/nvme/host/pci.c                            |   3 +-
 drivers/pci/Kconfig                                |  57 --
 drivers/pci/bus.c                                  |   1 -
 drivers/pci/controller/cadence/pci-j721e.c         |   1 +
 .../controller/cadence/pcie-cadence-host-common.c  |   4 +
 .../pci/controller/cadence/pcie-cadence-host-hpa.c |   8 +
 drivers/pci/controller/cadence/pcie-cadence-host.c |   6 +
 .../pci/controller/cadence/pcie-cadence-hpa-regs.h |  12 +-
 drivers/pci/controller/cadence/pcie-cadence.h      |   2 +
 drivers/pci/controller/dwc/Kconfig                 |  14 +
 drivers/pci/controller/dwc/Makefile                |   1 +
 drivers/pci/controller/dwc/pci-dra7xx.c            |  11 +-
 drivers/pci/controller/dwc/pci-imx6.c              | 225 ++++++--
 drivers/pci/controller/dwc/pci-meson.c             |  13 +-
 drivers/pci/controller/dwc/pcie-al.c               |  12 +-
 drivers/pci/controller/dwc/pcie-amd-mdb.c          |  10 +-
 drivers/pci/controller/dwc/pcie-artpec6.c          |   9 +-
 .../pci/controller/dwc/pcie-designware-debugfs.c   |  45 +-
 drivers/pci/controller/dwc/pcie-designware-ep.c    | 128 ++++-
 drivers/pci/controller/dwc/pcie-designware-host.c  |  45 +-
 drivers/pci/controller/dwc/pcie-designware-plat.c  |   8 +-
 drivers/pci/controller/dwc/pcie-designware.c       |  62 ++-
 drivers/pci/controller/dwc/pcie-designware.h       |  34 +-
 drivers/pci/controller/dwc/pcie-eswin.c            |   3 +-
 drivers/pci/controller/dwc/pcie-fu740.c            |   1 -
 drivers/pci/controller/dwc/pcie-intel-gw.c         |  74 ++-
 drivers/pci/controller/dwc/pcie-keembay.c          |   9 +-
 drivers/pci/controller/dwc/pcie-nxp-s32g.c         |   3 +-
 drivers/pci/controller/dwc/pcie-qcom-common.c      |  40 +-
 drivers/pci/controller/dwc/pcie-qcom-ep.c          |   6 +-
 drivers/pci/controller/dwc/pcie-qcom.c             | 331 ++++++++---
 drivers/pci/controller/dwc/pcie-tegra194-acpi.c    |   4 +-
 drivers/pci/controller/dwc/pcie-tegra194.c         |  21 +-
 drivers/pci/controller/dwc/pcie-ultrarisc.c        | 175 ++++++
 drivers/pci/controller/dwc/pcie-visconti.c         |   1 -
 drivers/pci/controller/pci-aardvark.c              |   5 +-
 drivers/pci/controller/pci-host-common.c           | 236 ++++++++
 drivers/pci/controller/pci-host-common.h           |  48 ++
 drivers/pci/controller/pci-loongson.c              |  67 ++-
 drivers/pci/controller/pci-mvebu.c                 |   9 +-
 drivers/pci/controller/pcie-altera.c               |  38 +-
 drivers/pci/controller/pcie-aspeed.c               |   8 +-
 drivers/pci/controller/pcie-brcmstb.c              |   2 +
 drivers/pci/controller/pcie-iproc-bcma.c           |   2 +-
 drivers/pci/controller/pcie-iproc-platform.c       |   2 +-
 drivers/pci/controller/pcie-iproc.c                |   3 +-
 drivers/pci/controller/pcie-iproc.h                |   2 -
 drivers/pci/controller/pcie-mediatek-gen3.c        |  45 +-
 drivers/pci/controller/pcie-mediatek.c             |  94 ++--
 drivers/pci/controller/pcie-rcar-host.c            |   1 -
 drivers/pci/controller/pcie-rockchip-host.c        |   2 +
 drivers/pci/controller/pcie-rzg3s-host.c           |   3 +-
 drivers/pci/controller/plda/pcie-plda-host.c       |   2 +
 drivers/pci/endpoint/functions/pci-epf-ntb.c       |  21 +-
 drivers/pci/endpoint/functions/pci-epf-test.c      |  86 ++-
 drivers/pci/endpoint/functions/pci-epf-vntb.c      | 274 +++++++++-
 drivers/pci/endpoint/pci-ep-msi.c                  | 175 +++++-
 drivers/pci/endpoint/pci-epc-core.c                |  80 +++
 drivers/pci/ide.c                                  |   6 +-
 drivers/pci/iov.c                                  |  16 +-
 drivers/pci/msi/msi.c                              |  11 +-
 drivers/pci/p2pdma.c                               |  16 +-
 drivers/pci/pci-driver.c                           |  10 +-
 drivers/pci/pci-sysfs.c                            | 605 ++++++++++++---------
 drivers/pci/pci.c                                  | 115 ++--
 drivers/pci/pci.h                                  |  55 +-
 drivers/pci/pcie/aspm.c                            |  40 ++
 drivers/pci/pcie/ptm.c                             |   3 +-
 drivers/pci/probe.c                                |   7 +-
 drivers/pci/proc.c                                 |  79 ++-
 drivers/pci/pwrctrl/core.c                         | 116 ++--
 drivers/pci/quirks.c                               |  60 +-
 drivers/pci/rebar.c                                |  12 +-
 drivers/pci/remove.c                               |   3 -
 drivers/pci/rom.c                                  | 149 ++++-
 drivers/pci/setup-bus.c                            |  50 +-
 drivers/pci/setup-cardbus.c                        |   5 +-
 drivers/pci/setup-res.c                            |  14 +
 drivers/pci/switch/switchtec.c                     |  16 +
 drivers/pci/tph.c                                  |  10 +-
 include/linux/ioport.h                             |   2 +-
 include/linux/pci-epc.h                            |  54 ++
 include/linux/pci-epf.h                            |  31 +-
 include/linux/pci.h                                |  59 +-
 include/linux/pci_ids.h                            |   8 +
 include/linux/switchtec.h                          |   1 +
 kernel/resource.c                                  |   2 +-
 109 files changed, 3647 insertions(+), 1316 deletions(-)
 create mode 100644 Documentation/devicetree/bindings/pci/ultrarisc,dp1000-pcie.yaml
 create mode 100644 drivers/pci/controller/dwc/pcie-ultrarisc.c
Merging pstore/for-next/pstore (24b8f8dcb9a13 pstore/ftrace: Factor KASLR offset in the core kernel instruction addresses)
$ git merge -m Merge branch 'for-next/pstore' of https://git.kernel.org/pub/scm/linux/kernel/git/kees/linux.git pstore/for-next/pstore
Already up to date.
Merging hid/for-next (cf2fe24797e20 Merge branch 'for-7.1/upstream-fixes' into for-next)
$ git merge -m Merge branch 'for-next' of https://git.kernel.org/pub/scm/linux/kernel/git/hid/hid.git hid/for-next
Merge made by the 'ort' strategy.
Merging i2c/i2c/for-next (8cd9520d35a6c Linux 7.1)
$ git merge -m Merge branch 'i2c/for-next' of https://git.kernel.org/pub/scm/linux/kernel/git/wsa/linux.git i2c/i2c/for-next
Already up to date.
$ git am -3 ../patches/0001-i2c-Fix-up-the-rest-of-the-merge.patch
Applying: i2c: Fix up the rest of the merge
Using index info to reconstruct a base tree...
M	drivers/i2c/i2c-core-base.c
Falling back to patching base and 3-way merge...
Auto-merging drivers/i2c/i2c-core-base.c
No changes -- Patch already applied.
Merging i2c-host/i2c/i2c-host (ac930b80c1e0e i2c: pxa: Use named initializers for the platform_device_id array)
$ git merge -m Merge branch 'i2c/i2c-host' of https://git.kernel.org/pub/scm/linux/kernel/git/andi.shyti/linux.git i2c-host/i2c/i2c-host
Merge made by the 'ort' strategy.
 .../devicetree/bindings/i2c/i2c-mux-pinctrl.yaml   |  2 +-
 .../devicetree/bindings/i2c/i2c-mux-reg.txt        | 74 -----------------
 .../devicetree/bindings/i2c/i2c-mux-reg.yaml       | 92 ++++++++++++++++++++++
 .../devicetree/bindings/i2c/microchip,corei2c.yaml |  3 +
 drivers/i2c/algos/i2c-algo-bit.c                   |  5 +-
 drivers/i2c/busses/Kconfig                         |  2 +-
 drivers/i2c/busses/i2c-davinci.c                   |  4 +-
 drivers/i2c/busses/i2c-imx-lpi2c.c                 | 15 +++-
 drivers/i2c/busses/i2c-ls2x-v2.c                   |  2 +-
 drivers/i2c/busses/i2c-pxa.c                       | 10 +--
 drivers/i2c/busses/i2c-qcom-cci.c                  | 48 +++++------
 drivers/i2c/busses/i2c-stm32f7.c                   |  9 ++-
 include/linux/i2c-atr.h                            |  2 +-
 13 files changed, 151 insertions(+), 117 deletions(-)
 delete mode 100644 Documentation/devicetree/bindings/i2c/i2c-mux-reg.txt
 create mode 100644 Documentation/devicetree/bindings/i2c/i2c-mux-reg.yaml
Merging i2c-rust/rust-i2c-next (c0260c740d207 i2c: rust: mark I2cAdapter methods as inline)
$ git merge -m Merge branch 'rust-i2c-next' of https://github.com/ikrtn/rust-for-linux i2c-rust/rust-i2c-next
Auto-merging rust/kernel/i2c.rs
Merge made by the 'ort' strategy.
 rust/kernel/i2c.rs | 3 +++
 1 file changed, 3 insertions(+)
Merging i3c/i3c/next (678e9409dd78d i3c: mipi-i3c-hci: Use named initializers for platform_device_id's .driver_data)
$ git merge -m Merge branch 'i3c/next' of https://git.kernel.org/pub/scm/linux/kernel/git/i3c/linux.git i3c/i3c/next
Merge made by the 'ort' strategy.
 .../devicetree/bindings/i3c/mipi-i3c-hci.yaml      |  27 +-
 drivers/i3c/master.c                               | 504 ++++++++++++++++-----
 drivers/i3c/master/dw-i3c-master.c                 |  40 +-
 drivers/i3c/master/dw-i3c-master.h                 |   3 +-
 drivers/i3c/master/i3c-master-cdns.c               |  14 +-
 drivers/i3c/master/mipi-i3c-hci/cmd.h              |   6 +
 drivers/i3c/master/mipi-i3c-hci/cmd_v1.c           |   4 +-
 drivers/i3c/master/mipi-i3c-hci/cmd_v2.c           |   4 +-
 drivers/i3c/master/mipi-i3c-hci/core.c             | 196 +++++++-
 drivers/i3c/master/mipi-i3c-hci/dma.c              | 345 ++++++++++----
 drivers/i3c/master/mipi-i3c-hci/hci.h              |  24 +
 drivers/i3c/master/mipi-i3c-hci/ibi.h              |  13 +-
 drivers/i3c/master/mipi-i3c-hci/mipi-i3c-hci-pci.c |  22 +-
 drivers/i3c/master/mipi-i3c-hci/pio.c              |  13 +-
 drivers/i3c/master/svc-i3c-master.c                |  39 +-
 include/linux/i3c/master.h                         |  23 +-
 16 files changed, 970 insertions(+), 307 deletions(-)
Merging dmi/dmi-for-next (1afafbaf749d8 firmware/dmi: Include product_family info to modalias)
$ git merge -m Merge branch 'dmi-for-next' of https://git.kernel.org/pub/scm/linux/kernel/git/jdelvare/staging.git dmi/dmi-for-next
Already up to date.
Merging hwmon-staging/hwmon-next (9955c92abe725 hwmon: tmp401: Read "ti,n-factor" as signed)
$ git merge -m Merge branch 'hwmon-next' of https://git.kernel.org/pub/scm/linux/kernel/git/groeck/linux-staging.git hwmon-staging/hwmon-next
Already up to date.
Merging jc_docs/docs-next (9347fe187d93c Merge branch 'docs-mw' into docs-next)
$ git merge -m Merge branch 'docs-next' of git://git.lwn.net/linux.git jc_docs/docs-next
Merge made by the 'ort' strategy.
Merging v4l-dvb/next (06cb687a5132f media: v4l2-fwnode: Fix subdev owner overwritten in v4l2_async_register_subdev_sensor())
$ git merge -m Merge branch 'next' of git://linuxtv.org/media-ci/media-pending.git v4l-dvb/next
Already up to date.
Merging v4l-dvb-next/master (adc218676eef2 Linux 6.12)
$ git merge -m Merge branch 'master' of git://linuxtv.org/mchehab/media-next.git v4l-dvb-next/master
Already up to date.
Merging pm/linux-next (e331b7dc86c9f Merge branches 'acpi-sysfs', 'acpi-resource' and 'acpi-driver' into fixes)
$ git merge -m Merge branch 'linux-next' of https://git.kernel.org/pub/scm/linux/kernel/git/rafael/linux-pm.git pm/linux-next
Merge made by the 'ort' strategy.
 drivers/acpi/acpi_ipmi.c            |  2 +-
 drivers/acpi/resource.c             |  6 +++---
 drivers/acpi/sysfs.c                | 14 +++++++-------
 drivers/thermal/intel/therm_throt.c |  7 ++++++-
 kernel/sched/cpufreq_schedutil.c    |  1 +
 5 files changed, 18 insertions(+), 12 deletions(-)
Merging cpufreq-arm/cpufreq/arm/linux-next (b7a76f38ef350 cpufreq: ti: Add EPROBE_DEFER for K3 SoCs)
$ git merge -m Merge branch 'cpufreq/arm/linux-next' of https://git.kernel.org/pub/scm/linux/kernel/git/vireshk/pm.git cpufreq-arm/cpufreq/arm/linux-next
Already up to date.
Merging cpupower/cpupower (254f49634ee16 Linux 7.1-rc1)
$ git merge -m Merge branch 'cpupower' of https://git.kernel.org/pub/scm/linux/kernel/git/shuah/linux.git cpupower/cpupower
Already up to date.
Merging devfreq/devfreq-next (c096be11c2a9d PM / devfreq: Fix governor_store() failing when device has no current governor)
$ git merge -m Merge branch 'devfreq-next' of https://git.kernel.org/pub/scm/linux/kernel/git/chanwoo/linux.git devfreq/devfreq-next
Merge made by the 'ort' strategy.
 drivers/devfreq/devfreq.c            | 50 +++++++-----------------------------
 drivers/devfreq/event/rockchip-dfi.c |  4 ++-
 2 files changed, 12 insertions(+), 42 deletions(-)
Merging pmdomain/next (528ad521a433c pmdomain: core: fix unused variable warning with !PM_GENERIC_DOMAINS_OF)
$ git merge -m Merge branch 'next' of https://git.kernel.org/pub/scm/linux/kernel/git/ulfh/linux-pm.git pmdomain/next
Already up to date.
Merging opp/opp/linux-next (b59020834b2d8 opp: rust: mark OPP methods as inline)
$ git merge -m Merge branch 'opp/linux-next' of https://git.kernel.org/pub/scm/linux/kernel/git/vireshk/pm.git opp/opp/linux-next
Already up to date.
Merging thermal/thermal/linux-next (968098b4ca521 thermal/drivers/qcom/tsens: Disable wakeup interrupt setup on automotive targets)
$ git merge -m Merge branch 'thermal/linux-next' of https://git.kernel.org/pub/scm/linux/kernel/git/thermal/linux.git thermal/thermal/linux-next
Already up to date.
Merging rdma/for-next (d9c8c45e6d2f4 RDMA/irdma: Replace waitqueue and flag with completion)
$ git merge -m Merge branch 'for-next' of https://git.kernel.org/pub/scm/linux/kernel/git/rdma/rdma.git rdma/for-next
Already up to date.
Merging net-next/main (b85966adbf5de Merge tag 'net-next-7.2' of git://git.kernel.org/pub/scm/linux/kernel/git/netdev/net-next)
$ git merge -m Merge branch 'main' of https://git.kernel.org/pub/scm/linux/kernel/git/netdev/net-next.git net-next/main
Already up to date.
$ git am -3 ../patches/0001-net-mlx5e-Fix-up-merge.patch
Applying: net/mlx5e: Fix up merge
Using index info to reconstruct a base tree...
M	drivers/net/ethernet/mellanox/mlx5/core/en/xsk/setup.c
Falling back to patching base and 3-way merge...
No changes -- Patch already applied.
$ git am -3 ../patches/0001-net-Fix-up-mismerge-due-to-missing-cast-enum-skb_dro.patch
Applying: net: Fix up mismerge due to missing cast (enum skb_drop_reason)
Using index info to reconstruct a base tree...
M	include/net/sch_generic.h
Falling back to patching base and 3-way merge...
Auto-merging include/net/sch_generic.h
No changes -- Patch already applied.
$ git am -3 ../patches/0001-io_uring-Fix-up-build-for-net-Slightly-simplify-net_.patch
Applying: io_uring: Fix up build for "net: Slightly simplify net_mp_{open,close}_rxq"
Using index info to reconstruct a base tree...
M	io_uring/zcrx.c
Falling back to patching base and 3-way merge...
Auto-merging io_uring/zcrx.c
No changes -- Patch already applied.
$ git am -3 ../patches/0001-net-Work-around-mismerge.patch
Applying: net: Work around mismerge
$ git reset HEAD^
Unstaged changes after reset:
M	drivers/net/phy/air_en8811h.c
$ git add -A .
$ git commit -v -a --amend
warning: notes ref refs/notes/commits is invalid
[master 6d55406e5f00e] Merge branch 'devfreq-next' of https://git.kernel.org/pub/scm/linux/kernel/git/chanwoo/linux.git
 Date: Mon Jun 22 11:12:46 2026 +0100
$ git am -3 ../patches/0001-net-mana-Fix-up-mismerge.patch
Applying: net: mana: Fix up mismerge
Using index info to reconstruct a base tree...
M	drivers/net/ethernet/microsoft/mana/mana_en.c
Falling back to patching base and 3-way merge...
Auto-merging drivers/net/ethernet/microsoft/mana/mana_en.c
No changes -- Patch already applied.
$ git am -3 ../patches/0001-net-Fix-up-merge-due-to-beacon-data-movement.patch
Applying: net: Fix up merge due to beacon data movement
Using index info to reconstruct a base tree...
M	net/wireless/nl80211.c
Falling back to patching base and 3-way merge...
Auto-merging net/wireless/nl80211.c
No changes -- Patch already applied.
$ git am -3 ../patches/0001-net-mana-Fix-up-the-rest-of-the-context.patch
Applying: net: mana: Fix up the rest of the context
Using index info to reconstruct a base tree...
M	drivers/net/ethernet/microsoft/mana/mana_en.c
Falling back to patching base and 3-way merge...
Auto-merging drivers/net/ethernet/microsoft/mana/mana_en.c
CONFLICT (content): Merge conflict in drivers/net/ethernet/microsoft/mana/mana_en.c
Recorded preimage for 'drivers/net/ethernet/microsoft/mana/mana_en.c'
error: Failed to merge in the changes.
hint: Use 'git am --show-current-patch=diff' to see the failed patch
hint: When you have resolved this problem, run "git am --continue".
hint: If you prefer to skip this patch, run "git am --skip" instead.
hint: To restore the original branch and stop patching, run "git am --abort".
hint: Disable this message with "git config advice.mergeConflict false"
Patch failed at 0001 net: mana: Fix up the rest of the context
Merging bpf-next/for-next (a975094bf98ca Merge tag 'exfat-for-7.2-rc1' of git://git.kernel.org/pub/scm/linux/kernel/git/linkinjeon/exfat)
$ git merge -m Merge branch 'for-next' of https://git.kernel.org/pub/scm/linux/kernel/git/bpf/bpf-next.git bpf-next/for-next
Already up to date.
$ git am -3 ../patches/0001-perf-Fixup-for-btf_vlan-API-change.patch
Applying: perf: Fixup for btf_vlan() API change
Using index info to reconstruct a base tree...
M	tools/perf/builtin-trace.c
M	tools/perf/util/btf.c
Falling back to patching base and 3-way merge...
Auto-merging tools/perf/builtin-trace.c
No changes -- Patch already applied.
Merging ipsec-next/master (355f808d8a11f Merge branch 'xfrm: XFRM_MSG_MIGRATE_STATE new netlink message')
$ git merge -m Merge branch 'master' of https://git.kernel.org/pub/scm/linux/kernel/git/klassert/ipsec-next.git ipsec-next/master
Already up to date.
Merging mlx5-next/mlx5-next (ddbddbf8aee54 net/mlx5: Add sd_group_size bits for SD management)
$ git merge -m Merge branch 'mlx5-next' of https://git.kernel.org/pub/scm/linux/kernel/git/mellanox/linux.git mlx5-next/mlx5-next
Already up to date.
Merging netfilter-next/main (d954a67a7dfa5 ipv4: fib_rule: Move fib4_rules_exit() to ->exit().)
$ git merge -m Merge branch 'main' of https://git.kernel.org/pub/scm/linux/kernel/git/netfilter/nf-next.git netfilter-next/main
Already up to date.
Merging ipvs-next/main (d954a67a7dfa5 ipv4: fib_rule: Move fib4_rules_exit() to ->exit().)
$ git merge -m Merge branch 'main' of https://git.kernel.org/pub/scm/linux/kernel/git/horms/ipvs-next.git ipvs-next/main
Already up to date.
Merging bluetooth/master (cb20f6afc25b2 Bluetooth: MGMT: Fix UAF of hci_conn_params in add_device_complete)
$ git merge -m Merge branch 'master' of https://git.kernel.org/pub/scm/linux/kernel/git/bluetooth/bluetooth-next.git bluetooth/master
Merge made by the 'ort' strategy.
 drivers/bluetooth/btusb.c     |  2 ++
 drivers/bluetooth/hci_ldisc.c | 14 ++++++++++----
 net/bluetooth/6lowpan.c       | 18 +++---------------
 net/bluetooth/mgmt.c          |  3 +++
 4 files changed, 18 insertions(+), 19 deletions(-)
Merging wireless-next/for-next (972c4dd19cb92 Merge tag 'wireless-next-2026-06-10' of https://git.kernel.org/pub/scm/linux/kernel/git/wireless/wireless-next)
$ git merge -m Merge branch 'for-next' of https://git.kernel.org/pub/scm/linux/kernel/git/wireless/wireless-next.git wireless-next/for-next
Already up to date.
Merging ath-next/for-next (972c4dd19cb92 Merge tag 'wireless-next-2026-06-10' of https://git.kernel.org/pub/scm/linux/kernel/git/wireless/wireless-next)
$ git merge -m Merge branch 'for-next' of https://git.kernel.org/pub/scm/linux/kernel/git/ath/ath.git ath-next/for-next
Already up to date.
Merging iwlwifi-next/next (a6136ca2dd977 wifi: iwlwifi: bump maximum core version for BZ/SC/DR to 106)
$ git merge -m Merge branch 'next' of https://git.kernel.org/pub/scm/linux/kernel/git/iwlwifi/iwlwifi-next.git iwlwifi-next/next
Already up to date.
Merging wpan-next/master (a6bfdfcc6711d ieee802154: allow legacy LLSEC ADD/DEL ops to pass strict validation)
$ git merge -m Merge branch 'master' of https://git.kernel.org/pub/scm/linux/kernel/git/wpan/wpan-next.git wpan-next/master
Already up to date.
Merging wpan-staging/staging (a6bfdfcc6711d ieee802154: allow legacy LLSEC ADD/DEL ops to pass strict validation)
$ git merge -m Merge branch 'staging' of https://git.kernel.org/pub/scm/linux/kernel/git/wpan/wpan-next.git wpan-staging/staging
Already up to date.
Merging mtd/mtd/next (49420dfdedd67 Merge tag 'nand/for-7.2' into mtd/next)
$ git merge -m Merge branch 'mtd/next' of https://git.kernel.org/pub/scm/linux/kernel/git/mtd/linux.git mtd/mtd/next
Already up to date.
Merging nand/nand/next (4f2692a5383e4 mtd: rawnand: ndfc: use ioread32be/iowrite32be and allow COMPILE_TEST)
$ git merge -m Merge branch 'nand/next' of https://git.kernel.org/pub/scm/linux/kernel/git/mtd/linux.git nand/nand/next
Already up to date.
Merging spi-nor/spi-nor/next (df415c5e1de0f mtd: spi-nor: spansion: add die erase support in s28hx-t)
$ git merge -m Merge branch 'spi-nor/next' of https://git.kernel.org/pub/scm/linux/kernel/git/mtd/linux.git spi-nor/spi-nor/next
Already up to date.
Merging crypto/master (6ea0ce3a19f9c crypto: tegra - fix refcount leak in tegra_se_host1x_submit())
$ git merge -m Merge branch 'master' of https://git.kernel.org/pub/scm/linux/kernel/git/herbert/cryptodev-2.6.git crypto/master
Already up to date.
Merging libcrypto/libcrypto-next (065f978a0e015 lib/crypto: gf128hash: mark clmul32() as noinline_for_stack)
$ git merge -m Merge branch 'libcrypto-next' of https://git.kernel.org/pub/scm/linux/kernel/git/ebiggers/linux.git libcrypto/libcrypto-next
Already up to date.
Merging drm/drm-next (0e8233409d4f6 Merge tag 'amd-drm-fixes-7.2-2026-06-19' of https://gitlab.freedesktop.org/agd5f/linux into drm-next)
$ git merge -m Merge branch 'drm-next' of https://gitlab.freedesktop.org/drm/kernel.git drm/drm-next
Auto-merging drivers/gpu/drm/amd/display/amdgpu_dm/amdgpu_dm.c
Merge made by the 'ort' strategy.
 drivers/gpu/drm/amd/amdgpu/amdgpu_amdkfd.c         |  23 ++-
 drivers/gpu/drm/amd/amdgpu/amdgpu_amdkfd.h         |   2 +-
 drivers/gpu/drm/amd/amdgpu/amdgpu_amdkfd_gpuvm.c   |  16 +-
 drivers/gpu/drm/amd/amdgpu/amdgpu_cs.c             |   6 +-
 drivers/gpu/drm/amd/amdgpu/amdgpu_ctx.c            |  73 ++++---
 drivers/gpu/drm/amd/amdgpu/amdgpu_dev_coredump.c   | 220 ++++++++++++---------
 drivers/gpu/drm/amd/amdgpu/amdgpu_device.c         |   4 +-
 drivers/gpu/drm/amd/amdgpu/amdgpu_gem.c            |   5 +
 drivers/gpu/drm/amd/amdgpu/amdgpu_gfx.c            |  10 +-
 drivers/gpu/drm/amd/amdgpu/amdgpu_gtt_mgr.c        |  30 ++-
 drivers/gpu/drm/amd/amdgpu/amdgpu_irq.c            |   4 +-
 drivers/gpu/drm/amd/amdgpu/amdgpu_lockdep.c        | 103 +++++-----
 drivers/gpu/drm/amd/amdgpu/amdgpu_ttm.c            |  18 ++
 drivers/gpu/drm/amd/amdgpu/amdgpu_uvd.c            |  50 +++--
 drivers/gpu/drm/amd/amdgpu/amdgpu_vm.c             |  91 +++++----
 drivers/gpu/drm/amd/amdgpu/amdgpu_vm.h             |   2 +-
 drivers/gpu/drm/amd/amdgpu/gfx_v9_0.c              |  39 ++++
 drivers/gpu/drm/amd/amdgpu/ih_v6_1.c               |   2 +-
 drivers/gpu/drm/amd/amdkfd/kfd_chardev.c           |  56 ++----
 drivers/gpu/drm/amd/amdkfd/kfd_doorbell.c          |   8 +-
 drivers/gpu/drm/amd/amdkfd/kfd_migrate.c           |   8 +-
 drivers/gpu/drm/amd/amdkfd/kfd_process.c           |  46 +++--
 .../gpu/drm/amd/amdkfd/kfd_process_queue_manager.c |  12 +-
 drivers/gpu/drm/amd/amdkfd/kfd_smi_events.c        |  99 ++++++----
 drivers/gpu/drm/amd/amdkfd/kfd_smi_events.h        |  14 +-
 drivers/gpu/drm/amd/amdkfd/kfd_svm.c               |  15 +-
 drivers/gpu/drm/amd/display/amdgpu_dm/amdgpu_dm.c  |  10 +-
 .../drm/amd/display/amdgpu_dm/amdgpu_dm_helpers.c  |  13 +-
 .../drm/amd/display/amdgpu_dm/amdgpu_dm_plane.c    |   1 +
 .../amd/display/dc/clk_mgr/dcn31/dcn31_clk_mgr.c   |   2 -
 .../amd/display/dc/clk_mgr/dcn314/dcn314_clk_mgr.c |   2 -
 .../amd/display/dc/clk_mgr/dcn35/dcn35_clk_mgr.c   |   2 +
 .../gpu/drm/amd/pm/swsmu/smu15/smu_v15_0_0_ppt.c   |   7 +-
 drivers/gpu/drm/i915/display/intel_atomic.c        |   6 +
 drivers/gpu/drm/i915/display/intel_ddi.c           |  11 +-
 drivers/gpu/drm/i915/display/intel_dp_mst.c        |   4 +
 drivers/gpu/drm/radeon/r100.c                      |  13 +-
 drivers/gpu/drm/xe/Makefile                        |   4 +-
 drivers/gpu/drm/xe/regs/xe_gtt_defs.h              |   6 +-
 drivers/gpu/drm/xe/xe_device.c                     |   3 +-
 drivers/gpu/drm/xe/xe_guc_capture.c                |  10 +-
 drivers/gpu/drm/xe/xe_pt.c                         | 131 +++++++-----
 42 files changed, 731 insertions(+), 450 deletions(-)
$ git am -3 ../patches/0001-drm-Fix-up-lut3d-mismerge.patch
Applying: drm: Fix up lut3d mismerge
Using index info to reconstruct a base tree...
M	drivers/gpu/drm/drm_atomic.c
M	include/drm/drm_colorop.h
Falling back to patching base and 3-way merge...
No changes -- Patch already applied.
Merging drm-exynos/for-linux-next (3a8660878839f Linux 6.18-rc1)
$ git merge -m Merge branch 'for-linux-next' of https://git.kernel.org/pub/scm/linux/kernel/git/daeinki/drm-exynos.git drm-exynos/for-linux-next
Already up to date.
Merging drm-misc/for-linux-next (52d4ab1ca790a Merge tag 'drm-misc-next-fixes-2026-06-11' of https://gitlab.freedesktop.org/drm/misc/kernel into drm-next)
$ git merge -m Merge branch 'for-linux-next' of https://gitlab.freedesktop.org/drm/misc/kernel.git drm-misc/for-linux-next
Already up to date.
$ git am -3 ../patches/0001-drm-bridge-microchip-lvds-Rename-drm_atomic_state-to.patch
Applying: drm/bridge: microchip-lvds: Rename drm_atomic_state to drm_atomic_commit
Using index info to reconstruct a base tree...
M	drivers/gpu/drm/bridge/microchip-lvds.c
Falling back to patching base and 3-way merge...
No changes -- Patch already applied.
Merging amdgpu/drm-next (991fd2cb908bf drm/amdgpu/sdma4.4.2: add support for disabling kernel queues)
  01b8dfc0660db ("drm/amdgpu/uvd: Place VCPU BO only in VRAM for UVD 4.x and older")
  0c300e6a76916 ("drm/amd/display: Restore periodic detection for DCN35")
  13158e5dbd896 ("drm/amd/display: Fix mem_type change detection for async flips")
  144169e7be083 ("drm/amd/display: Skip PHY SSC reduction on some 8K panels")
  14682de8ad377 ("drm/amdgpu: convert amdgpu_vm_lock_by_pasid() to drm_exec")
  1b5e413713c0a ("drm/amdgpu: Fix context pstate override handling")
  21fd45e5e2628 ("drm/amdgpu: Fix amdgpu_bo_move() when old_mem and new_mem are both GTT")
  2664ce9143d17 ("drm/amdkfd: check find_first_zero_bit before __set_bit on kfd->doorbell_bitmap")
  3cdff3c8b93c2 ("drm/amdgpu: Use system unbound workqueue for soft IH ring")
  4eca4742eb215 ("drm/amdkfd: Use memdup_array_user to copy data from/to user space at kfd ioctls")
  528b19377affc ("drm/amdgpu: check amdgpu_vm_bo_find() result in GET_MAPPING_INFO")
  60271ec06e04b ("drm/amdkfd: Fix SMI event PID reporting for containers")
  6322d278a298e ("drm/amdkfd: fix list_del corruption in kfd_criu_resume_svm")
  674c692702341 ("drm/amdkfd: Fix NULL deref during sysfs teardown")
  7dba3e10ecdee ("drm/amdgpu: initialize irq.lock spinlock earlier")
  7f61b2eef7415 ("drm/amdgpu: validate CP_GFX_SHADOW chunk size in CS pass1")
  840a3c5aeae77 ("drm/amd/pm: re-enable MC access after PrepareMp1ForUnload on SMU V15 APUs")
  87be26aee7623 ("drm/radeon: fix r100_copy_blit for large BOs")
  88ed96abbbe27 ("drm/amdkfd: Properly acquire queue buffers in CRIU restore")
  8e2d7bbd6b184 ("drm/amd/display: Add IN_FORMATS_ASYNC support for planes")
  927c5b2defb9b ("drm/amdkfd: Avoid double-unpin of DOORBELL/MMIO BOs on free")
  940d33ebbcdeb ("amdgpu/ih6.1: Fix minor version")
  a60ea15807126 ("drm/amdkfd: Use exclusive bounds for SVM split alignment checks")
  bc06579ca29de ("drm/amdgpu: Respect placement requirements in amdgpu_gtt_mgr functions")
  bf21af331ebf7 ("drm/amdgpu/gfx: fix cleaner shader IB buffer overflow")
  c3988a7ad4799 ("drm/amdgpu/gfx9: Fix Ring and IB test fail after mode2")
  cbfd4d3fc2061 ("drm/amdgpu/uvd: Fix forcing MSG, FB BOs into VCPU segment when it isn't at 0 (v2)")
  cd6397b7af826 ("drm/amdgpu: initialize iter.start in amdgpu_devcoredump_format")
  d6bf424273121 ("drm/amdgpu: fix recursive ww_mutex acquire in amdgpu_devcoredump_format")
  d785df5598fd1 ("drm/amdgpu: Don't use UTS_RELEASE directly")
  dbae980eefb2f ("drm/amdgpu: allocate lockdep mutex on the heap to fix stack overflow")
  f44f2af13c418 ("drm/amdgpu: skip already suspended IP blocks in ip_suspend_phase2")
  f54ce9e8cbd3a ("drm/amdkfd: Let driver decide buffer size at AMDKFD_IOC_GET_DMABUF_INFO ioctl")
$ git merge -m Merge branch 'drm-next' of https://gitlab.freedesktop.org/agd5f/linux.git amdgpu/drm-next
Auto-merging drivers/gpu/drm/amd/amdgpu/amdgpu_amdkfd.c
Auto-merging drivers/gpu/drm/amd/amdgpu/amdgpu_amdkfd.h
Auto-merging drivers/gpu/drm/amd/amdgpu/amdgpu_ctx.c
CONFLICT (content): Merge conflict in drivers/gpu/drm/amd/amdgpu/amdgpu_ctx.c
Auto-merging drivers/gpu/drm/amd/amdgpu/amdgpu_dev_coredump.c
Auto-merging drivers/gpu/drm/amd/amdgpu/amdgpu_device.c
CONFLICT (content): Merge conflict in drivers/gpu/drm/amd/amdgpu/amdgpu_device.c
Auto-merging drivers/gpu/drm/amd/amdgpu/amdgpu_gfx.c
Auto-merging drivers/gpu/drm/amd/amdgpu/gfx_v9_0.c
Auto-merging drivers/gpu/drm/amd/amdkfd/kfd_chardev.c
Auto-merging drivers/gpu/drm/amd/amdkfd/kfd_process.c
Auto-merging drivers/gpu/drm/amd/display/amdgpu_dm/amdgpu_dm.c
Auto-merging drivers/gpu/drm/amd/display/amdgpu_dm/amdgpu_dm_helpers.c
Auto-merging drivers/gpu/drm/drm_connector.c
Auto-merging drivers/gpu/drm/drm_displayid_internal.h
Auto-merging drivers/gpu/drm/drm_edid.c
Auto-merging include/drm/drm_connector.h
Recorded preimage for 'drivers/gpu/drm/amd/amdgpu/amdgpu_ctx.c'
Recorded preimage for 'drivers/gpu/drm/amd/amdgpu/amdgpu_device.c'
Automatic merge failed; fix conflicts and then commit the result.
$ git commit --no-edit -v -a
Recorded resolution for 'drivers/gpu/drm/amd/amdgpu/amdgpu_ctx.c'.
Recorded resolution for 'drivers/gpu/drm/amd/amdgpu/amdgpu_device.c'.
[master a9c6e6fa2c289] Merge branch 'drm-next' of https://gitlab.freedesktop.org/agd5f/linux.git
$ git diff -M --stat --summary HEAD^..
 drivers/gpu/drm/amd/amdgpu/amdgpu.h                |    4 +-
 drivers/gpu/drm/amd/amdgpu/amdgpu_amdkfd.c         |   14 +
 drivers/gpu/drm/amd/amdgpu/amdgpu_amdkfd.h         |   22 +-
 .../gpu/drm/amd/amdgpu/amdgpu_amdkfd_gc_9_4_3.c    |   63 +-
 drivers/gpu/drm/amd/amdgpu/amdgpu_ctx.c            |  215 +-
 drivers/gpu/drm/amd/amdgpu/amdgpu_ctx.h            |   14 +-
 drivers/gpu/drm/amd/amdgpu/amdgpu_debugfs.c        |    7 +
 drivers/gpu/drm/amd/amdgpu/amdgpu_dev_coredump.c   |    1 +
 drivers/gpu/drm/amd/amdgpu/amdgpu_device.c         |    6 +
 drivers/gpu/drm/amd/amdgpu/amdgpu_discovery.c      |  303 +-
 drivers/gpu/drm/amd/amdgpu/amdgpu_discovery.h      |    6 +
 drivers/gpu/drm/amd/amdgpu/amdgpu_drv.c            |   15 +-
 drivers/gpu/drm/amd/amdgpu/amdgpu_fence.c          |   53 +-
 drivers/gpu/drm/amd/amdgpu/amdgpu_gfx.c            |  261 +
 drivers/gpu/drm/amd/amdgpu/amdgpu_gfx.h            |   22 +
 drivers/gpu/drm/amd/amdgpu/amdgpu_ip.h             |    1 +
 drivers/gpu/drm/amd/amdgpu/amdgpu_jpeg.h           |    3 +
 drivers/gpu/drm/amd/amdgpu/amdgpu_kms.c            |   27 +
 drivers/gpu/drm/amd/amdgpu/amdgpu_mes.c            |   70 +-
 drivers/gpu/drm/amd/amdgpu/amdgpu_mes.h            |   14 +
 drivers/gpu/drm/amd/amdgpu/amdgpu_preempt_mgr.c    |   14 +-
 drivers/gpu/drm/amd/amdgpu/amdgpu_psp_ta.c         |    5 +-
 drivers/gpu/drm/amd/amdgpu/amdgpu_ras.c            |    7 +
 drivers/gpu/drm/amd/amdgpu/amdgpu_ras_eeprom.c     |    5 +-
 drivers/gpu/drm/amd/amdgpu/amdgpu_ring.h           |    3 +
 drivers/gpu/drm/amd/amdgpu/amdgpu_rlc.c            |   39 +
 drivers/gpu/drm/amd/amdgpu/amdgpu_rlc.h            |   10 +
 drivers/gpu/drm/amd/amdgpu/amdgpu_sched.c          |    8 +-
 drivers/gpu/drm/amd/amdgpu/amdgpu_sdma.c           |   19 +-
 drivers/gpu/drm/amd/amdgpu/amdgpu_trace.h          |  150 +
 drivers/gpu/drm/amd/amdgpu/amdgpu_ttm.h            |    1 +
 drivers/gpu/drm/amd/amdgpu/amdgpu_userq.c          |  125 +-
 drivers/gpu/drm/amd/amdgpu/amdgpu_userq.h          |    5 +-
 drivers/gpu/drm/amd/amdgpu/amdgpu_userq_fence.c    |   10 +-
 drivers/gpu/drm/amd/amdgpu/amdgpu_vcn.c            |   64 +-
 drivers/gpu/drm/amd/amdgpu/amdgpu_vcn.h            |    3 +
 drivers/gpu/drm/amd/amdgpu/gfx_v10_0.c             |    2 +
 drivers/gpu/drm/amd/amdgpu/gfx_v11_0.c             |  266 +-
 drivers/gpu/drm/amd/amdgpu/gfx_v12_0.c             |  218 +-
 drivers/gpu/drm/amd/amdgpu/gfx_v12_1.c             |    4 +
 drivers/gpu/drm/amd/amdgpu/gfx_v9_0.c              |    2 +
 drivers/gpu/drm/amd/amdgpu/gfx_v9_4_3.c            |    2 +
 drivers/gpu/drm/amd/amdgpu/jpeg_v4_0_3.c           |   17 +
 drivers/gpu/drm/amd/amdgpu/jpeg_v5_0_1.c           |   17 +
 drivers/gpu/drm/amd/amdgpu/mes_userqueue.c         |  146 +-
 drivers/gpu/drm/amd/amdgpu/mes_userqueue.h         |    9 +
 drivers/gpu/drm/amd/amdgpu/mes_v11_0.c             |  238 +-
 drivers/gpu/drm/amd/amdgpu/mes_v12_0.c             |  254 +-
 drivers/gpu/drm/amd/amdgpu/mes_v12_1.c             |   22 +-
 drivers/gpu/drm/amd/amdgpu/sdma_v4_4_2.c           |   14 +
 drivers/gpu/drm/amd/amdgpu/soc15_common.h          |   55 +-
 drivers/gpu/drm/amd/amdgpu/vcn_v4_0.c              |   45 +-
 drivers/gpu/drm/amd/amdgpu/vcn_v4_0_3.c            |   17 +
 drivers/gpu/drm/amd/amdgpu/vcn_v4_0_5.c            |    6 +-
 drivers/gpu/drm/amd/amdgpu/vcn_v5_0_1.c            |   17 +
 drivers/gpu/drm/amd/amdkfd/kfd_chardev.c           |    3 +-
 drivers/gpu/drm/amd/amdkfd/kfd_device.c            |   24 +
 .../gpu/drm/amd/amdkfd/kfd_device_queue_manager.c  |  195 +-
 .../gpu/drm/amd/amdkfd/kfd_device_queue_manager.h  |    2 +
 drivers/gpu/drm/amd/amdkfd/kfd_events.c            |  173 +-
 drivers/gpu/drm/amd/amdkfd/kfd_events.h            |    3 -
 drivers/gpu/drm/amd/amdkfd/kfd_mqd_manager.c       |   16 +
 drivers/gpu/drm/amd/amdkfd/kfd_mqd_manager.h       |    2 +
 drivers/gpu/drm/amd/amdkfd/kfd_mqd_manager_v9.c    |   14 -
 drivers/gpu/drm/amd/amdkfd/kfd_priv.h              |   16 +-
 drivers/gpu/drm/amd/amdkfd/kfd_process.c           |   45 +-
 drivers/gpu/drm/amd/amdkfd/kfd_topology.c          |   14 +-
 drivers/gpu/drm/amd/amdxcp/amdgpu_xcp_drv.c        |   18 +-
 drivers/gpu/drm/amd/display/amdgpu_dm/Makefile     |    6 +-
 drivers/gpu/drm/amd/display/amdgpu_dm/amdgpu_dm.c  | 7089 +-------------------
 drivers/gpu/drm/amd/display/amdgpu_dm/amdgpu_dm.h  |   79 +-
 .../drm/amd/display/amdgpu_dm/amdgpu_dm_audio.c    |  323 +
 .../drm/amd/display/amdgpu_dm/amdgpu_dm_audio.h    |   56 +
 .../amd/display/amdgpu_dm/amdgpu_dm_backlight.c    |  704 ++
 .../amd/display/amdgpu_dm/amdgpu_dm_backlight.h    |   67 +
 .../drm/amd/display/amdgpu_dm/amdgpu_dm_color.c    |   69 +-
 .../drm/amd/display/amdgpu_dm/amdgpu_dm_color.h    |    8 +-
 .../amd/display/amdgpu_dm/amdgpu_dm_connector.c    | 3605 ++++++++++
 .../amd/display/amdgpu_dm/amdgpu_dm_connector.h    |  162 +
 .../gpu/drm/amd/display/amdgpu_dm/amdgpu_dm_crc.c  |  100 +-
 .../gpu/drm/amd/display/amdgpu_dm/amdgpu_dm_crc.h  |    6 +
 .../gpu/drm/amd/display/amdgpu_dm/amdgpu_dm_crtc.c |   14 +-
 .../gpu/drm/amd/display/amdgpu_dm/amdgpu_dm_crtc.h |    6 +
 .../drm/amd/display/amdgpu_dm/amdgpu_dm_debugfs.c  |   78 +-
 .../gpu/drm/amd/display/amdgpu_dm/amdgpu_dm_dmub.c |  933 +++
 .../gpu/drm/amd/display/amdgpu_dm/amdgpu_dm_dmub.h |   68 +
 .../gpu/drm/amd/display/amdgpu_dm/amdgpu_dm_hdcp.c |  115 +-
 .../gpu/drm/amd/display/amdgpu_dm/amdgpu_dm_hdcp.h |   12 +
 .../drm/amd/display/amdgpu_dm/amdgpu_dm_helpers.c  |   66 +-
 .../drm/amd/display/amdgpu_dm/amdgpu_dm_helpers.h  |   20 +
 .../gpu/drm/amd/display/amdgpu_dm/amdgpu_dm_irq.c  | 1551 ++++-
 .../gpu/drm/amd/display/amdgpu_dm/amdgpu_dm_irq.h  |   27 +
 .../display/amdgpu_dm/amdgpu_dm_kunit_helpers.h    |    1 +
 .../amd/display/amdgpu_dm/amdgpu_dm_mst_types.c    |  170 +-
 .../amd/display/amdgpu_dm/amdgpu_dm_mst_types.h    |   18 +
 .../drm/amd/display/amdgpu_dm/amdgpu_dm_pp_smu.c   |  277 +-
 .../drm/amd/display/amdgpu_dm/amdgpu_dm_pp_smu.h   |   38 +
 .../drm/amd/display/amdgpu_dm/amdgpu_dm_quirks.c   |    2 +
 .../drm/amd/display/amdgpu_dm/amdgpu_dm_replay.c   |    7 +-
 .../drm/amd/display/amdgpu_dm/amdgpu_dm_services.c |    7 +
 .../gpu/drm/amd/display/amdgpu_dm/amdgpu_dm_wb.c   |   15 +-
 .../gpu/drm/amd/display/amdgpu_dm/amdgpu_dm_wb.h   |   13 +
 .../drm/amd/display/amdgpu_dm/tests/.kunitconfig   |    3 +
 .../gpu/drm/amd/display/amdgpu_dm/tests/Makefile   |   15 +
 .../display/amdgpu_dm/tests/amdgpu_dm_audio_test.c |  490 ++
 .../amdgpu_dm/tests/amdgpu_dm_backlight_test.c     | 1128 ++++
 .../display/amdgpu_dm/tests/amdgpu_dm_color_test.c |   64 +-
 .../amdgpu_dm/tests/amdgpu_dm_connector_test.c     | 2142 ++++++
 .../display/amdgpu_dm/tests/amdgpu_dm_crc_test.c   |  122 +
 .../display/amdgpu_dm/tests/amdgpu_dm_crtc_test.c  |  532 ++
 .../display/amdgpu_dm/tests/amdgpu_dm_dmub_test.c  |  600 ++
 .../display/amdgpu_dm/tests/amdgpu_dm_hdcp_test.c  |  297 +-
 .../amdgpu_dm/tests/amdgpu_dm_helpers_test.c       |  645 ++
 .../display/amdgpu_dm/tests/amdgpu_dm_irq_test.c   |  934 +++
 .../amdgpu_dm/tests/amdgpu_dm_mst_types_test.c     |  509 ++
 .../amdgpu_dm/tests/amdgpu_dm_pp_smu_test.c        |  977 +++
 .../amdgpu_dm/tests/amdgpu_dm_quirks_test.c        |  103 +
 .../amdgpu_dm/tests/amdgpu_dm_services_test.c      |  313 +
 .../amd/display/amdgpu_dm/tests/amdgpu_dm_test.c   |  929 +++
 .../display/amdgpu_dm/tests/amdgpu_dm_wb_test.c    |  336 +
 drivers/gpu/drm/amd/display/dc/core/dc.c           |  289 +-
 .../gpu/drm/amd/display/dc/core/dc_hw_sequencer.c  |   20 +-
 drivers/gpu/drm/amd/display/dc/core/dc_surface.c   |   44 +-
 drivers/gpu/drm/amd/display/dc/dc.h                |  231 +-
 drivers/gpu/drm/amd/display/dc/dc_dmub_srv.c       |   12 -
 drivers/gpu/drm/amd/display/dc/dc_dmub_srv.h       |    9 -
 drivers/gpu/drm/amd/display/dc/dc_dp_types.h       |    1 +
 drivers/gpu/drm/amd/display/dc/dc_helper.c         |  226 -
 drivers/gpu/drm/amd/display/dc/dc_stream.h         |   29 +
 drivers/gpu/drm/amd/display/dc/dc_types.h          |   66 +-
 .../gpu/drm/amd/display/dc/dccg/dcn42/dcn42_dccg.c |    6 +-
 drivers/gpu/drm/amd/display/dc/dm_services.h       |    4 -
 .../gpu/drm/amd/display/dc/dml/calcs/dcn_calcs.c   |    2 +-
 .../display/dc/dml2_0/dml21/dml21_wrapper_fpu.c    |    8 +-
 .../dml21/inc/bounding_boxes/dcn42b_soc_bb.h       |    2 +-
 .../dml2_0/dml21/src/dml2_core/dml2_core_factory.c |    2 -
 .../dml21/src/dml2_core/dml2_core_shared_types.h   |    2 -
 .../dml21/src/inc/dml2_internal_shared_types.h     |    1 -
 .../drm/amd/display/dc/dpp/dcn10/dcn10_dpp_cm.c    |    5 -
 .../drm/amd/display/dc/hubbub/dcn31/dcn31_hubbub.c |    8 +-
 .../drm/amd/display/dc/hubp/dcn401/dcn401_hubp.c   |    2 +-
 .../gpu/drm/amd/display/dc/hubp/dcn42/dcn42_hubp.c |    6 +
 .../drm/amd/display/dc/hwss/dce110/dce110_hwseq.c  |    8 +-
 .../drm/amd/display/dc/hwss/dce60/dce60_hwseq.c    |    8 +-
 .../drm/amd/display/dc/hwss/dcn10/dcn10_hwseq.c    |   62 +-
 .../drm/amd/display/dc/hwss/dcn20/dcn20_hwseq.c    |   76 +-
 .../drm/amd/display/dc/hwss/dcn201/dcn201_hwseq.c  |    2 +-
 .../drm/amd/display/dc/hwss/dcn30/dcn30_hwseq.c    |   10 +-
 .../drm/amd/display/dc/hwss/dcn32/dcn32_hwseq.c    |   33 +-
 .../drm/amd/display/dc/hwss/dcn35/dcn35_hwseq.c    |    3 -
 .../drm/amd/display/dc/hwss/dcn401/dcn401_hwseq.c  |  244 +-
 .../drm/amd/display/dc/hwss/dcn401/dcn401_hwseq.h  |    2 +-
 .../drm/amd/display/dc/hwss/dcn42/dcn42_hwseq.c    |  327 +-
 .../drm/amd/display/dc/hwss/dcn42/dcn42_hwseq.h    |    5 +-
 .../drm/amd/display/dc/hwss/hw_sequencer_private.h |    3 +-
 drivers/gpu/drm/amd/display/dc/inc/hw/clk_mgr.h    |    4 +
 drivers/gpu/drm/amd/display/dc/inc/hw/hubp.h       |    2 +-
 drivers/gpu/drm/amd/display/dc/inc/reg_helper.h    |   19 -
 .../drm/amd/display/dc/inc/soc_and_ip_translator.h |   14 -
 .../display/dc/link/protocols/link_dp_capability.c |    6 +-
 .../gpu/drm/amd/display/dc/mpc/dcn20/dcn20_mpc.c   |    4 -
 .../gpu/drm/amd/display/dc/optc/dcn10/dcn10_optc.c |    5 -
 .../gpu/drm/amd/display/dc/optc/dcn20/dcn20_optc.c |    5 -
 .../gpu/drm/amd/display/dc/optc/dcn31/dcn31_optc.c |    5 -
 .../drm/amd/display/dc/optc/dcn314/dcn314_optc.c   |    5 -
 .../gpu/drm/amd/display/dc/optc/dcn32/dcn32_optc.c |    5 -
 .../gpu/drm/amd/display/dc/optc/dcn35/dcn35_optc.c |    5 -
 .../drm/amd/display/dc/optc/dcn401/dcn401_optc.c   |    5 -
 .../amd/display/dc/resource/dcn35/dcn35_resource.c |    1 -
 .../display/dc/resource/dcn351/dcn351_resource.c   |    1 -
 .../amd/display/dc/resource/dcn36/dcn36_resource.c |    1 -
 .../amd/display/dc/resource/dcn42/dcn42_resource.c |    1 +
 .../display/dc/resource/dcn42b/dcn42b_resource.c   |    2 +-
 drivers/gpu/drm/amd/display/dmub/inc/dmub_cmd.h    |  178 +-
 .../drm/amd/display/include/ddc_service_types.h    |    1 +
 .../drm/amd/display/modules/power/power_replay.c   |    9 +-
 .../amd/include/asic_reg/sdma/sdma_4_4_2_offset.h  |    4 +
 drivers/gpu/drm/amd/include/kgd_kfd_interface.h    |    3 +
 drivers/gpu/drm/amd/include/mes_v11_api_def.h      |    5 +-
 drivers/gpu/drm/amd/include/mes_v12_api_def.h      |    5 +-
 drivers/gpu/drm/amd/include/soc15_hw_ip.h          |    1 +
 drivers/gpu/drm/amd/include/v9_structs.h           |    4 +-
 .../gpu/drm/amd/pm/powerplay/hwmgr/smu7_hwmgr.c    |   36 +-
 .../gpu/drm/amd/pm/powerplay/hwmgr/vega10_hwmgr.c  |   39 +-
 drivers/gpu/drm/amd/pm/swsmu/smu11/arcturus_ppt.c  |    7 +-
 drivers/gpu/drm/amd/pm/swsmu/smu11/navi10_ppt.c    |    7 +-
 .../drm/amd/pm/swsmu/smu11/sienna_cichlid_ppt.c    |    7 +-
 .../gpu/drm/amd/pm/swsmu/smu13/smu_v13_0_0_ppt.c   |    7 +-
 .../gpu/drm/amd/pm/swsmu/smu13/smu_v13_0_12_ppt.c  |    2 +-
 .../gpu/drm/amd/pm/swsmu/smu13/smu_v13_0_7_ppt.c   |    7 +-
 .../gpu/drm/amd/pm/swsmu/smu14/smu_v14_0_2_ppt.c   |    7 +-
 drivers/gpu/drm/amd/pm/swsmu/smu_cmn.h             |   10 +
 drivers/gpu/drm/amd/ras/ras_mgr/amdgpu_ras_cmd.c   |    3 -
 .../drm/amd/ras/ras_mgr/amdgpu_ras_eeprom_i2c.c    |    2 +-
 drivers/gpu/drm/amd/ras/ras_mgr/amdgpu_ras_mgr.c   |   44 +-
 drivers/gpu/drm/amd/ras/ras_mgr/amdgpu_ras_sys.c   |   19 +
 drivers/gpu/drm/amd/ras/ras_mgr/ras_sys.h          |    3 +
 drivers/gpu/drm/amd/ras/rascore/ras.h              |    2 +
 drivers/gpu/drm/amd/ras/rascore/ras_aca_v1_0.c     |   13 +-
 drivers/gpu/drm/amd/ras/rascore/ras_core.c         |   10 +
 drivers/gpu/drm/amd/ras/rascore/ras_eeprom.c       |    3 +
 drivers/gpu/drm/amd/ras/rascore/ras_eeprom_fw.c    |    2 +-
 drivers/gpu/drm/amd/ras/rascore/ras_process.c      |    5 +-
 drivers/gpu/drm/amd/ras/rascore/ras_umc.c          |   32 +-
 drivers/gpu/drm/amd/ras/rascore/ras_umc.h          |    6 +
 drivers/gpu/drm/drm_connector.c                    |    3 +-
 drivers/gpu/drm/drm_displayid_internal.h           |   24 +
 drivers/gpu/drm/drm_edid.c                         |   80 +-
 drivers/gpu/drm/radeon/r600_dpm.c                  |   21 +-
 include/drm/drm_connector.h                        |    6 +
 include/uapi/drm/amdgpu_drm.h                      |   21 +
 include/uapi/drm/drm_mode.h                        |    1 +
 212 files changed, 22123 insertions(+), 9680 deletions(-)
 create mode 100644 drivers/gpu/drm/amd/display/amdgpu_dm/amdgpu_dm_audio.c
 create mode 100644 drivers/gpu/drm/amd/display/amdgpu_dm/amdgpu_dm_audio.h
 create mode 100644 drivers/gpu/drm/amd/display/amdgpu_dm/amdgpu_dm_backlight.c
 create mode 100644 drivers/gpu/drm/amd/display/amdgpu_dm/amdgpu_dm_backlight.h
 create mode 100644 drivers/gpu/drm/amd/display/amdgpu_dm/amdgpu_dm_connector.c
 create mode 100644 drivers/gpu/drm/amd/display/amdgpu_dm/amdgpu_dm_connector.h
 create mode 100644 drivers/gpu/drm/amd/display/amdgpu_dm/amdgpu_dm_dmub.c
 create mode 100644 drivers/gpu/drm/amd/display/amdgpu_dm/amdgpu_dm_dmub.h
 create mode 100644 drivers/gpu/drm/amd/display/amdgpu_dm/amdgpu_dm_helpers.h
 create mode 100644 drivers/gpu/drm/amd/display/amdgpu_dm/amdgpu_dm_pp_smu.h
 create mode 100644 drivers/gpu/drm/amd/display/amdgpu_dm/tests/amdgpu_dm_audio_test.c
 create mode 100644 drivers/gpu/drm/amd/display/amdgpu_dm/tests/amdgpu_dm_backlight_test.c
 create mode 100644 drivers/gpu/drm/amd/display/amdgpu_dm/tests/amdgpu_dm_connector_test.c
 create mode 100644 drivers/gpu/drm/amd/display/amdgpu_dm/tests/amdgpu_dm_crtc_test.c
 create mode 100644 drivers/gpu/drm/amd/display/amdgpu_dm/tests/amdgpu_dm_dmub_test.c
 create mode 100644 drivers/gpu/drm/amd/display/amdgpu_dm/tests/amdgpu_dm_helpers_test.c
 create mode 100644 drivers/gpu/drm/amd/display/amdgpu_dm/tests/amdgpu_dm_irq_test.c
 create mode 100644 drivers/gpu/drm/amd/display/amdgpu_dm/tests/amdgpu_dm_mst_types_test.c
 create mode 100644 drivers/gpu/drm/amd/display/amdgpu_dm/tests/amdgpu_dm_pp_smu_test.c
 create mode 100644 drivers/gpu/drm/amd/display/amdgpu_dm/tests/amdgpu_dm_quirks_test.c
 create mode 100644 drivers/gpu/drm/amd/display/amdgpu_dm/tests/amdgpu_dm_services_test.c
 create mode 100644 drivers/gpu/drm/amd/display/amdgpu_dm/tests/amdgpu_dm_test.c
 create mode 100644 drivers/gpu/drm/amd/display/amdgpu_dm/tests/amdgpu_dm_wb_test.c
$ git am -3 ../patches/0001-amdgpu-Fix-up-drm_atomic_commit-rename.patch
Applying: amdgpu: Fix up drm_atomic_commit rename
Using index info to reconstruct a base tree...
M	drivers/gpu/drm/amd/display/amdgpu_dm/amdgpu_dm.c
Falling back to patching base and 3-way merge...
Auto-merging drivers/gpu/drm/amd/display/amdgpu_dm/amdgpu_dm.c
No changes -- Patch already applied.
Merging drm-intel/for-linux-next (062499cc4813b drm/i915/mtl+: Enable PPS before PLL)
$ git merge -m Merge branch 'for-linux-next' of https://gitlab.freedesktop.org/drm/i915/kernel.git drm-intel/for-linux-next
Already up to date.
Merging drm-msm/msm-next (9a967125427e0 drm/msm/adreno: add Adreno 810 GPU support)
$ git merge -m Merge branch 'msm-next' of https://gitlab.freedesktop.org/drm/msm.git drm-msm/msm-next
Already up to date.
Merging drm-msm-lumag/msm-next-lumag (8de061ca149c9 drm/msm: Restore second parameter name in purge() and evict())
$ git merge -m Merge branch 'msm-next-lumag' of https://gitlab.freedesktop.org/lumag/msm.git drm-msm-lumag/msm-next-lumag
Already up to date.
Merging drm-xe/drm-xe-next (63dfab5786ca9 drm/xe/xe_ras: Add drm_ras feature flag)
  0a78a44f4901a ("drm/xe/guc: Fix buffer overflow in steered register list allocation")
  0d81db90d364c ("drm/xe: Set TTM device beneficial_order to 9 (2M)")
  3a11a63cc1666 ("drm/xe: Fix wa_oob codegen recipe for external module builds")
  669252801a4aa ("drm/xe: Add compact-PT and addr mask handling for page reclaim")
$ git merge -m Merge branch 'drm-xe-next' of https://gitlab.freedesktop.org/drm/xe/kernel.git drm-xe/drm-xe-next
Auto-merging drivers/gpu/drm/xe/xe_device.c
Auto-merging drivers/gpu/drm/xe/xe_drm_ras.c
Auto-merging drivers/gpu/drm/xe/xe_guc_submit.c
CONFLICT (content): Merge conflict in drivers/gpu/drm/xe/xe_guc_submit.c
Auto-merging drivers/gpu/drm/xe/xe_hw_error.c
Auto-merging drivers/gpu/drm/xe/xe_pt.c
Auto-merging kernel/events/core.c
Resolved 'drivers/gpu/drm/xe/xe_guc_submit.c' using previous resolution.
Automatic merge failed; fix conflicts and then commit the result.
$ git commit --no-edit -v -a
[master 7a1aac5265b3b] Merge branch 'drm-xe-next' of https://gitlab.freedesktop.org/drm/xe/kernel.git
$ git diff -M --stat --summary HEAD^..
 .../ABI/testing/sysfs-driver-intel-xe-hwmon        |   7 +
 drivers/gpu/drm/xe/Kconfig.profile                 |  71 ++++---
 drivers/gpu/drm/xe/tests/Makefile                  |   1 +
 drivers/gpu/drm/xe/tests/xe_rtp_tables_test.c      |  91 +++++++++
 drivers/gpu/drm/xe/tests/xe_rtp_test.c             | 155 ++++++++------
 drivers/gpu/drm/xe/xe_device.c                     |  29 ++-
 drivers/gpu/drm/xe/xe_device_types.h               |   2 +
 drivers/gpu/drm/xe/xe_drm_ras.c                    |  41 ++--
 drivers/gpu/drm/xe/xe_eu_stall.c                   |   5 +-
 drivers/gpu/drm/xe/xe_exec_queue_types.h           |   2 -
 drivers/gpu/drm/xe/xe_execlist.c                   |   7 -
 drivers/gpu/drm/xe/xe_ggtt.c                       |   8 +-
 drivers/gpu/drm/xe/xe_gt_mcr.c                     |  16 +-
 drivers/gpu/drm/xe/xe_guc_submit.c                 |  18 +-
 drivers/gpu/drm/xe/xe_hw_engine.c                  | 224 +++++++++++----------
 drivers/gpu/drm/xe/xe_hw_error.c                   |  23 +--
 drivers/gpu/drm/xe/xe_lrc.c                        |   8 +-
 drivers/gpu/drm/xe/xe_oa.c                         |  25 ++-
 drivers/gpu/drm/xe/xe_observation.c                |  32 ++-
 drivers/gpu/drm/xe/xe_observation.h                |   3 +-
 drivers/gpu/drm/xe/xe_pci.c                        |   3 +
 drivers/gpu/drm/xe/xe_pci_types.h                  |   1 +
 drivers/gpu/drm/xe/xe_pcode.c                      |   8 +-
 drivers/gpu/drm/xe/xe_pcode.h                      |   2 +-
 drivers/gpu/drm/xe/xe_pt.c                         |  18 +-
 drivers/gpu/drm/xe/xe_pxp.c                        |  35 +++-
 drivers/gpu/drm/xe/xe_query.c                      |   7 +-
 drivers/gpu/drm/xe/xe_ras.c                        | 192 ++++++++++++++++++
 drivers/gpu/drm/xe/xe_ras.h                        |   5 +
 drivers/gpu/drm/xe/xe_ras_types.h                  |  51 +++++
 drivers/gpu/drm/xe/xe_reg_whitelist.c              |   7 +-
 drivers/gpu/drm/xe/xe_rtp.c                        |  41 ++--
 drivers/gpu/drm/xe/xe_rtp.h                        |  43 +++-
 drivers/gpu/drm/xe/xe_rtp_types.h                  |  43 +++-
 drivers/gpu/drm/xe/xe_sysctrl_mailbox.c            |  28 +++
 drivers/gpu/drm/xe/xe_sysctrl_mailbox.h            |   3 +
 drivers/gpu/drm/xe/xe_sysctrl_mailbox_types.h      |   4 +
 drivers/gpu/drm/xe/xe_tile.c                       |   4 +-
 drivers/gpu/drm/xe/xe_tuning.c                     |  46 ++---
 drivers/gpu/drm/xe/xe_tuning.h                     |   6 +
 drivers/gpu/drm/xe/xe_vm_madvise.c                 |  19 +-
 drivers/gpu/drm/xe/xe_wa.c                         |  98 ++++-----
 drivers/gpu/drm/xe/xe_wa.h                         |   7 +
 drivers/gpu/drm/xe/xe_wa_oob.rules                 |   1 +
 include/drm/intel/pciids.h                         |   5 +-
 include/linux/perf_event.h                         |  31 ++-
 include/uapi/drm/xe_drm.h                          |  11 +-
 kernel/events/core.c                               |  18 ++
 48 files changed, 1080 insertions(+), 425 deletions(-)
 create mode 100644 drivers/gpu/drm/xe/tests/xe_rtp_tables_test.c
$ git am -3 ../patches/0001-drm-xe-Fix-up-merge-issue.patch
Applying: drm: xe: Fix up merge issue
Using index info to reconstruct a base tree...
M	drivers/gpu/drm/xe/xe_ttm_vram_mgr.c
Falling back to patching base and 3-way merge...
Auto-merging drivers/gpu/drm/xe/xe_ttm_vram_mgr.c
No changes -- Patch already applied.
Merging drm-rust/for-linux-next (99676aed1fec1 gpu: nova-core: move lifetime to `Bar0`)
$ git merge -m Merge branch 'for-linux-next' of https://gitlab.freedesktop.org/drm/rust/kernel.git drm-rust/for-linux-next
Already up to date.
$ git am -3 ../patches/0001-drm-nova-Fix-up-merge-issue.patch
Applying: drm: nova: Fix up merge issue
Using index info to reconstruct a base tree...
M	drivers/gpu/nova-core/gsp/cmdq.rs
Falling back to patching base and 3-way merge...
Auto-merging drivers/gpu/nova-core/gsp/cmdq.rs
No changes -- Patch already applied.
Merging drm-nova/nova-next (93296e9d9528f gpu: nova-core: vbios: store reference to Device where relevant)
$ git merge -m Merge branch 'nova-next' of https://gitlab.freedesktop.org/drm/nova.git drm-nova/nova-next
Already up to date.
Merging etnaviv/etnaviv/next (6bde14ba5f7ef drm/etnaviv: add optional reset support)
$ git merge -m Merge branch 'etnaviv/next' of https://git.pengutronix.de/git/lst/linux etnaviv/etnaviv/next
Already up to date.
Merging fbdev/for-next (8cd9520d35a6c Linux 7.1)
$ git merge -m Merge branch 'for-next' of https://git.kernel.org/pub/scm/linux/kernel/git/deller/linux-fbdev.git fbdev/for-next
Already up to date.
$ git am -3 ../patches/0001-fix-up-for-drm-hyperv-Remove-reference-to-hyperv_fb-.patch
Applying: fix up for "drm/hyperv: Remove reference to hyperv_fb driver"
$ git reset HEAD^
Unstaged changes after reset:
M	drivers/gpu/drm/hyperv/Kconfig
$ git add -A .
$ git commit -v -a --amend
warning: notes ref refs/notes/commits is invalid
[master 24a2e06b0f9cd] Merge branch 'drm-xe-next' of https://gitlab.freedesktop.org/drm/xe/kernel.git
 Date: Mon Jun 22 11:43:01 2026 +0100
Merging regmap/for-next (9df54deb2b174 Merge remote-tracking branch 'regmap/for-7.1' into regmap-linus)
$ git merge -m Merge branch 'for-next' of https://git.kernel.org/pub/scm/linux/kernel/git/broonie/regmap.git regmap/for-next
Already up to date.
Merging sound/for-next (6efb1897209ab ALSA: hda/realtek: Add LED fixup for HP EliteBook 6 G2i Laptops)
$ git merge -m Merge branch 'for-next' of https://git.kernel.org/pub/scm/linux/kernel/git/tiwai/sound.git sound/for-next
Merge made by the 'ort' strategy.
 sound/hda/codecs/realtek/alc269.c | 5 +++++
 1 file changed, 5 insertions(+)
Merging ieee1394/for-next (e954726de5696 firewire: core: Open-code topology list walk)
$ git merge -m Merge branch 'for-next' of https://git.kernel.org/pub/scm/linux/kernel/git/ieee1394/linux1394.git ieee1394/for-next
Already up to date.
Merging sound-asoc/for-next (5531da1a881ca Merge remote-tracking branch 'asoc/for-7.1' into asoc-linus)
$ git merge -m Merge branch 'for-next' of https://git.kernel.org/pub/scm/linux/kernel/git/broonie/sound.git sound-asoc/for-next
Already up to date.
Merging modules/modules-next (36d6b929bb0c7 rust: module_param: add missing newline to pr_warn_once)
$ git merge -m Merge branch 'modules-next' of https://git.kernel.org/pub/scm/linux/kernel/git/modules/linux.git modules/modules-next
Already up to date.
Merging input/next (66725039f7090 Input: mms114 - reject an oversized device packet size)
$ git merge -m Merge branch 'next' of https://git.kernel.org/pub/scm/linux/kernel/git/dtor/input.git input/next
Auto-merging MAINTAINERS
Merge made by the 'ort' strategy.
 .../bindings/input/touchscreen/st,stmfts.yaml      |   4 +
 .../input/touchscreen/wacom,w9007a-lt03.yaml       |  73 ++++
 Documentation/input/userio.rst                     |  25 +-
 MAINTAINERS                                        |   2 +-
 drivers/input/gameport/ns558.c                     |  46 +--
 drivers/input/joystick/adafruit-seesaw.c           |   2 +-
 drivers/input/joystick/as5011.c                    |   2 +-
 drivers/input/joystick/qwiic-joystick.c            |   2 +-
 drivers/input/keyboard/adp5588-keys.c              |   4 +-
 drivers/input/keyboard/cap11xx.c                   |  14 +-
 drivers/input/keyboard/cypress-sf.c                |   2 +-
 drivers/input/keyboard/dlink-dir685-touchkeys.c    |   2 +-
 drivers/input/keyboard/ipaq-micro-keys.c           |  24 +-
 drivers/input/keyboard/lm8323.c                    |   4 +-
 drivers/input/keyboard/lm8333.c                    |   2 +-
 drivers/input/keyboard/max7359_keypad.c            |   2 +-
 drivers/input/keyboard/mpr121_touchkey.c           |   2 +-
 drivers/input/keyboard/qt1070.c                    |   2 +-
 drivers/input/keyboard/qt2160.c                    |   2 +-
 drivers/input/keyboard/tca8418_keypad.c            |   2 +-
 drivers/input/keyboard/tm2-touchkey.c              |   2 +-
 drivers/input/misc/Kconfig                         |  10 -
 drivers/input/misc/Makefile                        |   1 -
 drivers/input/misc/ad714x-i2c.c                    |  10 +-
 drivers/input/misc/adxl34x-i2c.c                   |   2 +-
 drivers/input/misc/apanel.c                        |   2 +-
 drivers/input/misc/atlas_btns.c                    | 109 ++---
 drivers/input/misc/atmel_captouch.c                |   2 +-
 drivers/input/misc/bma150.c                        |   6 +-
 drivers/input/misc/cma3000_d0x_i2c.c               |   2 +-
 drivers/input/misc/da7280.c                        |   2 +-
 drivers/input/misc/drv260x.c                       |   8 +-
 drivers/input/misc/drv2665.c                       |   2 +-
 drivers/input/misc/drv2667.c                       |   2 +-
 drivers/input/misc/ims-pcu.c                       | 131 +++++-
 drivers/input/misc/kxtj9.c                         |   2 +-
 drivers/input/misc/mma8450.c                       |   2 +-
 drivers/input/misc/pcap_keys.c                     | 125 ------
 drivers/input/misc/pcf8574_keypad.c                |   2 +-
 drivers/input/misc/yealink.c                       |   9 -
 drivers/input/mouse/cyapa.c                        |   2 +-
 drivers/input/mouse/elan_i2c_core.c                |   2 +-
 drivers/input/mouse/synaptics_i2c.c                |   2 +-
 drivers/input/rmi4/rmi_2d_sensor.h                 |   4 +-
 drivers/input/rmi4/rmi_bus.c                       |  42 +-
 drivers/input/rmi4/rmi_bus.h                       |   1 +
 drivers/input/rmi4/rmi_driver.c                    | 206 ++++++----
 drivers/input/rmi4/rmi_driver.h                    |  13 +-
 drivers/input/rmi4/rmi_f11.c                       |   2 +-
 drivers/input/rmi4/rmi_f12.c                       | 407 +++++++++----------
 drivers/input/rmi4/rmi_i2c.c                       |   2 +-
 drivers/input/rmi4/rmi_smbus.c                     |   2 +-
 drivers/input/serio/Kconfig                        |  10 -
 drivers/input/serio/Makefile                       |   1 -
 drivers/input/serio/apbps2.c                       |   7 +-
 drivers/input/serio/i8042-acpipnpio.h              |  56 +--
 drivers/input/serio/userio.c                       |  34 +-
 drivers/input/serio/xilinx_ps2.c                   | 363 -----------------
 drivers/input/tablet/aiptek.c                      |  31 --
 drivers/input/touchscreen/Kconfig                  |  22 +-
 drivers/input/touchscreen/Makefile                 |   2 +-
 drivers/input/touchscreen/ad7879-i2c.c             |   4 +-
 drivers/input/touchscreen/ads7846.c                | 173 +++++++-
 drivers/input/touchscreen/ar1021_i2c.c             |   2 +-
 drivers/input/touchscreen/atmel_mxt_ts.c           |  23 +-
 drivers/input/touchscreen/auo-pixcir-ts.c          |   2 +-
 drivers/input/touchscreen/bu21013_ts.c             |   2 +-
 drivers/input/touchscreen/bu21029_ts.c             |   2 +-
 drivers/input/touchscreen/cy8ctma140.c             |   2 +-
 drivers/input/touchscreen/cy8ctmg110_ts.c          |   2 +-
 drivers/input/touchscreen/cyttsp5.c                |   2 +-
 drivers/input/touchscreen/cyttsp_i2c.c             |   2 +-
 drivers/input/touchscreen/eeti_ts.c                |   2 +-
 drivers/input/touchscreen/egalax_ts.c              |   2 +-
 drivers/input/touchscreen/elants_i2c.c             |   6 +-
 drivers/input/touchscreen/exc3000.c                |   8 +-
 drivers/input/touchscreen/goodix.c                 |   2 +-
 drivers/input/touchscreen/hideep.c                 |   2 +-
 drivers/input/touchscreen/himax_hx83112b.c         |   4 +-
 drivers/input/touchscreen/hynitron-cst816x.c       |   2 +-
 drivers/input/touchscreen/ili210x.c                |   8 +-
 drivers/input/touchscreen/ilitek_ts_i2c.c          |   2 +-
 drivers/input/touchscreen/iqs5xx.c                 |   6 +-
 drivers/input/touchscreen/max11801_ts.c            |   2 +-
 drivers/input/touchscreen/melfas_mip4.c            |   2 +-
 drivers/input/touchscreen/migor_ts.c               |   2 +-
 drivers/input/touchscreen/mms114.c                 |   8 +-
 drivers/input/touchscreen/novatek-nvt-ts.c         |   4 +-
 drivers/input/touchscreen/pcap_ts.c                | 252 ------------
 drivers/input/touchscreen/pixcir_i2c_ts.c          |   4 +-
 drivers/input/touchscreen/raydium_i2c_ts.c         |   4 +-
 drivers/input/touchscreen/rohm_bu21023.c           |   2 +-
 drivers/input/touchscreen/s6sy761.c                |   2 +-
 drivers/input/touchscreen/silead.c                 |  12 +-
 drivers/input/touchscreen/sis_i2c.c                |   4 +-
 drivers/input/touchscreen/st1232.c                 |   4 +-
 drivers/input/touchscreen/stmfts.c                 | 162 +++++---
 drivers/input/touchscreen/touchwin.c               |  15 +-
 drivers/input/touchscreen/tsc2004.c                |   2 +-
 drivers/input/touchscreen/tsc2007_core.c           |   8 +-
 drivers/input/touchscreen/wacom_i2c.c              |   2 +-
 drivers/input/touchscreen/wacom_w9000.c            | 444 +++++++++++++++++++++
 drivers/input/touchscreen/wdt87xx_i2c.c            |   2 +-
 drivers/input/touchscreen/zet6223.c                |   2 +-
 drivers/input/touchscreen/zforce_ts.c              |   2 +-
 include/uapi/linux/userio.h                        |   7 +-
 106 files changed, 1592 insertions(+), 1476 deletions(-)
 create mode 100644 Documentation/devicetree/bindings/input/touchscreen/wacom,w9007a-lt03.yaml
 delete mode 100644 drivers/input/misc/pcap_keys.c
 delete mode 100644 drivers/input/serio/xilinx_ps2.c
 delete mode 100644 drivers/input/touchscreen/pcap_ts.c
 create mode 100644 drivers/input/touchscreen/wacom_w9000.c
Merging block/for-next (5c7804e3279c9 Merge branch 'io_uring-7.2' into for-next)
$ git merge -m Merge branch 'for-next' of https://git.kernel.org/pub/scm/linux/kernel/git/axboe/linux.git block/for-next
Auto-merging kernel/fork.c
Auto-merging kernel/sched/core.c
Merge made by the 'ort' strategy.
 Documentation/block/ublk.rst   |  14 ++---
 block/bio.c                    |  21 ++++++-
 block/blk-core.c               |   7 ---
 block/ioctl.c                  |   2 +-
 drivers/block/ublk_drv.c       |  22 +++----
 include/linux/blkdev.h         |  16 ++---
 include/linux/io_uring/cmd.h   |  38 ++++++++++--
 include/linux/io_uring_types.h |   7 ++-
 io_uring/io_uring.c            |   2 +-
 io_uring/mpscq.h               |   9 +++
 io_uring/nop.c                 |   8 +--
 io_uring/opdef.c               |   1 +
 io_uring/register.c            |  37 ++++++++----
 io_uring/rsrc.c                | 131 +++++++++++++++++++++++++++++------------
 io_uring/rsrc.h                |   5 --
 io_uring/rw.c                  |  12 ++--
 io_uring/tw.c                  |  21 +++----
 kernel/fork.c                  |   1 +
 kernel/sched/core.c            |  12 ++--
 19 files changed, 235 insertions(+), 131 deletions(-)
$ git am -3 ../patches/0001-Revert-block-remove-bio_last_bvec_all.patch
Applying: Revert "block: remove bio_last_bvec_all"
$ git reset HEAD^
Unstaged changes after reset:
M	Documentation/block/biovecs.rst
M	include/linux/bio.h
$ git add -A .
$ git commit -v -a --amend
warning: notes ref refs/notes/commits is invalid
[master 2554755327756] Merge branch 'for-next' of https://git.kernel.org/pub/scm/linux/kernel/git/axboe/linux.git
 Date: Mon Jun 22 11:43:12 2026 +0100
Merging device-mapper/for-next (55c99f2d901c7 dm-zoned-metadata: Use strscpy() to copy device name)
$ git merge -m Merge branch 'for-next' of https://git.kernel.org/pub/scm/linux/kernel/git/device-mapper/linux-dm.git device-mapper/for-next
Already up to date.
Merging libata/for-next (21e7b9710a24b ata: Use named initializers for pci_device_id arrays)
$ git merge -m Merge branch 'for-next' of https://git.kernel.org/pub/scm/linux/kernel/git/libata/linux libata/for-next
Already up to date.
Merging pcmcia/pcmcia-next (b3c26ea81ccc5 pcmcia: remove obsolete host controller drivers)
$ git merge -m Merge branch 'pcmcia-next' of https://git.kernel.org/pub/scm/linux/kernel/git/brodo/linux.git pcmcia/pcmcia-next
Already up to date.
Merging mmc/next (576e40d20e100 mmc: Merge branch fixes into next)
$ git merge -m Merge branch 'next' of https://git.kernel.org/pub/scm/linux/kernel/git/ulfh/mmc.git mmc/next
Already up to date.
Merging mfd/for-mfd-next (c454531af72e0 dt-bindings: mfd: syscon: Revert renesas,r9a08g046-lvds-cmn)
$ git merge -m Merge branch 'for-mfd-next' of https://git.kernel.org/pub/scm/linux/kernel/git/lee/mfd.git mfd/for-mfd-next
Already up to date.
Merging backlight/for-backlight-next (b3c8bb2e69979 backlight: Use named initializers for arrays of i2c_device_data)
$ git merge -m Merge branch 'for-backlight-next' of https://git.kernel.org/pub/scm/linux/kernel/git/lee/backlight.git backlight/for-backlight-next
Already up to date.
Merging battery/for-next (a888754e51e91 Documentation: ABI: sysfs-class-reboot-mode-reboot_modes: fix doc warnings)
$ git merge -m Merge branch 'for-next' of https://git.kernel.org/pub/scm/linux/kernel/git/sre/linux-power-supply.git battery/for-next
Already up to date.
Merging regulator/for-next (504413df7daf7 Merge remote-tracking branch 'regulator/for-7.2' into regulator-next)
$ git merge -m Merge branch 'for-next' of https://git.kernel.org/pub/scm/linux/kernel/git/broonie/regulator.git regulator/for-next
Merge made by the 'ort' strategy.
Merging security/next (a278369efa38d Automated merge of 'dev' into 'next')
$ git merge -m Merge branch 'next' of https://git.kernel.org/pub/scm/linux/kernel/git/pcmoore/lsm.git security/next
Merge made by the 'ort' strategy.
Merging apparmor/apparmor-next (1ed40bd525c00 apparmor: fix label can not be immediately before a declaration)
$ git merge -m Merge branch 'apparmor-next' of https://git.kernel.org/pub/scm/linux/kernel/git/jj/linux-apparmor apparmor/apparmor-next
Auto-merging MAINTAINERS
Auto-merging security/apparmor/apparmorfs.c
Merge made by the 'ort' strategy.
 MAINTAINERS                               |   1 +
 security/apparmor/af_unix.c               |  67 +++++++++--------
 security/apparmor/apparmorfs.c            | 117 ++++++++++++++++++++++--------
 security/apparmor/domain.c                |  97 +++++++++++++++++--------
 security/apparmor/file.c                  |  12 +--
 security/apparmor/include/apparmorfs.h    |  12 +++
 security/apparmor/include/label.h         |  32 ++++++++
 security/apparmor/include/lib.h           |  21 +++---
 security/apparmor/include/policy_unpack.h |  21 +++++-
 security/apparmor/label.c                 |  26 +++----
 security/apparmor/lsm.c                   |   4 +-
 security/apparmor/match.c                 |  22 +++---
 security/apparmor/mount.c                 |  17 ++---
 security/apparmor/net.c                   |   1 +
 security/apparmor/policy.c                |  35 ++++++++-
 security/apparmor/policy_unpack.c         |   6 +-
 security/apparmor/procattr.c              |   2 +
 security/apparmor/task.c                  |   2 +-
 18 files changed, 346 insertions(+), 149 deletions(-)
Merging integrity/next-integrity (35d6f5e788dae doc: security: Add documentation of exporting and deleting IMA measurements)
$ git merge -m Merge branch 'next-integrity' of https://git.kernel.org/pub/scm/linux/kernel/git/zohar/linux-integrity integrity/next-integrity
Already up to date.
Merging selinux/next (fdaf1f88911dd Automated merge of 'dev' into 'next')
$ git merge -m Merge branch 'next' of https://git.kernel.org/pub/scm/linux/kernel/git/pcmoore/selinux.git selinux/next
Merge made by the 'ort' strategy.
Merging smack/next (b78fede1c69a0 smack: simplify write handlers of sysfs entries)
$ git merge -m Merge branch 'next' of https://github.com/cschaufler/smack-next smack/next
Auto-merging security/smack/smack_lsm.c
Merge made by the 'ort' strategy.
 security/smack/smack_lsm.c |  2 +-
 security/smack/smackfs.c   | 81 +++++++++++++---------------------------------
 2 files changed, 23 insertions(+), 60 deletions(-)
Merging tomoyo/master (e07d10ed0f238 lib/Kconfig.debug: enable CONFIG_PREEMPT_RT for syzbot kernels.)
$ git merge -m Merge branch 'master' of git://git.code.sf.net/p/tomoyo/tomoyo.git tomoyo/master
Auto-merging include/linux/netdevice.h
Auto-merging include/net/sock.h
Auto-merging kernel/workqueue.c
Auto-merging lib/Kconfig.debug
Auto-merging net/core/dev.c
Auto-merging net/core/lock_debug.c
Auto-merging net/socket.c
Merge made by the 'ort' strategy.
 include/linux/netdevice.h |  15 ++++
 include/net/dst.h         |  22 +++++-
 include/net/sock.h        |   8 +-
 kernel/locking/lockdep.c  |   2 +
 kernel/softirq.c          |   4 +
 kernel/workqueue.c        |   4 +
 lib/Kconfig.debug         |   7 ++
 net/bridge/br_nf_core.c   |   1 +
 net/core/dev.c            | 188 ++++++++++++++++++++++++++++++++++++++++++++++
 net/core/dst.c            |  85 +++++++++++++++++++++
 net/core/lock_debug.c     |   1 +
 net/socket.c              |  32 ++++++--
 12 files changed, 358 insertions(+), 11 deletions(-)
Merging tpmdd-tpm/for-next-tpm (1a58f6115bfb3 tpm: fix event_size output in tpm1_binary_bios_measurements_show)
$ git merge -m Merge branch 'for-next-tpm' of https://git.kernel.org/pub/scm/linux/kernel/git/jarkko/linux-tpmdd.git tpmdd-tpm/for-next-tpm
Merge made by the 'ort' strategy.
 drivers/char/tpm/eventlog/tpm1.c |  4 +--
 drivers/char/tpm/tpm2-cmd.c      |  6 ++--
 drivers/char/tpm/tpm2-sessions.c | 56 +++++++++++++++++++++++++----------
 drivers/char/tpm/tpm_crb.c       |  6 +++-
 drivers/char/tpm/tpm_crb_ffa.c   | 18 ++----------
 drivers/char/tpm/tpm_svsm.c      |  2 +-
 drivers/char/tpm/tpm_tis_core.c  | 63 ++++++++++++++++++++++++++--------------
 drivers/char/tpm/tpm_tis_core.h  |  3 +-
 8 files changed, 98 insertions(+), 60 deletions(-)
Merging tpmdd-keys/for-next-keys (1b9524250996b keys: keyctl_pkey: replace BUG with return -EOPNOTSUPP)
$ git merge -m Merge branch 'for-next-keys' of https://git.kernel.org/pub/scm/linux/kernel/git/jarkko/linux-tpmdd.git tpmdd-keys/for-next-keys
Already up to date.
Merging watchdog/watchdog-next (54c726fbb5334 watchdog: sc1200: Drop unused assignment of pnp_device_id driver data)
$ git merge -m Merge branch 'watchdog-next' of https://git.kernel.org/pub/scm/linux/kernel/git/groeck/linux-staging.git watchdog/watchdog-next
Already up to date.
Merging iommu/next (dd8a3c6cd531d Merge branches 'apple/dart', 'arm/smmu/updates', 'arm/smmu/bindings', 'rockchip', 'verisilicon', 'riscv', 'intel/vt-d', 'amd/amd-vi' and 'core' into next)
$ git merge -m Merge branch 'next' of https://git.kernel.org/pub/scm/linux/kernel/git/iommu/linux.git iommu/next
Already up to date.
Merging audit/next (7aefee0518c3b Automated merge of 'dev' into 'next')
$ git merge -m Merge branch 'next' of https://git.kernel.org/pub/scm/linux/kernel/git/pcmoore/audit.git audit/next
Merge made by the 'ort' strategy.
Merging devicetree/for-next (faa25db089213 dt-bindings: interrupt-controller: qcom,pdc: Add Maili compatible string)
$ git merge -m Merge branch 'for-next' of https://git.kernel.org/pub/scm/linux/kernel/git/robh/linux.git devicetree/for-next
Already up to date.
Merging dt-krzk/for-next (254f49634ee16 Linux 7.1-rc1)
$ git merge -m Merge branch 'for-next' of https://git.kernel.org/pub/scm/linux/kernel/git/krzk/linux-dt.git dt-krzk/for-next
Already up to date.
Merging mailbox/for-next (36cac4b5101f8 mailbox: imx: Don't force-thread the primary handler)
$ git merge -m Merge branch 'for-next' of https://git.kernel.org/pub/scm/linux/kernel/git/jassibrar/mailbox.git mailbox/for-next
Merge made by the 'ort' strategy.
 .../bindings/mailbox/qcom,apcs-kpss-global.yaml    |   1 +
 .../bindings/mailbox/qcom,cpucp-mbox.yaml          |   2 +
 .../devicetree/bindings/mailbox/qcom-ipcc.yaml     |   2 +
 drivers/mailbox/Kconfig                            |   4 +-
 drivers/mailbox/exynos-mailbox.c                   |   7 --
 drivers/mailbox/imx-mailbox.c                      | 117 +++++++++++++++------
 drivers/mailbox/mailbox-mpfs.c                     |   2 +-
 drivers/mailbox/mailbox.c                          | 101 +++++++++++++++---
 drivers/mailbox/mtk-adsp-mailbox.c                 |   9 +-
 drivers/mailbox/qcom-cpucp-mbox.c                  |  35 +++++-
 include/linux/mailbox_controller.h                 |   2 +
 11 files changed, 224 insertions(+), 58 deletions(-)
Merging spi/for-next (377d61100db51 Merge remote-tracking branch 'spi/for-7.1' into spi-linus)
$ git merge -m Merge branch 'for-next' of https://git.kernel.org/pub/scm/linux/kernel/git/broonie/spi.git spi/for-next
Already up to date.
Merging tip/master (884a3cedd6ce4 Merge branch into tip/master: 'irq/msi')
$ git merge -m Merge branch 'master' of https://git.kernel.org/pub/scm/linux/kernel/git/tip/tip.git tip/master
Auto-merging drivers/pci/msi/msi.c
Merge made by the 'ort' strategy.
 drivers/pci/msi/msi.c | 4 +---
 1 file changed, 1 insertion(+), 3 deletions(-)
$ git am -3 ../patches/0001-vdso-Merge-fixup-with-mm.patch
Applying: vdso: Merge fixup with mm
Using index info to reconstruct a base tree...
M	kernel/time/namespace_vdso.c
Falling back to patching base and 3-way merge...
No changes -- Patch already applied.
Merging kexec/kexec-next (7eb5f7c5b5d58 kexec_file: skip checksum verification when safe)
$ git merge -m Merge branch 'kexec-next' of https://git.kernel.org/pub/scm/linux/kernel/git/liveupdate/linux.git kexec/kexec-next
Merge made by the 'ort' strategy.
 kernel/kexec_file.c | 27 +++++++++++++++++++++++++++
 1 file changed, 27 insertions(+)
Merging liveupdate/next (e98a9c61721c1 liveupdate: Document that retrieve failure is permanent)
$ git merge -m Merge branch 'next' of https://git.kernel.org/pub/scm/linux/kernel/git/liveupdate/linux.git liveupdate/next
Already up to date.
Merging clockevents/timers/drivers/next (a9ac745bc320c clocksource: move NXP timer selection to drivers/clocksource)
$ git merge -m Merge branch 'timers/drivers/next' of https://git.kernel.org/pub/scm/linux/kernel/git/daniel.lezcano/linux.git clockevents/timers/drivers/next
Already up to date.
Merging edac/edac-for-next (705caee1f855c Merge branch 'edac-drivers' into edac-for-next)
$ git merge -m Merge branch 'edac-for-next' of https://git.kernel.org/pub/scm/linux/kernel/git/ras/ras.git edac/edac-for-next
Merge made by the 'ort' strategy.
Merging ftrace/for-next (8970865b788e9 Merge trace/for-next)
$ git merge -m Merge branch 'for-next' of https://git.kernel.org/pub/scm/linux/kernel/git/trace/linux-trace.git ftrace/for-next
Merge made by the 'ort' strategy.
$ git am -3 ../patches/0001-ftrace-Fix-semantic-conflict-with-mm-tree.patch
Applying: ftrace: Fix semantic conflict with mm tree
Using index info to reconstruct a base tree...
M	kernel/trace/trace_printk.c
Falling back to patching base and 3-way merge...
Auto-merging kernel/trace/trace_printk.c
No changes -- Patch already applied.
Merging rcu/next (e853c1b28580e Merge branches 'rcutorture.2026.05.24' and 'misc.2026.05.24' into rcu-merge.2026.05.24)
$ git merge -m Merge branch 'next' of https://git.kernel.org/pub/scm/linux/kernel/git/rcu/linux rcu/next
Already up to date.
Merging paulmck/non-rcu/next (48f7a50c027dd stop_machine: Fix the documentation for a NULL cpus argument)
$ git merge -m Merge branch 'non-rcu/next' of https://git.kernel.org/pub/scm/linux/kernel/git/paulmck/linux-rcu.git paulmck/non-rcu/next
Already up to date.
Merging kvm/next (ef057cbf825e0 KVM: x86/mmu: Ensure hugepage is in by slot before checking max mapping level)
$ git merge -m Merge branch 'next' of git://git.kernel.org/pub/scm/virt/kvm/kvm.git kvm/next
Already up to date.
Merging kvm-arm/next (1ee27dacbe5dc Merge branch kvm-arm64/nv-mmu-7.2 into kvmarm-master/next)
$ git merge -m Merge branch 'next' of https://git.kernel.org/pub/scm/linux/kernel/git/kvmarm/kvmarm.git kvm-arm/next
Already up to date.
Merging kvms390/next (a868b30492c59 KVM: s390: Introducing kvm_arch_set_irq_inatomic fast inject)
$ git merge -m Merge branch 'next' of https://git.kernel.org/pub/scm/linux/kernel/git/kvms390/linux.git kvms390/next
Already up to date.
Merging kvm-ppc/topic/ppc-kvm (5200f5f493f79 Linux 7.1-rc4)
$ git merge -m Merge branch 'topic/ppc-kvm' of https://git.kernel.org/pub/scm/linux/kernel/git/powerpc/linux.git kvm-ppc/topic/ppc-kvm
Already up to date.
Merging kvm-riscv/riscv_kvm_next (52738352a6f29 riscv: kvm: Use endian-specific __lelong for NACL shared memory)
$ git merge -m Merge branch 'riscv_kvm_next' of https://github.com/kvm-riscv/linux.git kvm-riscv/riscv_kvm_next
Already up to date.
Merging kvm-x86/next (9d4853b044bee Merge branch 'selftests_l2_stacks')
$ git merge -m Merge branch 'next' of https://github.com/kvm-x86/linux.git kvm-x86/next
Merge made by the 'ort' strategy.
 tools/testing/selftests/kvm/Makefile.kvm           |   1 +
 tools/testing/selftests/kvm/include/x86/pmu.h      |   6 +
 .../testing/selftests/kvm/include/x86/processor.h  |  10 +
 tools/testing/selftests/kvm/include/x86/svm_util.h |   5 +-
 tools/testing/selftests/kvm/include/x86/vmx.h      |   4 +-
 tools/testing/selftests/kvm/lib/x86/memstress.c    |  19 +-
 tools/testing/selftests/kvm/lib/x86/processor.c    |  45 +++--
 tools/testing/selftests/kvm/lib/x86/svm.c          |   6 +-
 tools/testing/selftests/kvm/lib/x86/vmx.c          |   6 +-
 tools/testing/selftests/kvm/x86/aperfmperf_test.c  |   9 +-
 .../selftests/kvm/x86/evmcs_smm_controls_test.c    |   5 +-
 tools/testing/selftests/kvm/x86/hyperv_evmcs.c     |   6 +-
 tools/testing/selftests/kvm/x86/hyperv_svm_test.c  |   6 +-
 tools/testing/selftests/kvm/x86/kvm_buslock_test.c |   9 +-
 .../selftests/kvm/x86/nested_close_kvm_test.c      |  12 +-
 .../selftests/kvm/x86/nested_dirty_log_test.c      |   8 +-
 .../selftests/kvm/x86/nested_emulation_test.c      |   4 +-
 .../selftests/kvm/x86/nested_exceptions_test.c     |   9 +-
 .../selftests/kvm/x86/nested_invalid_cr3_test.c    |  10 +-
 .../selftests/kvm/x86/nested_tdp_fault_test.c      |   9 +-
 .../selftests/kvm/x86/nested_tsc_adjust_test.c     |  10 +-
 .../selftests/kvm/x86/nested_tsc_scaling_test.c    |  10 +-
 .../selftests/kvm/x86/nested_vmsave_vmload_test.c  |   6 +-
 tools/testing/selftests/kvm/x86/smm_test.c         |   8 +-
 tools/testing/selftests/kvm/x86/state_test.c       |  11 +-
 tools/testing/selftests/kvm/x86/svm_int_ctl_test.c |   5 +-
 .../selftests/kvm/x86/svm_lbr_nested_state.c       |   6 +-
 .../selftests/kvm/x86/svm_nested_clear_efer_svme.c |   7 +-
 .../selftests/kvm/x86/svm_nested_pat_test.c        |   8 +-
 .../selftests/kvm/x86/svm_nested_shutdown_test.c   |   5 +-
 .../kvm/x86/svm_nested_soft_inject_test.c          |   6 +-
 .../selftests/kvm/x86/svm_nested_vmcb12_gpa.c      |  13 +-
 .../selftests/kvm/x86/svm_pmu_host_guest_test.c    | 215 +++++++++++++++++++++
 tools/testing/selftests/kvm/x86/svm_vmcall_test.c  |   5 +-
 .../selftests/kvm/x86/triple_fault_event_test.c    |   9 +-
 .../selftests/kvm/x86/vmx_apic_access_test.c       |   5 +-
 .../selftests/kvm/x86/vmx_apicv_updates_test.c     |   4 +-
 .../kvm/x86/vmx_invalid_nested_guest_state.c       |   6 +-
 .../selftests/kvm/x86/vmx_nested_la57_state_test.c |   5 +-
 .../selftests/kvm/x86/vmx_preemption_timer_test.c  |   5 +-
 40 files changed, 323 insertions(+), 215 deletions(-)
 create mode 100644 tools/testing/selftests/kvm/x86/svm_pmu_host_guest_test.c
$ git am -3 ../patches/0001-KVM-selftests-Fix-up-semantic-changes.patch
Applying: KVM: selftests: Fix up semantic changes
Using index info to reconstruct a base tree...
M	tools/testing/selftests/kvm/lib/kvm_util.c
Falling back to patching base and 3-way merge...
Auto-merging tools/testing/selftests/kvm/lib/kvm_util.c
No changes -- Patch already applied.
Merging xen-tip/linux-next (a174910917a8e xen/xenbus: Replace strcpy() with memcpy())
$ git merge -m Merge branch 'linux-next' of https://git.kernel.org/pub/scm/linux/kernel/git/xen/tip.git xen-tip/linux-next
Already up to date.
Merging percpu/for-next (8f0b4cce4481f Linux 6.19-rc1)
$ git merge -m Merge branch 'for-next' of https://git.kernel.org/pub/scm/linux/kernel/git/dennis/percpu.git percpu/for-next
Already up to date.
Merging workqueues/for-next (e771677c937da Merge tag 'for-linus-iommufd' of git://git.kernel.org/pub/scm/linux/kernel/git/jgg/iommufd)
$ git merge -m Merge branch 'for-next' of https://git.kernel.org/pub/scm/linux/kernel/git/tj/wq.git workqueues/for-next
Already up to date.
Merging sched-ext/for-next (e771677c937da Merge tag 'for-linus-iommufd' of git://git.kernel.org/pub/scm/linux/kernel/git/jgg/iommufd)
$ git merge -m Merge branch 'for-next' of https://git.kernel.org/pub/scm/linux/kernel/git/tj/sched_ext.git sched-ext/for-next
Already up to date.
Merging drivers-x86/for-next (50022e56dc89f platform/x86/intel/pmc: Add NVL PCI IDs for SSRAM telemetry discovery)
$ git merge -m Merge branch 'for-next' of https://git.kernel.org/pub/scm/linux/kernel/git/pdx86/platform-drivers-x86.git drivers-x86/for-next
Auto-merging MAINTAINERS
Auto-merging drivers/acpi/bus.c
Auto-merging drivers/hwmon/dell-smm-hwmon.c
Auto-merging scripts/mod/file2alias.c
Merge made by the 'ort' strategy.
 .../ABI/testing/sysfs-driver-dell-dw5826e-reset    |    9 +
 Documentation/ABI/testing/sysfs-platform-asus-wmi  |    9 +
 .../admin-guide/laptops/uniwill-laptop.rst         |   17 +-
 .../pm/intel_uncore_frequency_scaling.rst          |    7 +
 Documentation/wmi/devices/lenovo-wmi-other.rst     |   19 +
 Documentation/wmi/devices/uniwill-laptop.rst       |    2 +-
 Documentation/wmi/driver-development-guide.rst     |    2 +-
 MAINTAINERS                                        |    8 +
 arch/x86/platform/olpc/olpc-xo15-sci.c             |   33 +-
 drivers/acpi/bus.c                                 |   15 +
 drivers/char/sonypi.c                              |    5 +-
 drivers/hwmon/dell-smm-hwmon.c                     |   49 +-
 drivers/platform/arm64/Kconfig                     |   13 +
 drivers/platform/arm64/Makefile                    |    1 +
 drivers/platform/arm64/acer-aspire1-ec.c           |    2 +-
 drivers/platform/arm64/huawei-gaokun-ec.c          |    2 +-
 drivers/platform/arm64/lenovo-thinkpad-t14s.c      |    4 +-
 drivers/platform/arm64/lenovo-yoga-c630.c          |    4 +-
 drivers/platform/arm64/qcom-hamoa-ec.c             |  451 ++++++
 .../platform/surface/surface_aggregator_registry.c |   15 +
 drivers/platform/wmi/core.c                        |   31 +-
 drivers/platform/x86/Kconfig                       |    1 +
 drivers/platform/x86/amd/hfi/hfi.c                 |    6 +-
 drivers/platform/x86/amd/hsmp/hsmp.c               |   24 +-
 drivers/platform/x86/amd/pmc/pmc-quirks.c          |   39 +
 drivers/platform/x86/amd/pmc/pmc.c                 |  326 +++--
 drivers/platform/x86/amd/pmc/pmc.h                 |   74 +-
 drivers/platform/x86/apple-gmux.c                  |    4 +-
 drivers/platform/x86/asus-armoury.h                |  126 ++
 drivers/platform/x86/asus-wmi.c                    |   65 +
 drivers/platform/x86/barco-p50-gpio.c              |   10 +-
 drivers/platform/x86/classmate-laptop.c            |  343 +++--
 drivers/platform/x86/dell/Kconfig                  |    5 +
 drivers/platform/x86/dell/Makefile                 |    1 +
 drivers/platform/x86/dell/alienware-wmi-base.c     |   31 +-
 drivers/platform/x86/dell/dell-dw5826e-reset.c     |   93 ++
 drivers/platform/x86/dell/dell-laptop.c            |   14 +
 drivers/platform/x86/dell/dell-smbios-wmi.c        |   40 +-
 drivers/platform/x86/dell/dell-wmi-base.c          |   60 +-
 drivers/platform/x86/dell/dell-wmi-ddv.c           |  179 ++-
 drivers/platform/x86/dell/dell-wmi-descriptor.c    |  110 +-
 drivers/platform/x86/dell/dell-wmi-privacy.c       |   77 +-
 drivers/platform/x86/dell/dell-wmi-privacy.h       |    4 +-
 .../x86/dell/dell-wmi-sysman/biosattr-interface.c  |    8 +-
 .../x86/dell/dell-wmi-sysman/dell-wmi-sysman.h     |    4 +-
 .../dell/dell-wmi-sysman/passwordattr-interface.c  |    4 +-
 drivers/platform/x86/dell/dell-wmi-sysman/sysman.c |    6 +-
 drivers/platform/x86/dell/dell_rbu.c               |    4 +-
 drivers/platform/x86/hp/hp-wmi.c                   |   16 +-
 drivers/platform/x86/intel/hid.c                   |   16 +
 drivers/platform/x86/intel/pmc/Kconfig             |   25 +
 drivers/platform/x86/intel/pmc/Makefile            |    5 +-
 drivers/platform/x86/intel/pmc/arl.c               |   13 +-
 drivers/platform/x86/intel/pmc/core.c              |  140 +-
 drivers/platform/x86/intel/pmc/core.h              |   84 +-
 drivers/platform/x86/intel/pmc/lnl.c               |    6 +-
 drivers/platform/x86/intel/pmc/mtl.c               |    7 +-
 drivers/platform/x86/intel/pmc/nvl.c               | 1539 ++++++++++++++++++++
 drivers/platform/x86/intel/pmc/ptl.c               |    8 +-
 drivers/platform/x86/intel/pmc/pwrm_telemetry.c    |  216 +++
 drivers/platform/x86/intel/pmc/ssram_telemetry.c   |  398 ++++-
 drivers/platform/x86/intel/pmc/wcl.c               |    6 +-
 drivers/platform/x86/intel/pmt/class.c             |  156 +-
 drivers/platform/x86/intel/pmt/class.h             |    6 +
 drivers/platform/x86/intel/pmt/crashlog.c          |   19 +-
 drivers/platform/x86/intel/pmt/telemetry.c         |   34 +-
 .../x86/intel/speed_select_if/isst_tpmi_core.c     |    2 +-
 .../uncore-frequency/uncore-frequency-common.c     |   23 +-
 .../uncore-frequency/uncore-frequency-common.h     |    8 +-
 .../intel/uncore-frequency/uncore-frequency-tpmi.c |   15 +-
 drivers/platform/x86/intel/vsec.c                  |   31 +-
 drivers/platform/x86/intel/vsec_tpmi.c             |   53 +-
 drivers/platform/x86/lenovo/Kconfig                |    2 +
 drivers/platform/x86/lenovo/thinkpad_acpi.c        |   42 +-
 drivers/platform/x86/lenovo/wmi-capdata.c          |  120 ++
 drivers/platform/x86/lenovo/wmi-capdata.h          |   14 +-
 drivers/platform/x86/lenovo/wmi-helpers.c          |   34 +
 drivers/platform/x86/lenovo/wmi-helpers.h          |    2 +
 drivers/platform/x86/lenovo/wmi-other.c            |  617 +++++++-
 drivers/platform/x86/meraki-mx100.c                |   41 +-
 drivers/platform/x86/msi-ec.c                      |    1 +
 drivers/platform/x86/oxpec.c                       |    7 +
 drivers/platform/x86/panasonic-laptop.c            |   19 +-
 drivers/platform/x86/pcengines-apuv2.c             |    2 +-
 drivers/platform/x86/pmc_atom.c                    |    4 +-
 drivers/platform/x86/sel3350-platform.c            |  136 +-
 drivers/platform/x86/uniwill/uniwill-acpi.c        |  474 ++++--
 drivers/platform/x86/uniwill/uniwill-wmi.c         |    5 +-
 drivers/platform/x86/x86-android-tablets/core.c    |   64 +-
 .../x86/x86-android-tablets/vexia_atla10_ec.c      |    2 +-
 drivers/platform/x86/xo15-ebook.c                  |   91 +-
 include/linux/acpi.h                               |    7 +
 include/linux/intel_vsec.h                         |   11 +-
 include/linux/platform_data/x86/asus-wmi.h         |    7 +
 scripts/mod/file2alias.c                           |   28 +-
 tools/power/x86/intel-speed-select/isst-daemon.c   |    9 +-
 96 files changed, 5849 insertions(+), 1072 deletions(-)
 create mode 100644 Documentation/ABI/testing/sysfs-driver-dell-dw5826e-reset
 create mode 100644 drivers/platform/arm64/qcom-hamoa-ec.c
 create mode 100644 drivers/platform/x86/dell/dell-dw5826e-reset.c
 create mode 100644 drivers/platform/x86/intel/pmc/nvl.c
 create mode 100644 drivers/platform/x86/intel/pmc/pwrm_telemetry.c
$ git am -3 ../patches/0001-hid-Fix-up-mismerge.patch
Applying: hid: Fix up mismerge
$ git reset HEAD^
Unstaged changes after reset:
M	drivers/hid/hid-asus.c
$ git add -A .
$ git commit -v -a --amend
warning: notes ref refs/notes/commits is invalid
[master ef7ab5528b20b] Merge branch 'for-next' of https://git.kernel.org/pub/scm/linux/kernel/git/pdx86/platform-drivers-x86.git
 Date: Mon Jun 22 11:43:50 2026 +0100
$ git am -3 ../patches/0001-drivers-x86-hamoa-Fix-up-semantic-conflit-with-therm.patch
Applying: drivers-x86: hamoa: Fix up semantic conflit with thermal tree
$ git reset HEAD^
Unstaged changes after reset:
M	drivers/platform/arm64/qcom-hamoa-ec.c
$ git add -A .
$ git commit -v -a --amend
warning: notes ref refs/notes/commits is invalid
[master 92529f9090bf3] Merge branch 'for-next' of https://git.kernel.org/pub/scm/linux/kernel/git/pdx86/platform-drivers-x86.git
 Date: Mon Jun 22 11:43:50 2026 +0100
Merging chrome-platform/for-next (883f968dcbb08 platform/chrome: Prevent build for big-endian systems)
$ git merge -m Merge branch 'for-next' of https://git.kernel.org/pub/scm/linux/kernel/git/chrome-platform/linux.git chrome-platform/for-next
Already up to date.
Merging chrome-platform-firmware/for-firmware-next (86e3bbc716332 firmware: google: Skip failing entries instead of aborting populate)
$ git merge -m Merge branch 'for-firmware-next' of https://git.kernel.org/pub/scm/linux/kernel/git/chrome-platform/linux.git chrome-platform-firmware/for-firmware-next
Already up to date.
Merging hsi/for-next (254f49634ee16 Linux 7.1-rc1)
$ git merge -m Merge branch 'for-next' of https://git.kernel.org/pub/scm/linux/kernel/git/sre/linux-hsi.git hsi/for-next
Already up to date.
Merging leds-lj/for-leds-next (d43f1d792902b leds: tps6131x: Increase overvoltage protection threshold to 6V)
$ git merge -m Merge branch 'for-leds-next' of https://git.kernel.org/pub/scm/linux/kernel/git/lee/leds.git leds-lj/for-leds-next
Already up to date.
Merging ipmi/for-next (de9aa5ea2d9ea docs: ipmi: Fix path of the "hotmod" module parameter)
$ git merge -m Merge branch 'for-next' of https://github.com/cminyard/linux-ipmi.git ipmi/for-next
Merge made by the 'ort' strategy.
 Documentation/driver-api/ipmi.rst    |  2 +-
 drivers/char/ipmi/ipmb_dev_int.c     |  4 ++--
 drivers/char/ipmi/ipmi_ipmb.c        |  4 ++--
 drivers/char/ipmi/ipmi_kcs_sm.c      |  2 +-
 drivers/char/ipmi/ipmi_msghandler.c  | 24 ++++++++++++------------
 drivers/char/ipmi/ipmi_si_platform.c | 11 +++++++----
 drivers/char/ipmi/ipmi_ssif.c        |  4 ++--
 drivers/char/ipmi/ssif_bmc.c         |  2 +-
 8 files changed, 28 insertions(+), 25 deletions(-)
Merging driver-core/driver-core-next (ef0c9f75a1953 lib: Add stale 'raid6' directory to .gitignore file)
$ git merge -m Merge branch 'driver-core-next' of https://git.kernel.org/pub/scm/linux/kernel/git/driver-core/driver-core.git driver-core/driver-core-next
Already up to date.
Merging usb/usb-next (1c2b66a7d7257 usb: ucsi: huawei_gaokun: support mode switching)
$ git merge -m Merge branch 'usb-next' of https://git.kernel.org/pub/scm/linux/kernel/git/gregkh/usb.git usb/usb-next
Auto-merging Documentation/devicetree/bindings/usb/ci-hdrc-usb2.yaml
Auto-merging Documentation/hwmon/index.rst
Auto-merging drivers/hwmon/Kconfig
Auto-merging drivers/hwmon/Makefile
Auto-merging drivers/net/thunderbolt/main.c
Auto-merging drivers/thunderbolt/property.c
Auto-merging drivers/thunderbolt/xdomain.c
Auto-merging drivers/usb/atm/ueagle-atm.c
Auto-merging drivers/usb/serial/io_ti.c
Auto-merging drivers/usb/serial/kl5kusb105.c
Auto-merging drivers/usb/serial/option.c
Auto-merging drivers/usb/usbip/vhci_sysfs.c
Merge made by the 'ort' strategy.
 .../ABI/testing/configfs-thunderbolt_stream        |   83 +
 .../ABI/testing/sysfs-bus-pci-drivers-xhci_hcd     |    2 +-
 Documentation/admin-guide/thunderbolt.rst          |   61 +
 .../devicetree/bindings/usb/cdns,usb3.yaml         |   73 +-
 .../devicetree/bindings/usb/ci-hdrc-usb2.yaml      |   25 +-
 .../devicetree/bindings/usb/genesys,gl850g.yaml    |   18 +
 .../devicetree/bindings/usb/qcom,pmic-typec.yaml   |    9 +-
 .../devicetree/bindings/usb/richtek,rt1711h.txt    |   44 -
 .../devicetree/bindings/usb/rockchip,dwc3.yaml     |    3 +
 Documentation/hwmon/index.rst                      |    1 +
 Documentation/hwmon/prom21-xhci.rst                |  101 ++
 .../translations/zh_CN/subsystem-apis.rst          |    2 +-
 Documentation/translations/zh_CN/usb/CREDITS       |  163 ++
 Documentation/translations/zh_CN/usb/acm.rst       |  147 ++
 .../translations/zh_CN/usb/authorization.rst       |  139 ++
 Documentation/translations/zh_CN/usb/chipidea.rst  |  150 ++
 Documentation/translations/zh_CN/usb/dwc3.rst      |   63 +
 Documentation/translations/zh_CN/usb/ehci.rst      |  261 +++
 Documentation/translations/zh_CN/usb/index.rst     |   54 +
 Documentation/translations/zh_CN/usb/usbmon.rst    |  427 +++++
 arch/arm/mach-pxa/devices.c                        |    7 -
 arch/arm/mach-pxa/gumstix.c                        |    1 -
 arch/arm/mach-pxa/udc.h                            |    8 -
 arch/arm64/boot/dts/qcom/pm4125.dtsi               |    1 -
 arch/arm64/boot/dts/qcom/pm7250b.dtsi              |    1 -
 arch/arm64/boot/dts/qcom/pm8150b.dtsi              |    1 -
 arch/arm64/boot/dts/qcom/pmi632.dtsi               |    1 -
 arch/arm64/boot/dts/qcom/qrb2210-rb1.dts           |    2 +
 arch/arm64/boot/dts/qcom/qrb4210-rb2.dts           |    2 +
 arch/arm64/boot/dts/qcom/qrb5165-rb5.dts           |    2 +
 arch/arm64/boot/dts/qcom/sdm632-fairphone-fp3.dts  |    2 +
 arch/arm64/boot/dts/qcom/sm6115-fxtec-pro1x.dts    |    2 +
 arch/arm64/boot/dts/qcom/sm7225-fairphone-fp4.dts  |    2 +
 arch/arm64/boot/dts/qcom/sm8150-hdk.dts            |    2 +
 .../boot/dts/qcom/sm8250-xiaomi-elish-common.dtsi  |    2 +
 drivers/hwmon/Kconfig                              |   10 +
 drivers/hwmon/Makefile                             |    1 +
 drivers/hwmon/prom21-xhci.c                        |  239 +++
 drivers/net/thunderbolt/main.c                     |   20 +-
 drivers/thunderbolt/Kconfig                        |   15 +
 drivers/thunderbolt/Makefile                       |    6 +-
 drivers/thunderbolt/acpi.c                         |   14 +-
 drivers/thunderbolt/configfs.c                     |   61 +
 drivers/thunderbolt/ctl.c                          |   16 +-
 drivers/thunderbolt/debugfs.c                      |   18 +-
 drivers/thunderbolt/dma_test.c                     |   25 +-
 drivers/thunderbolt/domain.c                       |   37 +-
 drivers/thunderbolt/eeprom.c                       |    2 +-
 drivers/thunderbolt/icm.c                          |   39 +-
 drivers/thunderbolt/nhi.c                          |  606 ++-----
 drivers/thunderbolt/nhi.h                          |   33 +-
 drivers/thunderbolt/nhi_ops.c                      |  185 ---
 drivers/thunderbolt/nhi_regs.h                     |    3 +-
 drivers/thunderbolt/path.c                         |   37 +-
 drivers/thunderbolt/pci.c                          |  622 +++++++
 drivers/thunderbolt/property.c                     |  164 +-
 drivers/thunderbolt/stream.c                       | 1698 ++++++++++++++++++++
 drivers/thunderbolt/switch.c                       |   77 +-
 drivers/thunderbolt/tb.c                           |   86 +-
 drivers/thunderbolt/tb.h                           |   21 +-
 drivers/thunderbolt/tb_regs.h                      |   19 +-
 drivers/thunderbolt/test.c                         |  249 +++
 drivers/thunderbolt/tunnel.c                       |   35 +
 drivers/thunderbolt/usb4.c                         |   35 +-
 drivers/thunderbolt/usb4_port.c                    |    2 +-
 drivers/thunderbolt/xdomain.c                      |  315 +++-
 drivers/usb/Makefile                               |    2 -
 drivers/usb/atm/ueagle-atm.c                       |   58 +-
 drivers/usb/cdns3/Kconfig                          |  112 +-
 drivers/usb/cdns3/Makefile                         |   46 +-
 drivers/usb/cdns3/cdns3-gadget.c                   |    1 +
 drivers/usb/cdns3/cdns3-plat.c                     |   58 +-
 drivers/usb/cdns3/cdnsp-gadget.c                   |   50 +-
 drivers/usb/cdns3/cdnsp-gadget.h                   |    1 +
 drivers/usb/cdns3/cdnsp-mem.c                      |   73 +-
 drivers/usb/cdns3/cdnsp-pci.c                      |  243 ++-
 drivers/usb/cdns3/cdnsp-ring.c                     |    9 +-
 drivers/usb/cdns3/core.c                           |   48 +-
 drivers/usb/cdns3/core.h                           |    9 +-
 drivers/usb/cdns3/drd.c                            |   45 +-
 drivers/usb/cdns3/gadget-export.h                  |   10 +-
 drivers/usb/cdns3/host-export.h                    |    4 +-
 drivers/usb/chipidea/core.c                        |   11 +-
 drivers/usb/chipidea/udc.c                         |   93 +-
 drivers/usb/class/cdc-acm.c                        |    6 +
 drivers/usb/core/hcd.c                             |   14 +-
 drivers/usb/dwc2/hcd_intr.c                        |   10 +-
 drivers/usb/dwc3/core.c                            |   14 +-
 drivers/usb/dwc3/dwc3-google.c                     |    5 +-
 drivers/usb/dwc3/dwc3-octeon.c                     |   12 +-
 drivers/usb/gadget/udc/aspeed_udc.c                |    7 +-
 drivers/usb/gadget/udc/core.c                      |    7 +-
 drivers/usb/gadget/udc/goku_udc.c                  |    3 +-
 drivers/usb/gadget/udc/pxa25x_udc.c                |   41 +-
 drivers/usb/gadget/udc/pxa25x_udc.h                |    2 +-
 drivers/usb/gadget/udc/pxa27x_udc.c                |   35 +-
 drivers/usb/gadget/udc/pxa27x_udc.h                |    2 -
 drivers/usb/host/Kconfig                           |    8 +-
 drivers/usb/host/Makefile                          |    1 +
 drivers/usb/host/max3421-hcd.c                     |    8 +
 drivers/usb/host/xhci-dbgcap.c                     |  144 +-
 drivers/usb/host/xhci-dbgcap.h                     |    3 +
 drivers/usb/host/xhci-hub.c                        |    7 +-
 drivers/usb/host/xhci-mem.c                        |   60 +-
 drivers/usb/host/xhci-mtk.c                        |    6 +-
 drivers/usb/host/xhci-pci-prom21.c                 |  137 ++
 drivers/usb/host/xhci-pci.c                        |   11 +
 drivers/usb/host/xhci-pci.h                        |    3 +
 drivers/usb/host/xhci-rcar.c                       |   70 +-
 drivers/usb/host/xhci-ring.c                       |   53 +-
 drivers/usb/host/xhci.c                            |   23 +-
 drivers/usb/host/xhci.h                            |   29 +-
 drivers/usb/misc/Kconfig                           |    2 +-
 drivers/usb/misc/onboard_usb_dev.c                 |    1 +
 drivers/usb/misc/onboard_usb_dev.h                 |    8 +
 drivers/usb/misc/usb251xb.c                        |   18 +-
 drivers/usb/misc/usb3503.c                         |    2 +-
 drivers/usb/misc/usb4604.c                         |    2 +-
 drivers/usb/phy/phy-isp1301.c                      |    2 +-
 drivers/usb/serial/ark3116.c                       |    1 -
 drivers/usb/serial/belkin_sa.c                     |    2 -
 drivers/usb/serial/cyberjack.c                     |    2 -
 drivers/usb/serial/cypress_m8.c                    |    2 -
 drivers/usb/serial/digi_acceleport.c               |    2 -
 drivers/usb/serial/empeg.c                         |    3 -
 drivers/usb/serial/f81232.c                        |    3 -
 drivers/usb/serial/f81534.c                        |    1 -
 drivers/usb/serial/ftdi_sio.c                      |    1 -
 drivers/usb/serial/garmin_gps.c                    |    3 -
 drivers/usb/serial/generic.c                       |    1 -
 drivers/usb/serial/io_edgeport.c                   |    2 +-
 drivers/usb/serial/io_ti.c                         |    2 -
 drivers/usb/serial/ipaq.c                          |    3 -
 drivers/usb/serial/ipw.c                           |    2 -
 drivers/usb/serial/ir-usb.c                        |    2 -
 drivers/usb/serial/iuu_phoenix.c                   |    2 -
 drivers/usb/serial/keyspan.c                       |    2 -
 drivers/usb/serial/keyspan_pda.c                   |    2 -
 drivers/usb/serial/kl5kusb105.c                    |    2 -
 drivers/usb/serial/kobil_sct.c                     |    2 -
 drivers/usb/serial/mct_u232.c                      |    2 -
 drivers/usb/serial/metro-usb.c                     |    3 -
 drivers/usb/serial/mos7720.c                       |    3 +-
 drivers/usb/serial/mos7840.c                       |    1 -
 drivers/usb/serial/mxuport.c                       |   40 +-
 drivers/usb/serial/omninet.c                       |    2 -
 drivers/usb/serial/opticon.c                       |    2 -
 drivers/usb/serial/option.c                        |    1 -
 drivers/usb/serial/oti6858.c                       |    3 -
 drivers/usb/serial/pl2303.c                        |    3 -
 drivers/usb/serial/qcserial.c                      |    1 -
 drivers/usb/serial/quatech2.c                      |    2 -
 drivers/usb/serial/safe_serial.c                   |    2 -
 drivers/usb/serial/spcp8x5.c                       |    2 -
 drivers/usb/serial/ssu100.c                        |    2 -
 drivers/usb/serial/symbolserial.c                  |    2 -
 drivers/usb/serial/ti_usb_3410_5052.c              |    2 -
 drivers/usb/serial/usb-serial.c                    |    3 -
 drivers/usb/serial/usb_wwan.c                      |    1 -
 drivers/usb/serial/visor.c                         |    4 -
 drivers/usb/serial/whiteheat.c                     |    4 -
 drivers/usb/serial/wishbone-serial.c               |    1 -
 drivers/usb/serial/xr_serial.c                     |    1 +
 drivers/usb/serial/xsens_mt.c                      |    1 -
 drivers/usb/typec/anx7411.c                        |    4 +-
 drivers/usb/typec/mux/fsa4480.c                    |    2 +-
 drivers/usb/typec/mux/intel_pmc_mux.c              |   19 +-
 drivers/usb/typec/mux/it5205.c                     |    2 +-
 drivers/usb/typec/mux/nb7vpq904m.c                 |    2 +-
 drivers/usb/typec/mux/pi3usb30532.c                |    2 +-
 drivers/usb/typec/mux/ps883x.c                     |  350 ++--
 drivers/usb/typec/mux/ptn36502.c                   |    2 +-
 drivers/usb/typec/mux/wcd939x-usbss.c              |    2 +-
 drivers/usb/typec/tcpm/fusb302.c                   |    4 +-
 drivers/usb/typec/tcpm/qcom/qcom_pmic_typec.c      |    5 -
 drivers/usb/typec/tcpm/qcom/qcom_pmic_typec_port.c |   12 +-
 drivers/usb/typec/tcpm/tcpci.c                     |   13 +-
 drivers/usb/typec/tcpm/tcpci_maxim_core.c          |    2 +-
 drivers/usb/typec/tcpm/tcpci_rt1711h.c             |    8 +-
 drivers/usb/typec/tipd/core.c                      |    2 +-
 drivers/usb/typec/ucsi/cros_ec_ucsi.c              |    6 +-
 drivers/usb/typec/ucsi/debugfs.c                   |   31 +
 drivers/usb/typec/ucsi/ucsi.c                      |   60 +-
 drivers/usb/typec/ucsi/ucsi.h                      |   21 +-
 drivers/usb/typec/ucsi/ucsi_acpi.c                 |   22 +-
 drivers/usb/typec/ucsi/ucsi_ccg.c                  |   10 +-
 drivers/usb/typec/ucsi/ucsi_huawei_gaokun.c        |   53 +-
 drivers/usb/typec/ucsi/ucsi_stm32g0.c              |    4 +-
 drivers/usb/typec/ucsi/ucsi_yoga_c630.c            |    6 +-
 drivers/usb/usbip/Kconfig                          |    2 +-
 drivers/usb/usbip/vhci_sysfs.c                     |   52 +-
 include/linux/platform_data/pxa2xx_udc.h           |   15 -
 include/linux/platform_data/usb-xhci-prom21.h      |   22 +
 include/linux/thunderbolt.h                        |   59 +-
 194 files changed, 6991 insertions(+), 2114 deletions(-)
 create mode 100644 Documentation/ABI/testing/configfs-thunderbolt_stream
 delete mode 100644 Documentation/devicetree/bindings/usb/richtek,rt1711h.txt
 create mode 100644 Documentation/hwmon/prom21-xhci.rst
 create mode 100644 Documentation/translations/zh_CN/usb/CREDITS
 create mode 100644 Documentation/translations/zh_CN/usb/acm.rst
 create mode 100644 Documentation/translations/zh_CN/usb/authorization.rst
 create mode 100644 Documentation/translations/zh_CN/usb/chipidea.rst
 create mode 100644 Documentation/translations/zh_CN/usb/dwc3.rst
 create mode 100644 Documentation/translations/zh_CN/usb/ehci.rst
 create mode 100644 Documentation/translations/zh_CN/usb/index.rst
 create mode 100644 Documentation/translations/zh_CN/usb/usbmon.rst
 delete mode 100644 arch/arm/mach-pxa/udc.h
 create mode 100644 drivers/hwmon/prom21-xhci.c
 create mode 100644 drivers/thunderbolt/configfs.c
 delete mode 100644 drivers/thunderbolt/nhi_ops.c
 create mode 100644 drivers/thunderbolt/pci.c
 create mode 100644 drivers/thunderbolt/stream.c
 create mode 100644 drivers/usb/host/xhci-pci-prom21.c
 create mode 100644 include/linux/platform_data/usb-xhci-prom21.h
Merging thunderbolt/next (c1bef05763c94 thunderbolt: debugfs: Fix sideband write size check)
$ git merge -m Merge branch 'next' of https://git.kernel.org/pub/scm/linux/kernel/git/westeri/thunderbolt.git thunderbolt/next
Already up to date.
Merging usb-serial/usb-next (e690592f98c81 USB: serial: whiteheat: drop termbits include)
$ git merge -m Merge branch 'usb-next' of https://git.kernel.org/pub/scm/linux/kernel/git/johan/usb-serial.git usb-serial/usb-next
Already up to date.
Merging tty/tty-next (426e83cab1f5d serial: 8250_pci: Don't specify conflicting values to pci_device_id members)
$ git merge -m Merge branch 'tty-next' of https://git.kernel.org/pub/scm/linux/kernel/git/gregkh/tty.git tty/tty-next
Auto-merging Documentation/userspace-api/ioctl/ioctl-number.rst
Auto-merging arch/powerpc/configs/ppc6xx_defconfig
Auto-merging drivers/net/ppp/Kconfig
Auto-merging drivers/tty/vt/vt.c
Merge made by the 'ort' strategy.
 Documentation/devicetree/bindings/arm/amlogic.yaml |    6 +
 .../bindings/serial/qcom,sa8255p-geni-uart.yaml    |   13 +-
 Documentation/devicetree/bindings/serial/rs485.txt |    1 -
 .../bindings/serial/snps-dw-apb-uart.yaml          |    1 +
 Documentation/driver-api/serial/serial-rs485.rst   |    2 +-
 Documentation/userspace-api/ioctl/ioctl-number.rst |    1 -
 arch/arm64/boot/dts/amlogic/Makefile               |    1 +
 .../boot/dts/amlogic/amlogic-a9-a311y3-by401.dts   |   40 +
 arch/arm64/boot/dts/amlogic/amlogic-a9.dtsi        |  128 +
 arch/powerpc/configs/ppc6xx_defconfig              |    1 -
 drivers/net/ppp/Kconfig                            |    4 +-
 drivers/tty/Kconfig                                |   11 +-
 drivers/tty/Makefile                               |    1 -
 drivers/tty/n_hdlc.c                               |    7 -
 drivers/tty/serial/8250/8250_core.c                |    8 +-
 drivers/tty/serial/8250/8250_dw.c                  |  110 +-
 drivers/tty/serial/8250/8250_dwlib.c               |   49 -
 drivers/tty/serial/8250/8250_dwlib.h               |   73 +
 drivers/tty/serial/8250/8250_mtk.c                 |   23 +-
 drivers/tty/serial/8250/8250_pci.c                 | 3120 ++++++------
 drivers/tty/serial/8250/8250_port.c                |   30 +-
 drivers/tty/serial/Kconfig                         |    6 +-
 drivers/tty/serial/amba-pl011.c                    |   42 +
 drivers/tty/serial/apbuart.c                       |    2 -
 drivers/tty/serial/bcm63xx_uart.c                  |    2 +-
 drivers/tty/serial/icom.c                          |    2 -
 drivers/tty/serial/jsm/jsm_driver.c                |   38 +-
 drivers/tty/serial/max310x.c                       |  235 +-
 drivers/tty/serial/mxs-auart.c                     |    2 +-
 drivers/tty/serial/omap-serial.c                   |    2 +-
 drivers/tty/serial/pch_uart.c                      |    2 +-
 drivers/tty/serial/pxa.c                           |    2 +-
 drivers/tty/serial/qcom_geni_serial.c              |   29 +-
 drivers/tty/serial/samsung_tty.c                   |    8 +-
 drivers/tty/serial/sc16is7xx_i2c.c                 |   14 +-
 drivers/tty/serial/serial_core.c                   |   57 +-
 drivers/tty/serial/serial_txx9.c                   |    4 +-
 drivers/tty/serial/sh-sci.c                        |    2 +-
 drivers/tty/serial/sunsu.c                         |    2 +-
 drivers/tty/synclink_gt.c                          | 5038 --------------------
 drivers/tty/vt/gen_ucs_width_table.py              |  119 +-
 drivers/tty/vt/ucs.c                               |  174 +-
 drivers/tty/vt/ucs_width_table.h_shipped           |  919 ++--
 drivers/tty/vt/vc_screen.c                         |    2 +-
 drivers/tty/vt/vt.c                                |   11 +-
 include/linux/consolemap.h                         |   12 +-
 include/linux/serial_core.h                        |   20 +
 include/linux/serial_sci.h                         |    1 -
 include/linux/synclink.h                           |   37 -
 include/trace/events/qcom_geni_serial.h            |  164 +
 include/uapi/linux/synclink.h                      |  301 --
 51 files changed, 3027 insertions(+), 7852 deletions(-)
 delete mode 100644 Documentation/devicetree/bindings/serial/rs485.txt
 create mode 100644 arch/arm64/boot/dts/amlogic/amlogic-a9-a311y3-by401.dts
 create mode 100644 arch/arm64/boot/dts/amlogic/amlogic-a9.dtsi
 delete mode 100644 drivers/tty/synclink_gt.c
 delete mode 100644 include/linux/synclink.h
 create mode 100644 include/trace/events/qcom_geni_serial.h
 delete mode 100644 include/uapi/linux/synclink.h
Merging char-misc/char-misc-next (b232fc005aec5 Merge tag 'iio-fixes-for-7.1b' of ssh://gitolite.kernel.org/pub/scm/linux/kernel/git/jic23/iio into char-misc-next)
$ git merge -m Merge branch 'char-misc-next' of https://git.kernel.org/pub/scm/linux/kernel/git/gregkh/char-misc.git char-misc/char-misc-next
Auto-merging Documentation/devicetree/bindings/vendor-prefixes.yaml
Auto-merging Documentation/userspace-api/ioctl/ioctl-number.rst
Auto-merging MAINTAINERS
Auto-merging arch/powerpc/configs/ppc6xx_defconfig
Auto-merging drivers/char/sonypi.c
Auto-merging drivers/firmware/stratix10-rsu.c
Auto-merging drivers/firmware/stratix10-svc.c
Auto-merging drivers/hwtracing/coresight/coresight-catu.c
Auto-merging drivers/hwtracing/coresight/coresight-core.c
Auto-merging drivers/iio/adc/Kconfig
Auto-merging drivers/iio/adc/spear_adc.c
Auto-merging drivers/iio/adc/ti-ads1119.c
Auto-merging drivers/iio/dac/mcp47feb02.c
Auto-merging drivers/iio/light/gp2ap002.c
Auto-merging drivers/iio/magnetometer/yamaha-yas530.c
Auto-merging drivers/iio/orientation/hid-sensor-rotation.c
Auto-merging drivers/iio/temperature/mcp9600.c
Auto-merging drivers/interconnect/core.c
Auto-merging drivers/virt/acrn/irqfd.c
Auto-merging include/linux/coresight.h
Merge made by the 'ort' strategy.
 Documentation/ABI/testing/sysfs-bus-iio            |   68 +-
 Documentation/admin-guide/devices.txt              |    1 -
 .../devicetree/bindings/fpga/altera-pr-ip.txt      |   12 -
 .../bindings/fpga/altera-socfpga-fpga-mgr.txt      |   17 -
 .../devicetree/bindings/fpga/altr,a10-pr-ip.yaml   |   34 +
 .../bindings/fpga/altr,socfpga-fpga-mgr.yaml       |   38 +
 .../bindings/fpga/efinix,trion-config.yaml         |   98 +
 .../bindings/fpga/technologic,ts7300-fpga.yaml     |   36 +
 .../devicetree/bindings/iio/adc/adi,ad4080.yaml    |   56 +-
 .../devicetree/bindings/iio/adc/adi,ad4130.yaml    |   19 +-
 .../devicetree/bindings/iio/adc/adi,ad4691.yaml    |  180 ++
 .../iio/adc/allwinner,sun20i-d1-gpadc.yaml         |   32 +-
 .../devicetree/bindings/iio/adc/avia-hx711.yaml    |   25 +-
 .../bindings/iio/adc/qcom,pm8018-adc.yaml          |   15 +
 .../bindings/iio/chemical/sensirion,scd30.yaml     |    2 +-
 .../devicetree/bindings/iio/dac/adi,ad5706r.yaml   |  105 +
 .../bindings/iio/dac/microchip,mcp47feb02.yaml     |   36 +-
 .../bindings/iio/gyroscope/bosch,bmg160.yaml       |    6 +
 .../bindings/iio/light/brcm,apds9999.yaml          |   54 +
 .../devicetree/bindings/iio/light/tsl2772.yaml     |    2 +
 .../bindings/iio/light/vishay,veml6030.yaml        |    5 +-
 .../bindings/iio/magnetometer/memsic,mmc5983.yaml  |   63 +
 .../bindings/iio/temperature/adi,ltc2983.yaml      |  217 +-
 .../bindings/interconnect/qcom,hawi-rpmh.yaml      |  131 +
 .../bindings/interconnect/qcom,msm8998-bwmon.yaml  |    2 +
 .../bindings/interconnect/qcom,nord-rpmh.yaml      |  131 +
 .../bindings/interconnect/qcom,sdm660.yaml         |   13 +
 .../bindings/interconnect/qcom,shikra.yaml         |  134 +
 .../bindings/interconnect/qcom,sm6115.yaml         |   33 +-
 .../devicetree/bindings/vendor-prefixes.yaml       |    2 +
 Documentation/driver-api/iio/buffers.rst           |    7 +-
 Documentation/driver-api/iio/triggered-buffers.rst |   10 +-
 Documentation/iio/ad4691.rst                       |  227 ++
 Documentation/iio/adxl313.rst                      |   10 +-
 Documentation/iio/adxl345.rst                      |    2 +-
 Documentation/iio/adxl380.rst                      |    2 +-
 Documentation/iio/iio_devbuf.rst                   |    3 +-
 Documentation/iio/index.rst                        |    1 +
 Documentation/misc-devices/apds990x.rst            |  128 -
 Documentation/misc-devices/index.rst               |    1 -
 Documentation/userspace-api/ioctl/ioctl-number.rst |    1 -
 MAINTAINERS                                        |   59 +-
 arch/powerpc/configs/ppc6xx_defconfig              |    1 -
 drivers/android/binder.c                           |    6 +-
 drivers/android/binder/page_range.rs               |   24 +-
 drivers/bus/mhi/ep/main.c                          |   11 +-
 drivers/bus/mhi/host/pci_generic.c                 |   36 +-
 drivers/char/Kconfig                               |   26 -
 drivers/char/Makefile                              |    2 -
 drivers/char/applicom.c                            |  857 -------
 drivers/char/applicom.h                            |   86 -
 drivers/char/dtlk.c                                |  663 -----
 drivers/char/hpet.c                                |    6 +-
 drivers/char/nvram.c                               |   16 +-
 drivers/char/sonypi.c                              |    6 +-
 drivers/char/tlclk.c                               |    4 +
 drivers/comedi/drivers/8255_pci.c                  |   32 +-
 drivers/comedi/drivers/addi_apci_1032.c            |    4 +-
 drivers/comedi/drivers/addi_apci_1500.c            |    4 +-
 drivers/comedi/drivers/addi_apci_1516.c            |    8 +-
 drivers/comedi/drivers/addi_apci_1564.c            |    4 +-
 drivers/comedi/drivers/addi_apci_16xx.c            |    6 +-
 drivers/comedi/drivers/addi_apci_2032.c            |    4 +-
 drivers/comedi/drivers/addi_apci_2200.c            |    4 +-
 drivers/comedi/drivers/addi_apci_3120.c            |    6 +-
 drivers/comedi/drivers/addi_apci_3501.c            |    4 +-
 drivers/comedi/drivers/addi_apci_3xxx.c            |   52 +-
 drivers/comedi/drivers/adl_pci6208.c               |    7 +-
 drivers/comedi/drivers/adl_pci7250.c               |   18 +-
 drivers/comedi/drivers/adl_pci7x3x.c               |   14 +-
 drivers/comedi/drivers/adl_pci8164.c               |    4 +-
 drivers/comedi/drivers/adl_pci9111.c               |    6 +-
 drivers/comedi/drivers/adl_pci9118.c               |    8 +-
 drivers/comedi/drivers/adv_pci1710.c               |   62 +-
 drivers/comedi/drivers/adv_pci1720.c               |    4 +-
 drivers/comedi/drivers/adv_pci1723.c               |    4 +-
 drivers/comedi/drivers/adv_pci1724.c               |    4 +-
 drivers/comedi/drivers/adv_pci1760.c               |    4 +-
 drivers/comedi/drivers/adv_pci_dio.c               |   30 +-
 drivers/comedi/drivers/amplc_dio200_pci.c          |   12 +-
 drivers/comedi/drivers/amplc_pci224.c              |    6 +-
 drivers/comedi/drivers/amplc_pci230.c              |    6 +-
 drivers/comedi/drivers/amplc_pci236.c              |    4 +-
 drivers/comedi/drivers/amplc_pci263.c              |    4 +-
 drivers/comedi/drivers/cb_pcidas.c                 |   18 +-
 drivers/comedi/drivers/cb_pcidas64.c               |   44 +-
 drivers/comedi/drivers/cb_pcidda.c                 |   14 +-
 drivers/comedi/drivers/cb_pcimdas.c                |    6 +-
 drivers/comedi/drivers/cb_pcimdda.c                |    4 +-
 drivers/comedi/drivers/contec_pci_dio.c            |    4 +-
 drivers/comedi/drivers/daqboard2000.c              |   10 +-
 drivers/comedi/drivers/das08_pci.c                 |    4 +-
 drivers/comedi/drivers/dt3000.c                    |   16 +-
 drivers/comedi/drivers/dyna_pci10xx.c              |    4 +-
 drivers/comedi/drivers/gsc_hpdi.c                  |    6 +-
 drivers/comedi/drivers/icp_multi.c                 |    4 +-
 drivers/comedi/drivers/jr3_pci.c                   |   12 +-
 drivers/comedi/drivers/ke_counter.c                |    4 +-
 drivers/comedi/drivers/me4000.c                    |   28 +-
 drivers/comedi/drivers/me_daq.c                    |    6 +-
 drivers/comedi/drivers/mf6x4.c                     |   11 +-
 drivers/comedi/drivers/ni_6527.c                   |    6 +-
 drivers/comedi/drivers/ni_65xx.c                   |   46 +-
 drivers/comedi/drivers/ni_660x.c                   |   16 +-
 drivers/comedi/drivers/ni_670x.c                   |    8 +-
 drivers/comedi/drivers/ni_labpc_pci.c              |    4 +-
 drivers/comedi/drivers/ni_pcidio.c                 |    8 +-
 drivers/comedi/drivers/ni_pcimio.c                 |  132 +-
 drivers/comedi/drivers/rtd520.c                    |    6 +-
 drivers/comedi/drivers/s626.c                      |    6 +-
 drivers/counter/ftm-quaddec.c                      |    4 +-
 drivers/counter/intel-qep.c                        |   54 +-
 drivers/counter/interrupt-cnt.c                    |    4 +-
 drivers/firmware/stratix10-rsu.c                   |   85 +-
 drivers/firmware/stratix10-svc.c                   |  106 +-
 drivers/fpga/Kconfig                               |    7 +
 drivers/fpga/Makefile                              |    1 +
 drivers/fpga/dfl-afu-main.c                        |    3 +
 drivers/fpga/dfl.c                                 |    2 +
 drivers/fpga/efinix-spi.c                          |  260 ++
 drivers/fpga/lattice-sysconfig-spi.c               |   29 +-
 drivers/fpga/microchip-spi.c                       |    3 +
 drivers/fpga/of-fpga-region.c                      |    3 +-
 drivers/fpga/ts73xx-fpga.c                         |    9 +
 drivers/gpib/agilent_82357a/agilent_82357a.c       |    2 +-
 drivers/gpib/common/gpib_os.c                      |   11 +-
 drivers/gpib/ines/ines.h                           |   16 +
 drivers/gpib/ines/ines_gpib.c                      |   90 +
 drivers/gpib/ni_usb/ni_usb_gpib.c                  |    2 +-
 drivers/hwtracing/coresight/coresight-catu.c       |    2 +-
 drivers/hwtracing/coresight/coresight-core.c       |  574 ++++-
 drivers/hwtracing/coresight/coresight-cti-core.c   |    9 +-
 .../hwtracing/coresight/coresight-cti-platform.c   |    1 +
 drivers/hwtracing/coresight/coresight-etb10.c      |    6 +-
 drivers/hwtracing/coresight/coresight-etm-perf.c   |  289 ++-
 drivers/hwtracing/coresight/coresight-etm3x-core.c |   73 +-
 drivers/hwtracing/coresight/coresight-etm4x-core.c |  214 +-
 drivers/hwtracing/coresight/coresight-platform.c   |   12 +-
 drivers/hwtracing/coresight/coresight-priv.h       |    8 +-
 drivers/hwtracing/coresight/coresight-syscfg.c     |   38 +-
 drivers/hwtracing/coresight/coresight-syscfg.h     |    2 +
 drivers/hwtracing/coresight/coresight-sysfs.c      |  135 +-
 drivers/hwtracing/coresight/coresight-tmc-etr.c    |    4 +-
 drivers/hwtracing/coresight/coresight-trbe.c       |   61 +-
 drivers/hwtracing/coresight/ultrasoc-smb.c         |    1 +
 drivers/iio/accel/adxl313_core.c                   |   10 +-
 drivers/iio/accel/adxl313_i2c.c                    |   10 +-
 drivers/iio/accel/adxl313_spi.c                    |   11 +-
 drivers/iio/accel/adxl345_i2c.c                    |    4 +-
 drivers/iio/accel/adxl355_core.c                   |   30 +-
 drivers/iio/accel/adxl355_i2c.c                    |   15 +-
 drivers/iio/accel/adxl355_spi.c                    |   11 +-
 drivers/iio/accel/adxl367.c                        |    4 +-
 drivers/iio/accel/adxl367_i2c.c                    |    2 +-
 drivers/iio/accel/adxl372.c                        |   10 +-
 drivers/iio/accel/adxl372_i2c.c                    |    4 +-
 drivers/iio/accel/adxl380.c                        |    4 +-
 drivers/iio/accel/adxl380_i2c.c                    |    8 +-
 drivers/iio/accel/bma180.c                         |   10 +-
 drivers/iio/accel/bma220_i2c.c                     |    2 +-
 drivers/iio/accel/bma400_i2c.c                     |    2 +-
 drivers/iio/accel/bmc150-accel-i2c.c               |   20 +-
 drivers/iio/accel/bmi088-accel-i2c.c               |    6 +-
 drivers/iio/accel/da280.c                          |    6 +-
 drivers/iio/accel/da311.c                          |    2 +-
 drivers/iio/accel/dmard06.c                        |    6 +-
 drivers/iio/accel/dmard09.c                        |    2 +-
 drivers/iio/accel/dmard10.c                        |    2 +-
 drivers/iio/accel/fxls8962af-i2c.c                 |    8 +-
 drivers/iio/accel/hid-sensor-accel-3d.c            |   27 +-
 drivers/iio/accel/kxcjk-1013.c                     |   10 +-
 drivers/iio/accel/kxsd9-i2c.c                      |    2 +-
 drivers/iio/accel/mc3230.c                         |    4 +-
 drivers/iio/accel/mma7455_i2c.c                    |    4 +-
 drivers/iio/accel/mma7660.c                        |    2 +-
 drivers/iio/accel/mma8452.c                        |  108 +-
 drivers/iio/accel/mma9551.c                        |    2 +-
 drivers/iio/accel/mma9553.c                        |    2 +-
 drivers/iio/accel/mxc4005.c                        |    4 +-
 drivers/iio/accel/mxc6255.c                        |    4 +-
 drivers/iio/accel/ssp_accel_sensor.c               |    2 +-
 drivers/iio/accel/st_accel_i2c.c                   |   52 +-
 drivers/iio/accel/stk8312.c                        |    4 +-
 drivers/iio/accel/stk8ba50.c                       |    2 +-
 drivers/iio/adc/88pm886-gpadc.c                    |    2 +-
 drivers/iio/adc/Kconfig                            |   20 +-
 drivers/iio/adc/Makefile                           |    1 +
 drivers/iio/adc/ad4062.c                           |    7 +-
 drivers/iio/adc/ad4080.c                           |  275 +-
 drivers/iio/adc/ad4130.c                           |  493 +++-
 drivers/iio/adc/ad4170-4.c                         |   47 +-
 drivers/iio/adc/ad4691.c                           | 2084 +++++++++++++++
 drivers/iio/adc/ad7091r5.c                         |   12 +-
 drivers/iio/adc/ad7191.c                           |   63 +-
 drivers/iio/adc/ad7192.c                           |    9 +-
 drivers/iio/adc/ad7280a.c                          |   75 +-
 drivers/iio/adc/ad7291.c                           |    2 +-
 drivers/iio/adc/ad7292.c                           |   16 +-
 drivers/iio/adc/ad7606.c                           |    2 +-
 drivers/iio/adc/ad7625.c                           |    4 +-
 drivers/iio/adc/ad7768-1.c                         |    6 +-
 drivers/iio/adc/ad7780.c                           |   46 +-
 drivers/iio/adc/ad7791.c                           |   19 +-
 drivers/iio/adc/ad7793.c                           |   37 +-
 drivers/iio/adc/ad7949.c                           |   25 +-
 drivers/iio/adc/ad799x.c                           |  151 +-
 drivers/iio/adc/ad9467.c                           |    9 +-
 drivers/iio/adc/at91_adc.c                         |   10 +-
 drivers/iio/adc/cc10001_adc.c                      |   10 +-
 drivers/iio/adc/dln2-adc.c                         |   12 +-
 drivers/iio/adc/gehc-pmc-adc.c                     |    2 +-
 drivers/iio/adc/hx711.c                            |   31 +-
 drivers/iio/adc/ina2xx-adc.c                       |   12 +-
 drivers/iio/adc/ingenic-adc.c                      |   68 +-
 drivers/iio/adc/ltc2309.c                          |   20 +-
 drivers/iio/adc/ltc2471.c                          |    4 +-
 drivers/iio/adc/ltc2485.c                          |    2 +-
 drivers/iio/adc/ltc2497.c                          |    4 +-
 drivers/iio/adc/max11410.c                         |    2 +-
 drivers/iio/adc/max34408.c                         |    4 +-
 drivers/iio/adc/max77541-adc.c                     |    2 +-
 drivers/iio/adc/mcp3422.c                          |   81 +-
 drivers/iio/adc/nau7802.c                          |    2 +-
 drivers/iio/adc/nxp-sar-adc.c                      |    7 +-
 drivers/iio/adc/pac1921.c                          |    2 +-
 drivers/iio/adc/qcom-pm8xxx-xoadc.c                |   39 +-
 drivers/iio/adc/rohm-bd79124.c                     |    2 +-
 drivers/iio/adc/rtq6056.c                          |   10 +-
 drivers/iio/adc/spear_adc.c                        |   23 +-
 drivers/iio/adc/stm32-adc.c                        |   10 +-
 drivers/iio/adc/sun20i-gpadc-iio.c                 |   28 +-
 drivers/iio/adc/sun4i-gpadc-iio.c                  |    6 +-
 drivers/iio/adc/ti-adc081c.c                       |    6 +-
 drivers/iio/adc/ti-ads1015.c                       |    6 +-
 drivers/iio/adc/ti-ads1100.c                       |    4 +-
 drivers/iio/adc/ti-ads1119.c                       |    2 +-
 drivers/iio/adc/ti-ads1298.c                       |   19 +-
 drivers/iio/adc/ti-ads7138.c                       |    4 +-
 drivers/iio/adc/ti-ads7924.c                       |    7 +-
 drivers/iio/adc/ti-ads7950.c                       |  256 +-
 drivers/iio/adc/ti-ads8688.c                       |   70 +-
 drivers/iio/adc/xilinx-ams.c                       |  190 +-
 drivers/iio/addac/ad74115.c                        |    5 +-
 drivers/iio/cdc/ad7150.c                           |    6 +-
 drivers/iio/cdc/ad7746.c                           |    6 +-
 drivers/iio/chemical/ags02ma.c                     |    2 +-
 drivers/iio/chemical/ams-iaq-core.c                |    2 +-
 drivers/iio/chemical/atlas-ezo-sensor.c            |    6 +-
 drivers/iio/chemical/atlas-sensor.c                |   10 +-
 drivers/iio/chemical/bme680_core.c                 |    2 +-
 drivers/iio/chemical/bme680_i2c.c                  |    2 +-
 drivers/iio/chemical/ccs811.c                      |    4 +-
 drivers/iio/chemical/ens160_i2c.c                  |    2 +-
 drivers/iio/chemical/scd30_core.c                  |   66 +-
 drivers/iio/chemical/scd30_i2c.c                   |    5 +-
 drivers/iio/chemical/sgp30.c                       |    7 +-
 drivers/iio/chemical/sgp40.c                       |    2 +-
 drivers/iio/chemical/sps30.c                       |   24 +-
 drivers/iio/chemical/sps30_i2c.c                   |    2 +-
 drivers/iio/chemical/vz89x.c                       |    4 +-
 .../iio/common/cros_ec_sensors/cros_ec_activity.c  |    8 +-
 .../iio/common/cros_ec_sensors/cros_ec_sensors.c   |    8 +-
 drivers/iio/common/scmi_sensors/scmi_iio.c         |   13 +-
 drivers/iio/common/ssp_sensors/ssp_dev.c           |    2 +-
 drivers/iio/common/ssp_sensors/ssp_iio_sensor.h    |   12 -
 drivers/iio/common/ssp_sensors/ssp_spi.c           |    8 +-
 drivers/iio/dac/Kconfig                            |   11 +
 drivers/iio/dac/Makefile                           |    1 +
 drivers/iio/dac/ad3552r.c                          |    7 +-
 drivers/iio/dac/ad5064.c                           |   94 +-
 drivers/iio/dac/ad5380.c                           |   32 +-
 drivers/iio/dac/ad5446-i2c.c                       |   12 +-
 drivers/iio/dac/ad5504.c                           |   45 +-
 drivers/iio/dac/ad5686-spi.c                       |   73 +-
 drivers/iio/dac/ad5686.c                           |  532 ++--
 drivers/iio/dac/ad5686.h                           |  133 +-
 drivers/iio/dac/ad5696-i2c.c                       |   80 +-
 drivers/iio/dac/ad5706r.c                          |  253 ++
 drivers/iio/dac/ad5755.c                           |    5 +-
 drivers/iio/dac/ad5758.c                           |    4 +-
 drivers/iio/dac/ad7303.c                           |    4 +-
 drivers/iio/dac/ds4424.c                           |    8 +-
 drivers/iio/dac/ltc2664.c                          |    4 +-
 drivers/iio/dac/m62332.c                           |    2 +-
 drivers/iio/dac/max517.c                           |   10 +-
 drivers/iio/dac/max5821.c                          |    6 +-
 drivers/iio/dac/mcp4725.c                          |    4 +-
 drivers/iio/dac/mcp4728.c                          |    2 +-
 drivers/iio/dac/mcp47feb02.c                       |   48 +-
 drivers/iio/dac/mcp4821.c                          |  137 +-
 drivers/iio/dac/ti-dac5571.c                       |   22 +-
 drivers/iio/frequency/adrf6780.c                   |    7 +-
 drivers/iio/gyro/adxrs290.c                        |   75 +-
 drivers/iio/gyro/bmg160_i2c.c                      |    6 +-
 drivers/iio/gyro/fxas21002c_i2c.c                  |    2 +-
 drivers/iio/gyro/hid-sensor-gyro-3d.c              |   27 +-
 drivers/iio/gyro/itg3200_core.c                    |    2 +-
 drivers/iio/gyro/mpu3050-i2c.c                     |    2 +-
 drivers/iio/gyro/ssp_gyro_sensor.c                 |    2 +-
 drivers/iio/gyro/st_gyro_i2c.c                     |   18 +-
 drivers/iio/health/afe4404.c                       |    2 +-
 drivers/iio/health/max30100.c                      |    2 +-
 drivers/iio/health/max30102.c                      |    6 +-
 drivers/iio/humidity/am2315.c                      |    2 +-
 drivers/iio/humidity/ens210.c                      |   31 +-
 drivers/iio/humidity/hdc100x.c                     |   12 +-
 drivers/iio/humidity/hdc2010.c                     |    4 +-
 drivers/iio/humidity/hdc3020.c                     |    6 +-
 drivers/iio/humidity/hts221_i2c.c                  |    2 +-
 drivers/iio/humidity/htu21.c                       |    4 +-
 drivers/iio/humidity/si7005.c                      |    4 +-
 drivers/iio/humidity/si7020.c                      |    4 +-
 drivers/iio/imu/bmi160/bmi160_i2c.c                |    4 +-
 drivers/iio/imu/bmi270/bmi270_i2c.c                |    4 +-
 drivers/iio/imu/bmi323/bmi323_i2c.c                |    2 +-
 drivers/iio/imu/bno055/bno055.c                    |   27 +-
 drivers/iio/imu/bno055/bno055_i2c.c                |    2 +-
 drivers/iio/imu/bno055/bno055_ser_core.c           |    4 +-
 drivers/iio/imu/fxos8700_i2c.c                     |    2 +-
 drivers/iio/imu/inv_icm42600/inv_icm42600_i2c.c    |   14 +-
 drivers/iio/imu/inv_icm45600/inv_icm45600_i2c.c    |   16 +-
 drivers/iio/imu/inv_mpu6050/inv_mpu_i2c.c          |   36 +-
 drivers/iio/imu/kmx61.c                            |  131 +-
 drivers/iio/imu/st_lsm6dsx/Makefile                |    2 +-
 drivers/iio/imu/st_lsm6dsx/st_lsm6dsx.h            |   28 +-
 drivers/iio/imu/st_lsm6dsx/st_lsm6dsx_buffer.c     |   43 +-
 drivers/iio/imu/st_lsm6dsx/st_lsm6dsx_core.c       |   58 +
 drivers/iio/imu/st_lsm6dsx/st_lsm6dsx_fusion.c     |  241 ++
 drivers/iio/imu/st_lsm6dsx/st_lsm6dsx_i2c.c        |   48 +-
 drivers/iio/imu/st_lsm9ds0/st_lsm9ds0_i2c.c        |    4 +-
 drivers/iio/industrialio-backend.c                 |   53 +-
 drivers/iio/industrialio-buffer.c                  |   48 +-
 drivers/iio/industrialio-core.c                    |    2 +
 drivers/iio/light/Kconfig                          |   25 +
 drivers/iio/light/Makefile                         |    2 +
 drivers/iio/light/adjd_s311.c                      |    2 +-
 drivers/iio/light/adux1020.c                       |    2 +-
 drivers/iio/light/al3000a.c                        |    2 +-
 drivers/iio/light/al3010.c                         |    2 +-
 drivers/iio/light/al3320a.c                        |    2 +-
 drivers/iio/light/apds9160.c                       |    2 +-
 drivers/iio/light/apds9300.c                       |    2 +-
 drivers/iio/light/apds9960.c                       |    2 +-
 drivers/iio/light/apds9999.c                       |  333 +++
 drivers/iio/light/as73211.c                        |    4 +-
 drivers/iio/light/bh1745.c                         |    2 +-
 drivers/iio/light/bh1750.c                         |   10 +-
 drivers/iio/light/bh1780.c                         |    2 +-
 drivers/iio/light/cm3232.c                         |    5 +-
 drivers/iio/light/cm3323.c                         |    2 +-
 drivers/iio/light/cm36651.c                        |    2 +-
 drivers/iio/light/cros_ec_light_prox.c             |    8 +-
 drivers/iio/light/gp2ap002.c                       |    2 +-
 drivers/iio/light/gp2ap020a00f.c                   |    2 +-
 drivers/iio/light/hid-sensor-als.c                 |   18 +-
 drivers/iio/light/hid-sensor-prox.c                |   19 +-
 drivers/iio/light/iqs621-als.c                     |  111 +-
 drivers/iio/light/isl29018.c                       |    6 +-
 drivers/iio/light/isl29028.c                       |    4 +-
 drivers/iio/light/isl29125.c                       |    2 +-
 drivers/iio/light/isl76682.c                       |    2 +-
 drivers/iio/light/jsa1212.c                        |    2 +-
 drivers/iio/light/ltr390.c                         |    2 +-
 drivers/iio/light/ltr501.c                         |    8 +-
 drivers/iio/light/ltrf216a.c                       |    4 +-
 drivers/iio/light/lv0104cs.c                       |    2 +-
 drivers/iio/light/max44000.c                       |    2 +-
 drivers/iio/light/max44009.c                       |    2 +-
 drivers/iio/light/noa1305.c                        |    2 +-
 drivers/iio/light/opt3001.c                        |   24 +-
 drivers/iio/light/opt4001.c                        |    4 +-
 drivers/iio/light/opt4060.c                        |    2 +-
 drivers/iio/light/pa12203001.c                     |    2 +-
 drivers/iio/light/rpr0521.c                        |    2 +-
 drivers/iio/light/si1133.c                         |   72 +-
 drivers/iio/light/si1145.c                         |   14 +-
 drivers/iio/light/st_uvis25_i2c.c                  |    2 +-
 drivers/iio/light/stk3310.c                        |  113 +-
 drivers/iio/light/tcs3414.c                        |    2 +-
 drivers/iio/light/tcs3472.c                        |  183 +-
 drivers/iio/light/tsl2563.c                        |    8 +-
 drivers/iio/light/tsl2583.c                        |    6 +-
 drivers/iio/light/tsl2591.c                        |  123 +-
 drivers/iio/light/tsl2772.c                        |   38 +-
 drivers/iio/light/tsl4531.c                        |    2 +-
 drivers/iio/light/us5182d.c                        |    2 +-
 drivers/iio/light/vcnl4000.c                       |  428 ++--
 drivers/iio/light/vcnl4035.c                       |    2 +-
 drivers/iio/light/veml3235.c                       |    2 +-
 drivers/iio/light/veml3328.c                       |  423 +++
 drivers/iio/light/veml6030.c                       |   12 +-
 drivers/iio/light/veml6040.c                       |    2 +-
 drivers/iio/light/veml6046x00.c                    |    2 +-
 drivers/iio/light/veml6070.c                       |    2 +-
 drivers/iio/light/veml6075.c                       |    2 +-
 drivers/iio/light/vl6180.c                         |    2 +-
 drivers/iio/light/zopt2201.c                       |    2 +-
 drivers/iio/magnetometer/Kconfig                   |   11 +
 drivers/iio/magnetometer/Makefile                  |    1 +
 drivers/iio/magnetometer/af8133j.c                 |    2 +-
 drivers/iio/magnetometer/ak8974.c                  |    8 +-
 drivers/iio/magnetometer/ak8975.c                  |  273 +-
 drivers/iio/magnetometer/bmc150_magn_i2c.c         |    6 +-
 drivers/iio/magnetometer/hid-sensor-magn-3d.c      |   26 +-
 drivers/iio/magnetometer/hmc5843_i2c.c             |    8 +-
 drivers/iio/magnetometer/mag3110.c                 |    2 +-
 drivers/iio/magnetometer/mmc35240.c                |    2 +-
 drivers/iio/magnetometer/mmc5633.c                 |    4 +-
 drivers/iio/magnetometer/mmc5983.c                 |  348 +++
 drivers/iio/magnetometer/rm3100-core.c             |   94 +-
 drivers/iio/magnetometer/si7210.c                  |    2 +-
 drivers/iio/magnetometer/st_magn_i2c.c             |   18 +-
 drivers/iio/magnetometer/tlv493d.c                 |    2 +-
 drivers/iio/magnetometer/tmag5273.c                |    2 +-
 drivers/iio/magnetometer/yamaha-yas530.c           |   30 +-
 drivers/iio/orientation/hid-sensor-rotation.c      |   71 +-
 drivers/iio/potentiometer/ad5272.c                 |   10 +-
 drivers/iio/potentiometer/ds1803.c                 |    8 +-
 drivers/iio/potentiometer/tpl0102.c                |    8 +-
 drivers/iio/potentiostat/lmp91000.c                |    4 +-
 drivers/iio/pressure/abp060mg.c                    |   90 +-
 drivers/iio/pressure/abp2030pa_i2c.c               |    2 +-
 drivers/iio/pressure/adp810.c                      |    2 +-
 drivers/iio/pressure/bmp280-i2c.c                  |   12 +-
 drivers/iio/pressure/cros_ec_baro.c                |    8 +-
 drivers/iio/pressure/dlhl60d.c                     |    4 +-
 drivers/iio/pressure/dps310.c                      |    2 +-
 drivers/iio/pressure/hid-sensor-press.c            |   19 +-
 drivers/iio/pressure/hp03.c                        |    2 +-
 drivers/iio/pressure/hp206c.c                      |    2 +-
 drivers/iio/pressure/hsc030pa_i2c.c                |    2 +-
 drivers/iio/pressure/icp10100.c                    |    2 +-
 drivers/iio/pressure/mpl115_i2c.c                  |    2 +-
 drivers/iio/pressure/mpl3115.c                     |    2 +-
 drivers/iio/pressure/mprls0025pa_i2c.c             |    2 +-
 drivers/iio/pressure/ms5611_i2c.c                  |    4 +-
 drivers/iio/pressure/ms5637.c                      |    8 +-
 drivers/iio/pressure/rohm-bm1390.c                 |    2 +-
 drivers/iio/pressure/sdp500.c                      |    2 +-
 drivers/iio/pressure/st_pressure_i2c.c             |   16 +-
 drivers/iio/pressure/t5403.c                       |    2 +-
 drivers/iio/pressure/zpa2326_i2c.c                 |    2 +-
 drivers/iio/proximity/aw96103.c                    |    4 +-
 drivers/iio/proximity/hx9023s.c                    |    2 +-
 drivers/iio/proximity/isl29501.c                   |    2 +-
 drivers/iio/proximity/mb1232.c                     |   14 +-
 drivers/iio/proximity/pulsedlight-lidar-lite-v2.c  |    4 +-
 drivers/iio/proximity/rfd77402.c                   |    2 +-
 drivers/iio/proximity/srf08.c                      |   23 +-
 drivers/iio/proximity/sx9310.c                     |    4 +-
 drivers/iio/proximity/sx9324.c                     |    6 +-
 drivers/iio/proximity/sx9360.c                     |    8 +-
 drivers/iio/proximity/sx9500.c                     |    2 +-
 drivers/iio/proximity/vl53l0x-i2c.c                |    2 +-
 drivers/iio/proximity/vl53l1x-i2c.c                |    2 +-
 drivers/iio/temperature/ltc2983.c                  |  621 ++++-
 drivers/iio/temperature/max30208.c                 |    2 +-
 drivers/iio/temperature/maxim_thermocouple.c       |    6 +-
 drivers/iio/temperature/mcp9600.c                  |    4 +-
 drivers/iio/temperature/mlx90614.c                 |    4 +-
 drivers/iio/temperature/mlx90632.c                 |    2 +-
 drivers/iio/temperature/mlx90635.c                 |    2 +-
 drivers/iio/temperature/tmp006.c                   |    2 +-
 drivers/iio/temperature/tmp007.c                   |    2 +-
 drivers/iio/temperature/tmp117.c                   |    4 +-
 drivers/iio/temperature/tsys01.c                   |    2 +-
 drivers/iio/temperature/tsys02d.c                  |    2 +-
 drivers/iio/trigger/Kconfig                        |    9 -
 drivers/iio/trigger/Makefile                       |    1 -
 drivers/iio/trigger/iio-trig-interrupt.c           |  109 -
 drivers/interconnect/core.c                        |    2 +-
 drivers/interconnect/qcom/Kconfig                  |   95 +-
 drivers/interconnect/qcom/Makefile                 |    6 +
 drivers/interconnect/qcom/eliza.c                  |   15 +-
 drivers/interconnect/qcom/hawi.c                   | 2028 +++++++++++++++
 drivers/interconnect/qcom/msm8953.c                |    2 +-
 drivers/interconnect/qcom/nord.c                   | 2682 ++++++++++++++++++++
 drivers/interconnect/qcom/shikra.c                 | 1837 ++++++++++++++
 drivers/misc/Kconfig                               |   10 -
 drivers/misc/Makefile                              |    1 -
 drivers/misc/apds990x.c                            | 1284 ----------
 drivers/misc/cardreader/rtsx_pcr.c                 |   30 +-
 drivers/misc/mei/hw-me-regs.h                      |    4 +
 drivers/misc/mei/hw-me.c                           |   96 +-
 drivers/misc/mei/hw-me.h                           |    8 +-
 drivers/misc/mei/main.c                            |   19 +-
 drivers/misc/mei/mei_dev.h                         |   29 +-
 drivers/misc/mei/pci-me.c                          |    2 +-
 drivers/misc/mei/pci-txe.c                         |    1 +
 drivers/misc/mei/platform-vsc.c                    |    2 +-
 drivers/misc/pch_phub.c                            |  151 +-
 drivers/misc/tifm_7xx1.c                           |    9 +-
 drivers/misc/vmw_vmci/vmci_queue_pair.c            |    2 +-
 drivers/staging/iio/addac/adt7316-i2c.c            |   12 +-
 drivers/staging/iio/addac/adt7316-spi.c            |   13 +-
 drivers/staging/iio/frequency/ad9832.c             |   20 +-
 drivers/staging/iio/frequency/ad9834.c             |   45 +-
 drivers/staging/iio/impedance-analyzer/ad5933.c    |    4 +-
 drivers/virt/acrn/irqfd.c                          |   75 +-
 drivers/w1/masters/ds2482.c                        |    4 +-
 include/dt-bindings/interconnect/qcom,eliza-rpmh.h |    1 +
 include/dt-bindings/interconnect/qcom,hawi-rpmh.h  |  165 ++
 include/dt-bindings/interconnect/qcom,nord-rpmh.h  |  217 ++
 include/dt-bindings/interconnect/qcom,shikra.h     |  121 +
 include/linux/coresight.h                          |   27 +-
 include/linux/cpuhotplug.h                         |    2 +-
 include/linux/dtlk.h                               |   86 -
 include/linux/firmware/intel/stratix10-smc.h       |   31 +-
 .../linux/firmware/intel/stratix10-svc-client.h    |    7 +-
 include/linux/iio/backend.h                        |    1 +
 include/linux/iio/buffer.h                         |   14 +-
 include/linux/iio/iio.h                            |   39 +-
 include/linux/platform_data/apds990x.h             |   65 -
 include/uapi/linux/iio/types.h                     |    2 +
 rust/kernel/miscdevice.rs                          |   23 +-
 samples/rust/rust_misc_device.rs                   |   34 +-
 tools/iio/iio_event_monitor.c                      |    3 +
 tools/iio/iio_generic_buffer.c                     |   70 +-
 tools/iio/iio_utils.c                              |   12 +-
 tools/iio/iio_utils.h                              |    4 +-
 520 files changed, 19360 insertions(+), 8247 deletions(-)
 delete mode 100644 Documentation/devicetree/bindings/fpga/altera-pr-ip.txt
 delete mode 100644 Documentation/devicetree/bindings/fpga/altera-socfpga-fpga-mgr.txt
 create mode 100644 Documentation/devicetree/bindings/fpga/altr,a10-pr-ip.yaml
 create mode 100644 Documentation/devicetree/bindings/fpga/altr,socfpga-fpga-mgr.yaml
 create mode 100644 Documentation/devicetree/bindings/fpga/efinix,trion-config.yaml
 create mode 100644 Documentation/devicetree/bindings/fpga/technologic,ts7300-fpga.yaml
 create mode 100644 Documentation/devicetree/bindings/iio/adc/adi,ad4691.yaml
 create mode 100644 Documentation/devicetree/bindings/iio/dac/adi,ad5706r.yaml
 create mode 100644 Documentation/devicetree/bindings/iio/light/brcm,apds9999.yaml
 create mode 100644 Documentation/devicetree/bindings/iio/magnetometer/memsic,mmc5983.yaml
 create mode 100644 Documentation/devicetree/bindings/interconnect/qcom,hawi-rpmh.yaml
 create mode 100644 Documentation/devicetree/bindings/interconnect/qcom,nord-rpmh.yaml
 create mode 100644 Documentation/devicetree/bindings/interconnect/qcom,shikra.yaml
 create mode 100644 Documentation/iio/ad4691.rst
 delete mode 100644 Documentation/misc-devices/apds990x.rst
 delete mode 100644 drivers/char/applicom.c
 delete mode 100644 drivers/char/applicom.h
 delete mode 100644 drivers/char/dtlk.c
 create mode 100644 drivers/fpga/efinix-spi.c
 create mode 100644 drivers/iio/adc/ad4691.c
 create mode 100644 drivers/iio/dac/ad5706r.c
 create mode 100644 drivers/iio/imu/st_lsm6dsx/st_lsm6dsx_fusion.c
 create mode 100644 drivers/iio/light/apds9999.c
 create mode 100644 drivers/iio/light/veml3328.c
 create mode 100644 drivers/iio/magnetometer/mmc5983.c
 delete mode 100644 drivers/iio/trigger/iio-trig-interrupt.c
 create mode 100644 drivers/interconnect/qcom/hawi.c
 create mode 100644 drivers/interconnect/qcom/nord.c
 create mode 100644 drivers/interconnect/qcom/shikra.c
 delete mode 100644 drivers/misc/apds990x.c
 create mode 100644 include/dt-bindings/interconnect/qcom,hawi-rpmh.h
 create mode 100644 include/dt-bindings/interconnect/qcom,nord-rpmh.h
 create mode 100644 include/dt-bindings/interconnect/qcom,shikra.h
 delete mode 100644 include/linux/dtlk.h
 delete mode 100644 include/linux/platform_data/apds990x.h
$ git am -3 ../patches/0001-bus-mhi-Fix-up-interaction-with-net-next-tree.patch
Applying: bus: mhi: Fix up interaction with net-next tree
Using index info to reconstruct a base tree...
M	drivers/net/wireless/ath/ath12k/wifi7/mhi.c
Falling back to patching base and 3-way merge...
No changes -- Patch already applied.
Merging coresight/next (98495b5a4d77d coresight: ultrasoc-smb: Fix OOB write in smb_sync_perf_buffer())
$ git merge -m Merge branch 'next' of https://git.kernel.org/pub/scm/linux/kernel/git/coresight/linux.git coresight/next
Already up to date.
Merging fastrpc/for-next (14b60ee1e614c Merge branches 'fastrpc-fixes' and 'fastrpc-for-7.2' into fastrpc-for-next)
$ git merge -m Merge branch 'for-next' of https://git.kernel.org/pub/scm/linux/kernel/git/srini/fastrpc.git fastrpc/for-next
Auto-merging drivers/misc/fastrpc.c
Merge made by the 'ort' strategy.
 drivers/misc/fastrpc.c | 11 ++++++-----
 1 file changed, 6 insertions(+), 5 deletions(-)
Merging fpga/for-next (43a1974da6bc7 fpga: microchip-spi: fix zero header_size OOB read in mpf_ops_parse_header())
$ git merge -m Merge branch 'for-next' of https://git.kernel.org/pub/scm/linux/kernel/git/fpga/linux-fpga.git fpga/for-next
Already up to date.
Merging icc/icc-next (94fe92d2f662b Merge branch 'icc-misc' into icc-next)
$ git merge -m Merge branch 'icc-next' of https://git.kernel.org/pub/scm/linux/kernel/git/djakov/icc.git icc/icc-next
Already up to date.
Merging iio/togreg (ae696dfa47c30 iio: adc: nxp-sar-adc: harden buffer ISR against per-channel read failure)
$ git merge -m Merge branch 'togreg' of https://git.kernel.org/pub/scm/linux/kernel/git/jic23/iio.git iio/togreg
Already up to date.
Merging nfc/for-next (ed85d4cbbfaa4 nfc: llcp: bound SNL TLV parsing to the skb and add length checks)
  ed85d4cbbfaa4 ("nfc: llcp: bound SNL TLV parsing to the skb and add length checks")
$ git merge -m Merge branch 'for-next' of https://codeberg.org/linux-nfc/linux.git nfc/for-next
Auto-merging MAINTAINERS
Merge made by the 'ort' strategy.
 net/nfc/nci/rsp.c | 41 ++++++++++++++++++++++++++++++++++++++---
 1 file changed, 38 insertions(+), 3 deletions(-)
Merging phy-next/next (2ace2e949979b phy: rockchip: inno-usb2: Add missing clkout_ctl_phy kerneldoc)
$ git merge -m Merge branch 'next' of https://git.kernel.org/pub/scm/linux/kernel/git/phy/linux-phy.git phy-next/next
Auto-merging MAINTAINERS
Auto-merging drivers/phy/qualcomm/phy-qcom-qmp-ufs.c
Auto-merging drivers/phy/qualcomm/phy-qcom-qmp-usbc.c
Auto-merging drivers/phy/spacemit/phy-k1-usb2.c
Merge made by the 'ort' strategy.
 .../bindings/display/msm/qcom,sa8775p-mdss.yaml    |    6 +-
 .../bindings/phy/axiado,ax3000-emmc-phy.yaml       |   37 +
 .../bindings/phy/econet,en751221-pcie-phy.yaml     |   50 +
 .../devicetree/bindings/phy/fsl,lynx-10g.yaml      |  139 ++
 .../devicetree/bindings/phy/fsl,lynx-28g.yaml      |   48 +-
 .../devicetree/bindings/phy/nxp,tja1145.yaml       |   86 ++
 .../devicetree/bindings/phy/qcom,edp-phy.yaml      |    1 +
 .../devicetree/bindings/phy/qcom,qusb2-phy.yaml    |    4 +
 .../bindings/phy/qcom,sc8280xp-qmp-pcie-phy.yaml   |   19 +-
 .../bindings/phy/qcom,sc8280xp-qmp-ufs-phy.yaml    |    1 +
 .../phy/qcom,sc8280xp-qmp-usb3-uni-phy.yaml        |   46 +-
 .../phy/qcom,sc8280xp-qmp-usb43dp-phy.yaml         |    4 +
 .../bindings/phy/qcom,snps-eusb2-phy.yaml          |    1 +
 .../bindings/phy/rockchip,inno-usb2phy.yaml        |   44 +-
 .../devicetree/bindings/phy/spacemit,usb2-phy.yaml |    6 +-
 .../devicetree/bindings/phy/ti,ds125df111.yaml     |   46 +
 .../devicetree/bindings/phy/ti,phy-gmii-sel.yaml   |   23 +-
 .../devicetree/bindings/phy/ti,phy-j721e-wiz.yaml  |   19 +-
 MAINTAINERS                                        |   35 +-
 drivers/phy/Kconfig                                |   36 +
 drivers/phy/Makefile                               |    4 +
 drivers/phy/axiado/Kconfig                         |   11 +
 drivers/phy/axiado/Makefile                        |    1 +
 drivers/phy/axiado/phy-axiado-emmc.c               |  217 ++++
 drivers/phy/broadcom/phy-bcm-ns-usb3.c             |    2 +-
 drivers/phy/freescale/Kconfig                      |   14 +
 drivers/phy/freescale/Makefile                     |    2 +
 drivers/phy/freescale/phy-fsl-imx8qm-hsio.c        |   23 +-
 drivers/phy/freescale/phy-fsl-imx8qm-lvds-phy.c    |   26 +-
 drivers/phy/freescale/phy-fsl-lynx-10g.c           | 1321 ++++++++++++++++++++
 drivers/phy/freescale/phy-fsl-lynx-28g.c           |  881 +++++++------
 drivers/phy/freescale/phy-fsl-lynx-core.c          |  445 +++++++
 drivers/phy/freescale/phy-fsl-lynx-core.h          |  134 ++
 drivers/phy/mediatek/phy-mtk-xsphy.c               |   15 +-
 drivers/phy/phy-airoha-pcie-regs.h                 |    2 +-
 drivers/phy/phy-can-transceiver.c                  |   93 +-
 drivers/phy/phy-econet-pcie.c                      |  182 +++
 drivers/phy/phy-eyeq5-eth.c                        |  280 +++++
 drivers/phy/phy-nxp-ptn3222.c                      |    2 +-
 drivers/phy/phy-nxp-tja1145.c                      |  184 +++
 drivers/phy/qualcomm/phy-qcom-m31-eusb2.c          |    2 +-
 drivers/phy/qualcomm/phy-qcom-qmp-combo.c          |   18 +-
 drivers/phy/qualcomm/phy-qcom-qmp-pcie-msm8996.c   |  110 +-
 drivers/phy/qualcomm/phy-qcom-qmp-pcie.c           |  351 ++++--
 drivers/phy/qualcomm/phy-qcom-qmp-pcs-pcie-v6.h    |    1 +
 drivers/phy/qualcomm/phy-qcom-qmp-qserdes-com-v2.h |    3 +
 drivers/phy/qualcomm/phy-qcom-qmp-qserdes-com.h    |  140 ---
 .../phy/qualcomm/phy-qcom-qmp-qserdes-txrx-v2.h    |  247 +++-
 drivers/phy/qualcomm/phy-qcom-qmp-qserdes-txrx.h   |  205 ---
 drivers/phy/qualcomm/phy-qcom-qmp-ufs.c            |  254 ++--
 drivers/phy/qualcomm/phy-qcom-qmp-usb.c            |  262 ++--
 drivers/phy/qualcomm/phy-qcom-qmp-usbc.c           |  310 ++---
 drivers/phy/qualcomm/phy-qcom-qmp.h                |    3 -
 drivers/phy/qualcomm/phy-qcom-usb-hs.c             |   15 +-
 drivers/phy/renesas/phy-rcar-gen3-usb2.c           |   10 +-
 drivers/phy/renesas/phy-rzg3e-usb3.c               |    8 +-
 drivers/phy/rockchip/phy-rockchip-inno-usb2.c      |  194 ++-
 drivers/phy/rockchip/phy-rockchip-naneng-combphy.c |  173 ++-
 drivers/phy/spacemit/phy-k1-usb2.c                 |   34 +-
 drivers/phy/st/Kconfig                             |    2 +-
 drivers/phy/st/phy-miphy28lp.c                     |   12 +-
 drivers/phy/tegra/Kconfig                          |    2 +-
 drivers/phy/ti/Kconfig                             |  134 +-
 drivers/phy/ti/Makefile                            |   13 +-
 drivers/phy/ti/phy-ds125df111.c                    |  294 +++++
 drivers/phy/ti/phy-gmii-sel.c                      |   13 +
 drivers/phy/ti/phy-j721e-wiz.c                     |   24 +
 drivers/phy/ti/phy-tusb1210.c                      |    6 +-
 include/soc/fsl/phy-fsl-lynx.h                     |   43 +
 69 files changed, 5545 insertions(+), 1828 deletions(-)
 create mode 100644 Documentation/devicetree/bindings/phy/axiado,ax3000-emmc-phy.yaml
 create mode 100644 Documentation/devicetree/bindings/phy/econet,en751221-pcie-phy.yaml
 create mode 100644 Documentation/devicetree/bindings/phy/fsl,lynx-10g.yaml
 create mode 100644 Documentation/devicetree/bindings/phy/nxp,tja1145.yaml
 create mode 100644 Documentation/devicetree/bindings/phy/ti,ds125df111.yaml
 create mode 100644 drivers/phy/axiado/Kconfig
 create mode 100644 drivers/phy/axiado/Makefile
 create mode 100644 drivers/phy/axiado/phy-axiado-emmc.c
 create mode 100644 drivers/phy/freescale/phy-fsl-lynx-10g.c
 create mode 100644 drivers/phy/freescale/phy-fsl-lynx-core.c
 create mode 100644 drivers/phy/freescale/phy-fsl-lynx-core.h
 create mode 100644 drivers/phy/phy-econet-pcie.c
 create mode 100644 drivers/phy/phy-eyeq5-eth.c
 create mode 100644 drivers/phy/phy-nxp-tja1145.c
 delete mode 100644 drivers/phy/qualcomm/phy-qcom-qmp-qserdes-com.h
 delete mode 100644 drivers/phy/qualcomm/phy-qcom-qmp-qserdes-txrx.h
 create mode 100644 drivers/phy/ti/phy-ds125df111.c
 create mode 100644 include/soc/fsl/phy-fsl-lynx.h
Merging soundwire/next (4dab2b904414f soundwire: dmi-quirks: Disable ghost Realtek devices)
$ git merge -m Merge branch 'next' of https://git.kernel.org/pub/scm/linux/kernel/git/vkoul/soundwire.git soundwire/next
Auto-merging drivers/soundwire/bus.c
Merge made by the 'ort' strategy.
 drivers/soundwire/bus.c                          |  4 ++
 drivers/soundwire/dmi-quirks.c                   | 35 +++++++++++++++
 drivers/soundwire/generic_bandwidth_allocation.c | 56 +++++++++++-------------
 drivers/soundwire/intel.c                        | 31 +++----------
 drivers/soundwire/intel_ace2x.c                  | 40 +++++++++++------
 drivers/soundwire/intel_auxdevice.c              |  3 ++
 drivers/soundwire/slave.c                        |  4 +-
 drivers/soundwire/stream.c                       | 13 +++++-
 8 files changed, 116 insertions(+), 70 deletions(-)
Merging extcon/extcon-next (254f49634ee16 Linux 7.1-rc1)
$ git merge -m Merge branch 'extcon-next' of https://git.kernel.org/pub/scm/linux/kernel/git/chanwoo/extcon.git extcon/extcon-next
Already up to date.
Merging gnss/gnss-next (5d6919055dec1 Linux 7.1-rc3)
$ git merge -m Merge branch 'gnss-next' of https://git.kernel.org/pub/scm/linux/kernel/git/johan/gnss.git gnss/gnss-next
Already up to date.
Merging vfio/next (785562e31dbcd vfio: selftests: Ensure libvfio output dirs are always created)
$ git merge -m Merge branch 'next' of https://github.com/awilliam/linux-vfio.git vfio/next
Already up to date.
Merging w1/for-next (254f49634ee16 Linux 7.1-rc1)
$ git merge -m Merge branch 'for-next' of https://git.kernel.org/pub/scm/linux/kernel/git/krzk/linux-w1.git w1/for-next
Already up to date.
Merging spmi/spmi-next (3443eec9c55d1 spmi: use kzalloc_flex in main allocation)
$ git merge -m Merge branch 'spmi-next' of https://git.kernel.org/pub/scm/linux/kernel/git/sboyd/spmi.git spmi/spmi-next
Merge made by the 'ort' strategy.
 .../bindings/spmi/qcom,glymur-spmi-pmic-arb.yaml   |   1 +
 drivers/spmi/spmi-pmic-arb.c                       | 142 ++++++++++++++++-----
 drivers/spmi/spmi.c                                |   4 +-
 include/linux/spmi.h                               |   5 +-
 4 files changed, 119 insertions(+), 33 deletions(-)
Merging staging/staging-next (7cb1c5b32a2bf staging: most: video: avoid double free on video register failure)
$ git merge -m Merge branch 'staging-next' of https://git.kernel.org/pub/scm/linux/kernel/git/gregkh/staging.git staging/staging-next
Auto-merging drivers/staging/rtl8723bs/core/rtw_mlme.c
Merge made by the 'ort' strategy.
 .../cavium-octeon/executive/cvmx-helper-util.c     |   2 +-
 arch/mips/cavium-octeon/executive/cvmx-helper.c    |   8 +-
 arch/mips/cavium-octeon/executive/cvmx-pko.c       |   6 +-
 arch/mips/cavium-octeon/executive/cvmx-spi.c       |  16 +-
 arch/mips/include/asm/octeon/cvmx-helper-util.h    |   2 +-
 arch/mips/include/asm/octeon/cvmx-helper.h         |   6 +-
 arch/mips/include/asm/octeon/cvmx-pip.h            |   6 +-
 arch/mips/include/asm/octeon/cvmx-pko.h            |  26 +-
 arch/mips/include/asm/octeon/cvmx-pow.h            |  12 +-
 arch/mips/include/asm/octeon/cvmx-spi.h            |  38 +--
 drivers/staging/fbtft/fb_ssd1351.c                 |   3 +-
 drivers/staging/fbtft/fbtft-core.c                 |   3 +-
 drivers/staging/fbtft/fbtft-io.c                   |   7 -
 drivers/staging/fbtft/fbtft.h                      |   1 -
 .../greybus/Documentation/firmware/authenticate.c  |   2 +-
 .../greybus/Documentation/sysfs-bus-greybus        |   2 +-
 drivers/staging/most/dim2/dim2.c                   |   6 +-
 drivers/staging/most/dim2/errors.h                 |   2 +-
 drivers/staging/most/dim2/hal.c                    |   2 +-
 drivers/staging/most/dim2/hal.h                    |   2 +-
 drivers/staging/most/dim2/reg.h                    |   2 +-
 drivers/staging/most/dim2/sysfs.h                  |   2 +-
 drivers/staging/most/net/net.c                     |  18 +-
 drivers/staging/most/video/video.c                 |  30 +--
 drivers/staging/nvec/nvec.c                        |   8 +-
 drivers/staging/octeon/ethernet-mem.c              |  43 ++--
 drivers/staging/octeon/ethernet-mem.h              |   8 +-
 drivers/staging/octeon/ethernet-rx.c               |  49 ++--
 drivers/staging/octeon/ethernet-rx.h               |  13 +-
 drivers/staging/octeon/ethernet.c                  |  69 ++---
 drivers/staging/octeon/octeon-ethernet.h           |  14 ++
 drivers/staging/octeon/octeon-stubs.h              |  48 ++--
 drivers/staging/rtl8723bs/core/rtw_ap.c            |  90 +------
 drivers/staging/rtl8723bs/core/rtw_btcoex.c        |  15 +-
 drivers/staging/rtl8723bs/core/rtw_cmd.c           |  48 ++--
 drivers/staging/rtl8723bs/core/rtw_efuse.c         |  29 ++-
 drivers/staging/rtl8723bs/core/rtw_ieee80211.c     |   3 +-
 drivers/staging/rtl8723bs/core/rtw_io.c            |  20 +-
 drivers/staging/rtl8723bs/core/rtw_ioctl_set.c     |  58 ++---
 drivers/staging/rtl8723bs/core/rtw_mlme.c          |  68 +++--
 drivers/staging/rtl8723bs/core/rtw_mlme_ext.c      | 172 ++-----------
 drivers/staging/rtl8723bs/core/rtw_pwrctrl.c       |   4 +-
 drivers/staging/rtl8723bs/core/rtw_recv.c          | 186 +++++---------
 drivers/staging/rtl8723bs/core/rtw_security.c      | 223 ++++++++---------
 drivers/staging/rtl8723bs/core/rtw_sta_mgt.c       |   3 +-
 drivers/staging/rtl8723bs/core/rtw_wlan_util.c     |  57 ++---
 drivers/staging/rtl8723bs/core/rtw_xmit.c          | 277 ++++++++++-----------
 drivers/staging/rtl8723bs/hal/HalBtc8723b1Ant.c    | 105 +++-----
 drivers/staging/rtl8723bs/hal/HalBtc8723b1Ant.h    |  18 +-
 drivers/staging/rtl8723bs/hal/HalBtc8723b2Ant.c    |  32 +--
 drivers/staging/rtl8723bs/hal/HalBtc8723b2Ant.h    |  16 +-
 drivers/staging/rtl8723bs/hal/HalBtcOutSrc.h       |  10 +-
 drivers/staging/rtl8723bs/hal/HalHWImg8723B_BB.c   |  30 +--
 drivers/staging/rtl8723bs/hal/HalHWImg8723B_MAC.c  |  24 +-
 drivers/staging/rtl8723bs/hal/HalHWImg8723B_MAC.h  |  13 +-
 drivers/staging/rtl8723bs/hal/HalHWImg8723B_RF.c   |  25 +-
 drivers/staging/rtl8723bs/hal/HalHWImg8723B_RF.h   |  21 +-
 drivers/staging/rtl8723bs/hal/HalPhyRf.c           |   1 -
 drivers/staging/rtl8723bs/hal/HalPhyRf.h           |   1 -
 drivers/staging/rtl8723bs/hal/HalPhyRf_8723B.c     |  59 ++---
 drivers/staging/rtl8723bs/hal/HalPhyRf_8723B.h     |   2 -
 drivers/staging/rtl8723bs/hal/HalPwrSeqCmd.c       |   1 -
 drivers/staging/rtl8723bs/hal/hal_btcoex.c         |  52 +---
 drivers/staging/rtl8723bs/hal/hal_com.c            |  86 ++-----
 drivers/staging/rtl8723bs/hal/hal_com_phycfg.c     |  22 +-
 drivers/staging/rtl8723bs/hal/hal_intf.c           |  53 +---
 drivers/staging/rtl8723bs/hal/hal_pwr_seq.c        |  18 +-
 drivers/staging/rtl8723bs/hal/hal_sdio.c           |   1 -
 drivers/staging/rtl8723bs/hal/odm.c                |  82 ++----
 drivers/staging/rtl8723bs/hal/odm.h                |  56 ++---
 drivers/staging/rtl8723bs/hal/odm_CfoTracking.c    |   2 +-
 drivers/staging/rtl8723bs/hal/odm_DIG.c            |  64 ++---
 drivers/staging/rtl8723bs/hal/odm_DIG.h            |   4 +-
 .../rtl8723bs/hal/odm_DynamicBBPowerSaving.c       |  12 +-
 drivers/staging/rtl8723bs/hal/odm_HWConfig.c       |  22 +-
 drivers/staging/rtl8723bs/hal/odm_HWConfig.h       |   1 -
 drivers/staging/rtl8723bs/hal/odm_RegConfig8723B.c |   1 -
 drivers/staging/rtl8723bs/hal/odm_RegDefine11N.h   |   6 +-
 drivers/staging/rtl8723bs/hal/odm_interface.h      |  11 -
 drivers/staging/rtl8723bs/hal/odm_types.h          |   7 -
 drivers/staging/rtl8723bs/hal/rtl8723b_cmd.c       |  38 ++-
 drivers/staging/rtl8723bs/hal/rtl8723b_dm.c        |  19 +-
 drivers/staging/rtl8723bs/hal/rtl8723b_hal_init.c  | 124 ++++-----
 drivers/staging/rtl8723bs/hal/rtl8723b_phycfg.c    |  67 ++---
 drivers/staging/rtl8723bs/hal/rtl8723b_rf6052.c    |  12 +-
 drivers/staging/rtl8723bs/hal/rtl8723b_rxdesc.c    |   1 -
 drivers/staging/rtl8723bs/hal/rtl8723bs_recv.c     |   3 +-
 drivers/staging/rtl8723bs/hal/rtl8723bs_xmit.c     |  29 +--
 drivers/staging/rtl8723bs/hal/sdio_halinit.c       |  96 ++-----
 drivers/staging/rtl8723bs/hal/sdio_ops.c           | 174 ++-----------
 drivers/staging/rtl8723bs/include/HalVerDef.h      |  85 -------
 drivers/staging/rtl8723bs/include/cmd_osdep.h      |   2 -
 drivers/staging/rtl8723bs/include/drv_types.h      |   9 +-
 drivers/staging/rtl8723bs/include/hal_com.h        |   3 -
 drivers/staging/rtl8723bs/include/hal_com_reg.h    | 104 ++++----
 drivers/staging/rtl8723bs/include/hal_data.h       |   8 +-
 drivers/staging/rtl8723bs/include/hal_intf.h       |  31 +--
 drivers/staging/rtl8723bs/include/hal_phy.h        |   4 +-
 drivers/staging/rtl8723bs/include/hal_pwr_seq.h    | 182 +++++++-------
 drivers/staging/rtl8723bs/include/ieee80211.h      |  54 ++--
 drivers/staging/rtl8723bs/include/osdep_service.h  |  56 -----
 drivers/staging/rtl8723bs/include/rtl8192c_recv.h  |   1 -
 drivers/staging/rtl8723bs/include/rtl8723b_dm.h    |   1 -
 drivers/staging/rtl8723bs/include/rtl8723b_hal.h   |   3 +-
 drivers/staging/rtl8723bs/include/rtl8723b_recv.h  |   2 +-
 drivers/staging/rtl8723bs/include/rtl8723b_spec.h  |  88 +++----
 drivers/staging/rtl8723bs/include/rtw_btcoex.h     |  11 +-
 drivers/staging/rtl8723bs/include/rtw_cmd.h        |   6 +-
 drivers/staging/rtl8723bs/include/rtw_efuse.h      |  14 +-
 drivers/staging/rtl8723bs/include/rtw_ht.h         |  16 +-
 drivers/staging/rtl8723bs/include/rtw_io.h         |  16 --
 drivers/staging/rtl8723bs/include/rtw_ioctl_set.h  |   1 -
 drivers/staging/rtl8723bs/include/rtw_mlme.h       |   6 +-
 drivers/staging/rtl8723bs/include/rtw_mlme_ext.h   |  17 +-
 drivers/staging/rtl8723bs/include/rtw_pwrctrl.h    |   6 +-
 drivers/staging/rtl8723bs/include/rtw_recv.h       |   8 +-
 drivers/staging/rtl8723bs/include/rtw_wifi_regd.h  |   1 -
 drivers/staging/rtl8723bs/include/rtw_xmit.h       |  25 +-
 drivers/staging/rtl8723bs/include/sdio_ops.h       |   5 +-
 drivers/staging/rtl8723bs/include/sdio_ops_linux.h |   1 -
 drivers/staging/rtl8723bs/include/wifi.h           |  28 +--
 drivers/staging/rtl8723bs/include/xmit_osdep.h     |   1 -
 drivers/staging/rtl8723bs/os_dep/ioctl_cfg80211.c  |  63 ++---
 drivers/staging/rtl8723bs/os_dep/os_intfs.c        |  27 +-
 drivers/staging/rtl8723bs/os_dep/sdio_intf.c       |  20 +-
 drivers/staging/rtl8723bs/os_dep/sdio_ops_linux.c  |   4 +-
 drivers/staging/rtl8723bs/os_dep/wifi_regd.c       |  18 +-
 drivers/staging/rtl8723bs/os_dep/xmit_linux.c      |  15 +-
 drivers/staging/sm750fb/ddk750_chip.c              | 145 +++++------
 drivers/staging/sm750fb/ddk750_power.c             |  17 --
 drivers/staging/sm750fb/ddk750_power.h             |   5 -
 drivers/staging/sm750fb/sm750.c                    |  60 ++---
 drivers/staging/sm750fb/sm750.h                    |  12 +-
 drivers/staging/sm750fb/sm750_accel.c              |  62 ++---
 drivers/staging/sm750fb/sm750_accel.h              |   6 +-
 drivers/staging/sm750fb/sm750_cursor.c             |  58 -----
 drivers/staging/sm750fb/sm750_cursor.h             |   2 -
 drivers/staging/sm750fb/sm750_hw.c                 |  38 +--
 drivers/staging/vme_user/vme.c                     |  24 +-
 139 files changed, 1622 insertions(+), 2879 deletions(-)
 delete mode 100644 drivers/staging/rtl8723bs/include/HalVerDef.h
Merging counter-next/counter-next (ca815bb87064a counter: intel-qep: Use devm_mutex_init())
$ git merge -m Merge branch 'counter-next' of https://git.kernel.org/pub/scm/linux/kernel/git/wbg/counter.git counter-next/counter-next
Already up to date.
Merging mux/for-next (59b723cd2adba Linux 6.12-rc6)
$ git merge -m Merge branch 'for-next' of https://gitlab.com/peda-linux/mux.git mux/for-next
Already up to date.
Merging dmaengine/next (7524fe142b5a7 dt-bindings: dma: snps,dw-axi-dmac: Add fallback compatible for CV1800B)
$ git merge -m Merge branch 'next' of https://git.kernel.org/pub/scm/linux/kernel/git/vkoul/dmaengine.git dmaengine/next
Auto-merging MAINTAINERS
Merge made by the 'ort' strategy.
 .../bindings/dma/nvidia,tegra186-gpc-dma.yaml      |  32 +-
 .../devicetree/bindings/dma/qcom,bam-dma.yaml      |  21 +
 .../devicetree/bindings/dma/qcom,gpi.yaml          |   3 +
 .../devicetree/bindings/dma/snps,dw-axi-dmac.yaml  |   5 +-
 .../devicetree/bindings/dma/spacemit,k1-pdma.yaml  |   4 +-
 MAINTAINERS                                        |   2 +-
 drivers/dma/altera-msgdma.c                        |  24 +-
 drivers/dma/dma-axi-dmac.c                         |  77 +-
 drivers/dma/dmaengine.c                            |   3 +-
 drivers/dma/dmatest.c                              |   6 +-
 drivers/dma/dw-axi-dmac/dw-axi-dmac-platform.c     |  13 +-
 drivers/dma/dw-edma/dw-edma-core.c                 |  11 -
 drivers/dma/dw-edma/dw-edma-core.h                 |   2 +-
 drivers/dma/dw-edma/dw-edma-pcie.c                 |  19 +
 drivers/dma/dw-edma/dw-edma-v0-core.c              |   6 +
 drivers/dma/ep93xx_dma.c                           |   7 -
 drivers/dma/hisi_dma.c                             |   2 +-
 drivers/dma/imx-sdma.c                             |   4 +-
 drivers/dma/mmp_pdma.c                             |  37 +-
 drivers/dma/nbpfaxi.c                              |  15 -
 drivers/dma/pch_dma.c                              |   2 +-
 drivers/dma/qcom/Kconfig                           |   8 +-
 drivers/dma/qcom/bam_dma.c                         |  30 +
 drivers/dma/qcom/gpi.c                             |   1 +
 drivers/dma/qcom/hidma.c                           |   6 +-
 drivers/dma/qcom/hidma_mgmt_sys.c                  |  23 +-
 drivers/dma/sh/rz-dmac.c                           | 906 +++++++++++++++------
 drivers/dma/ste_dma40.c                            |  14 +-
 drivers/dma/tegra186-gpc-dma.c                     | 436 ++++++----
 drivers/dma/tegra210-adma.c                        |  63 +-
 drivers/irqchip/irq-renesas-rzv2h.c                |  40 +
 include/linux/irqchip/irq-renesas-rzv2h.h          |   5 +
 include/linux/platform_data/dma-iop32x.h           | 110 ---
 sound/soc/renesas/Kconfig                          |   1 +
 sound/soc/renesas/rz-ssi.c                         | 399 ++++-----
 35 files changed, 1399 insertions(+), 938 deletions(-)
 delete mode 100644 include/linux/platform_data/dma-iop32x.h
Merging cgroup/for-next (e771677c937da Merge tag 'for-linus-iommufd' of git://git.kernel.org/pub/scm/linux/kernel/git/jgg/iommufd)
$ git merge -m Merge branch 'for-next' of https://git.kernel.org/pub/scm/linux/kernel/git/tj/cgroup.git cgroup/for-next
Already up to date.
Merging scsi/for-next (cf1af0ccca54d Merge branch 'misc' into for-next)
$ git merge -m Merge branch 'for-next' of https://git.kernel.org/pub/scm/linux/kernel/git/jejb/scsi.git scsi/for-next
Merge made by the 'ort' strategy.
Merging scsi-mkp/for-next (57a6ed0b41677 scsi: bfa: Reduce kernel stack usage in bfa_fcs_lport_fdmi_build_portattr_block())
$ git merge -m Merge branch 'for-next' of https://git.kernel.org/pub/scm/linux/kernel/git/mkp/scsi.git scsi-mkp/for-next
Auto-merging drivers/scsi/scsi_lib.c
Merge made by the 'ort' strategy.
 drivers/scsi/bfa/bfa_fcs_lport.c |  2 +-
 drivers/scsi/scsi_lib.c          |  8 --------
 drivers/scsi/scsi_priv.h         |  1 +
 drivers/xen/xen-scsiback.c       | 30 +++++++++++++++++++++++-------
 include/scsi/scsi_device.h       |  1 -
 5 files changed, 25 insertions(+), 17 deletions(-)
Merging vhost/linux-next (1f673033c0273 vduse: Add suspend)
$ git merge -m Merge branch 'linux-next' of https://git.kernel.org/pub/scm/linux/kernel/git/mst/vhost.git vhost/linux-next
Merge made by the 'ort' strategy.
 drivers/vdpa/vdpa_user/vduse_dev.c | 136 +++++++++++++++++++++++++++++++++----
 include/uapi/linux/vduse.h         |  29 +++++++-
 2 files changed, 150 insertions(+), 15 deletions(-)
Merging rpmsg/for-next (721396afea31e Merge branches 'hwspinlock-next', 'rpmsg-next' and 'rproc-next' into for-next)
$ git merge -m Merge branch 'for-next' of https://git.kernel.org/pub/scm/linux/kernel/git/remoteproc/linux.git rpmsg/for-next
Merge made by the 'ort' strategy.
Merging gpio-brgl/gpio/for-next (f953585dafd71 gpio: nomadik: remove dead DB8540 code from <gpio/gpio-nomadik.h>)
$ git merge -m Merge branch 'gpio/for-next' of https://git.kernel.org/pub/scm/linux/kernel/git/brgl/linux.git gpio-brgl/gpio/for-next
Already up to date.
Merging gpio-intel/for-next (3bb62e3f99a55 gpiolib: acpi: Only trigger ActiveBoth interrupts on boot)
$ git merge -m Merge branch 'for-next' of https://git.kernel.org/pub/scm/linux/kernel/git/andy/linux-gpio-intel.git gpio-intel/for-next
Already up to date.
Merging pinctrl/for-next (3bd25818aebd8 Merge branch 'devel' into for-next)
$ git merge -m Merge branch 'for-next' of https://git.kernel.org/pub/scm/linux/kernel/git/linusw/linux-pinctrl.git pinctrl/for-next
Merge made by the 'ort' strategy.
Merging pinctrl-intel/for-next (2b9ef70d3abe1 pinctrl: intel: move PWM base computation past feature check)
$ git merge -m Merge branch 'for-next' of https://git.kernel.org/pub/scm/linux/kernel/git/pinctrl/intel.git pinctrl-intel/for-next
Already up to date.
Merging pinctrl-renesas/renesas-pinctrl (14270179806b8 pinctrl: renesas: rzg2l: Use raw_spinlock_irqsave() on power source update)
$ git merge -m Merge branch 'renesas-pinctrl' of https://git.kernel.org/pub/scm/linux/kernel/git/geert/renesas-drivers.git pinctrl-renesas/renesas-pinctrl
Already up to date.
Merging pinctrl-samsung/for-next (254f49634ee16 Linux 7.1-rc1)
$ git merge -m Merge branch 'for-next' of https://git.kernel.org/pub/scm/linux/kernel/git/pinctrl/samsung.git pinctrl-samsung/for-next
Already up to date.
Merging pwm/pwm/for-next (898ab0f30e008 pwm: rzg2l-gpt: Add missing newlines to dev_err_probe() messages)
$ git merge -m Merge branch 'pwm/for-next' of https://git.kernel.org/pub/scm/linux/kernel/git/ukleinek/linux.git pwm/pwm/for-next
Merge made by the 'ort' strategy.
 drivers/pwm/pwm-rzg2l-gpt.c | 8 ++++----
 1 file changed, 4 insertions(+), 4 deletions(-)
Merging ktest/for-next (932cdaf3e273a ktest: Add logfile to failure directory)
$ git merge -m Merge branch 'for-next' of https://git.kernel.org/pub/scm/linux/kernel/git/rostedt/linux-ktest.git ktest/for-next
Already up to date.
Merging kselftest/next (fbb7ad31ab376 docs: kselftest: remove link to obsolete wiki)
$ git merge -m Merge branch 'next' of https://git.kernel.org/pub/scm/linux/kernel/git/shuah/linux-kselftest.git kselftest/next
Merge made by the 'ort' strategy.
 Documentation/dev-tools/kselftest.rst                      |  5 -----
 .../selftests/ftrace/test.d/00basic/test_ownership.tc      |  2 +-
 .../selftests/ftrace/test.d/00basic/trace_marker_raw.tc    | 14 +++++++++++---
 3 files changed, 12 insertions(+), 9 deletions(-)
Merging kunit/test (254f49634ee16 Linux 7.1-rc1)
$ git merge -m Merge branch 'test' of https://git.kernel.org/pub/scm/linux/kernel/git/shuah/linux-kselftest.git kunit/test
Already up to date.
Merging kunit-next/kunit (29afed142d64e kunit:tool: Don't write to stdout when it should be disabled)
$ git merge -m Merge branch 'kunit' of https://git.kernel.org/pub/scm/linux/kernel/git/shuah/linux-kselftest.git kunit-next/kunit
Already up to date.
Merging livepatching/for-next (0839c8963b7b2 Merge tag 'livepatching-for-7.2' of git://git.kernel.org/pub/scm/linux/kernel/git/livepatching/livepatching)
$ git merge -m Merge branch 'for-next' of https://git.kernel.org/pub/scm/linux/kernel/git/livepatching/livepatching.git livepatching/for-next
Already up to date.
Merging rtc/rtc-next (041ca8884410a rtc: Use named initializers for platform_device_id arrays)
$ git merge -m Merge branch 'rtc-next' of https://git.kernel.org/pub/scm/linux/kernel/git/abelloni/linux.git rtc/rtc-next
Merge made by the 'ort' strategy.
 .../devicetree/bindings/rtc/epson,rx6110.txt       | 39 -------------
 .../devicetree/bindings/rtc/epson,rx6110.yaml      | 68 ++++++++++++++++++++++
 drivers/rtc/rtc-88pm886.c                          |  2 +-
 drivers/rtc/rtc-ab-b5ze-s3.c                       |  2 +-
 drivers/rtc/rtc-ab-eoz9.c                          |  2 +-
 drivers/rtc/rtc-ab8500.c                           |  8 +--
 drivers/rtc/rtc-abx80x.c                           | 23 ++++----
 drivers/rtc/rtc-bd70528.c                          |  8 +--
 drivers/rtc/rtc-bq32k.c                            |  2 +-
 drivers/rtc/rtc-cros-ec.c                          |  4 +-
 drivers/rtc/rtc-ds1307.c                           | 64 +++++++++++---------
 drivers/rtc/rtc-ds1374.c                           |  2 +-
 drivers/rtc/rtc-ds1672.c                           |  2 +-
 drivers/rtc/rtc-ds3232.c                           |  2 +-
 drivers/rtc/rtc-em3027.c                           |  2 +-
 drivers/rtc/rtc-fm3130.c                           |  2 +-
 drivers/rtc/rtc-hym8563.c                          |  4 +-
 drivers/rtc/rtc-isl12022.c                         |  2 +-
 drivers/rtc/rtc-isl12026.c                         |  4 +-
 drivers/rtc/rtc-isl1208.c                          | 10 ++--
 drivers/rtc/rtc-m41t80.c                           | 22 +++----
 drivers/rtc/rtc-max31335.c                         |  4 +-
 drivers/rtc/rtc-max6900.c                          |  2 +-
 drivers/rtc/rtc-max77686.c                         | 10 ++--
 drivers/rtc/rtc-max8997.c                          |  4 +-
 drivers/rtc/rtc-max8998.c                          |  4 +-
 drivers/rtc/rtc-mpfs.c                             |  2 +-
 drivers/rtc/rtc-nct3018y.c                         |  2 +-
 drivers/rtc/rtc-pcf2127.c                          |  8 +--
 drivers/rtc/rtc-pcf85063.c                         | 12 ++--
 drivers/rtc/rtc-pcf8523.c                          |  2 +-
 drivers/rtc/rtc-pcf8563.c                          |  6 +-
 drivers/rtc/rtc-pcf8583.c                          |  2 +-
 drivers/rtc/rtc-renesas-rtca3.c                    | 26 +++++----
 drivers/rtc/rtc-rs5c372.c                          | 12 ++--
 drivers/rtc/rtc-rv3029c2.c                         |  4 +-
 drivers/rtc/rtc-rv8803.c                           |  8 +--
 drivers/rtc/rtc-rx6110.c                           |  2 +-
 drivers/rtc/rtc-rx8010.c                           |  2 +-
 drivers/rtc/rtc-rx8025.c                           |  4 +-
 drivers/rtc/rtc-rx8581.c                           |  2 +-
 drivers/rtc/rtc-s35390a.c                          |  2 +-
 drivers/rtc/rtc-s5m.c                              | 12 ++--
 drivers/rtc/rtc-sd2405al.c                         |  2 +-
 drivers/rtc/rtc-sd3078.c                           |  2 +-
 drivers/rtc/rtc-tps6594.c                          |  4 +-
 drivers/rtc/rtc-x1205.c                            |  2 +-
 47 files changed, 227 insertions(+), 189 deletions(-)
 delete mode 100644 Documentation/devicetree/bindings/rtc/epson,rx6110.txt
 create mode 100644 Documentation/devicetree/bindings/rtc/epson,rx6110.yaml
Merging nvdimm/libnvdimm-for-next (86e411b6ec277 MAINTAINERS: nvdimm: Include maintainer profile)
$ git merge -m Merge branch 'libnvdimm-for-next' of https://git.kernel.org/pub/scm/linux/kernel/git/nvdimm/nvdimm.git nvdimm/libnvdimm-for-next
Already up to date.
Merging at24/at24/for-next (b4c0149768852 eeprom: at24: Use named initializers for arrays of i2c_device_data)
$ git merge -m Merge branch 'at24/for-next' of https://git.kernel.org/pub/scm/linux/kernel/git/brgl/linux.git at24/at24/for-next
Already up to date.
Merging ntb/ntb-next (7b3302c687cae ntb_hw_amd: Fix incorrect debug message in link disable path)
$ git merge -m Merge branch 'ntb-next' of https://github.com/jonmason/ntb.git ntb/ntb-next
Merge made by the 'ort' strategy.
 drivers/ntb/hw/amd/ntb_hw_amd.c | 2 +-
 1 file changed, 1 insertion(+), 1 deletion(-)
Merging seccomp/for-next/seccomp (41fa043273841 selftests/seccomp: Add hard-coded __NR_uprobe for x86_64)
$ git merge -m Merge branch 'for-next/seccomp' of https://git.kernel.org/pub/scm/linux/kernel/git/kees/linux.git seccomp/for-next/seccomp
Already up to date.
Merging slimbus/for-next (c81f110e205f7 Merge branches 'slimbus-fixes' and 'slimbus-for-7.2' into slimbus-for-next)
$ git merge -m Merge branch 'for-next' of https://git.kernel.org/pub/scm/linux/kernel/git/srini/slimbus.git slimbus/for-next
Auto-merging drivers/slimbus/qcom-ngd-ctrl.c
Merge made by the 'ort' strategy.
 drivers/slimbus/qcom-ngd-ctrl.c | 5 ++---
 1 file changed, 2 insertions(+), 3 deletions(-)
Merging nvmem/for-next (69679101cc893 Merge branches 'nvmem-fixes' and 'nvmem-for-7.2' into nvmem-for-next)
$ git merge -m Merge branch 'for-next' of https://git.kernel.org/pub/scm/linux/kernel/git/srini/nvmem.git nvmem/for-next
Auto-merging drivers/nvmem/core.c
Merge made by the 'ort' strategy.
 .../bindings/nvmem/airoha,smc-efuses.yaml          |  67 +++++++++++
 .../bindings/nvmem/microchip,lan9662-otpc.yaml     |   1 +
 .../devicetree/bindings/nvmem/qcom,qfprom.yaml     |   4 +
 drivers/nvmem/Kconfig                              |  22 +++-
 drivers/nvmem/Makefile                             |   2 +
 drivers/nvmem/airoha-smc-efuses.c                  | 125 +++++++++++++++++++++
 drivers/nvmem/core.c                               |   4 +
 drivers/nvmem/lan9662-otpc.c                       |  12 +-
 drivers/nvmem/layouts/u-boot-env.c                 |   5 +-
 drivers/nvmem/nintendo-otp.c                       |   9 +-
 drivers/nvmem/rockchip-otp.c                       |   9 +-
 11 files changed, 236 insertions(+), 24 deletions(-)
 create mode 100644 Documentation/devicetree/bindings/nvmem/airoha,smc-efuses.yaml
 create mode 100644 drivers/nvmem/airoha-smc-efuses.c
Merging hyperv/hyperv-next (a4ffc59238be8 mshv: add bounds check on vp_index in mshv_intercept_isr())
$ git merge -m Merge branch 'hyperv-next' of https://git.kernel.org/pub/scm/linux/kernel/git/hyperv/linux.git hyperv/hyperv-next
Auto-merging MAINTAINERS
Auto-merging drivers/hv/mshv_synic.c
Auto-merging drivers/iommu/Kconfig
Auto-merging drivers/iommu/Makefile
Merge made by the 'ort' strategy.
 .../reserved-memory/intel,wakeup-mailbox.yaml      |  49 +++++
 MAINTAINERS                                        |   2 +-
 arch/x86/hyperv/hv_vtl.c                           |  38 +++-
 arch/x86/hyperv/irqdomain.c                        | 198 +++++++++++----------
 arch/x86/include/asm/acpi.h                        |  16 ++
 arch/x86/include/asm/topology.h                    |   3 +
 arch/x86/include/asm/x86_init.h                    |   3 +
 arch/x86/kernel/acpi/madt_wakeup.c                 |  16 ++
 arch/x86/kernel/devicetree.c                       |  47 +++++
 arch/x86/kernel/x86_init.c                         |   3 +
 arch/x86/realmode/init.c                           |   7 +-
 drivers/hv/hv_balloon.c                            |   4 +-
 drivers/hv/mshv_synic.c                            |   5 +
 drivers/iommu/Kconfig                              |   9 -
 drivers/iommu/Makefile                             |   2 +-
 drivers/iommu/hyperv/Makefile                      |   2 +
 .../{hyperv-iommu.c => hyperv/hv-irq-remap-x86.c}  |   6 +-
 drivers/iommu/irq_remapping.c                      |   2 +-
 18 files changed, 290 insertions(+), 122 deletions(-)
 create mode 100644 Documentation/devicetree/bindings/reserved-memory/intel,wakeup-mailbox.yaml
 create mode 100644 drivers/iommu/hyperv/Makefile
 rename drivers/iommu/{hyperv-iommu.c => hyperv/hv-irq-remap-x86.c} (99%)
Merging auxdisplay/for-next (4dc76c305a73b auxdisplay: Kconfig: drop unneeded quotes in PANEL_BOOT_MESSAGE dep)
$ git merge -m Merge branch 'for-next' of https://git.kernel.org/pub/scm/linux/kernel/git/andy/linux-auxdisplay.git auxdisplay/for-next
Already up to date.
Merging kgdb/kgdb/for-next (fdbdd0ccb30af kdb: remove redundant check for scancode 0xe0)
$ git merge -m Merge branch 'kgdb/for-next' of https://git.kernel.org/pub/scm/linux/kernel/git/danielt/linux.git kgdb/kgdb/for-next
Already up to date.
Merging hmm/hmm (19272b37aa4f8 Linux 6.16-rc1)
$ git merge -m Merge branch 'hmm' of https://git.kernel.org/pub/scm/linux/kernel/git/rdma/rdma.git hmm/hmm
Already up to date.
Merging cfi/cfi/next (254f49634ee16 Linux 7.1-rc1)
$ git merge -m Merge branch 'cfi/next' of https://git.kernel.org/pub/scm/linux/kernel/git/mtd/linux.git cfi/cfi/next
Already up to date.
Merging mhi/mhi-next (32845111e8ea6 bus: mhi: host: pci_generic: Fix the physical function check)
$ git merge -m Merge branch 'mhi-next' of https://git.kernel.org/pub/scm/linux/kernel/git/mani/mhi.git mhi/mhi-next
Already up to date.
$ git am -3 ../patches/0001-fix-up-for-net-qrtr-Drop-the-MHI-auto_queue-feature-.patch
Applying: fix up for "net: qrtr: Drop the MHI auto_queue feature for IPCR DL channels"
Using index info to reconstruct a base tree...
M	drivers/net/wireless/ath/ath12k/wifi7/mhi.c
Falling back to patching base and 3-way merge...
No changes -- Patch already applied.
Merging memblock/for-next (00e06cb773fd8 mm: mm_init: use div64_ul() instead of do_div())
$ git merge -m Merge branch 'for-next' of https://git.kernel.org/pub/scm/linux/kernel/git/rppt/memblock.git memblock/for-next
Already up to date.
Merging cxl/next (f72af41a43e16 Merge branch 'for-7.2/cxl-type2-attach-region' into cxl-for-next)
$ git merge -m Merge branch 'next' of https://git.kernel.org/pub/scm/linux/kernel/git/cxl/cxl.git cxl/next
Already up to date.
Merging zstd/zstd-next (65d1f5507ed2c zstd: Import upstream v1.5.7)
$ git merge -m Merge branch 'zstd-next' of https://github.com/terrelln/linux.git zstd/zstd-next
Already up to date.
Merging efi/next (48a4282157823 efi/capsule-loader: fix incorrect sizeof in phys array reallocation)
$ git merge -m Merge branch 'next' of https://git.kernel.org/pub/scm/linux/kernel/git/efi/efi.git efi/next
Already up to date.
Merging unicode/for-next (bcfee135d5847 utf8: Remove unused utf8_normalize)
$ git merge -m Merge branch 'for-next' of https://git.kernel.org/pub/scm/linux/kernel/git/krisman/unicode.git unicode/for-next
Auto-merging fs/unicode/utf8-core.c
Merge made by the 'ort' strategy.
 fs/unicode/utf8-core.c  | 22 ----------------------
 include/linux/unicode.h |  3 ---
 2 files changed, 25 deletions(-)
Merging slab/slab/for-next (892a786473077 tools/mm/slabinfo: fix total_objects attribute name)
$ git merge -m Merge branch 'slab/for-next' of https://git.kernel.org/pub/scm/linux/kernel/git/vbabka/slab.git slab/slab/for-next
Auto-merging include/linux/slab.h
Auto-merging mm/kfence/core.c
Auto-merging mm/memcontrol.c
Auto-merging mm/slub.c
Merge made by the 'ort' strategy.
 include/linux/slab.h |  18 +-
 mm/kfence/core.c     |   2 +-
 mm/memcontrol.c      |   5 +-
 mm/slab.h            |  29 ++-
 mm/slub.c            | 488 +++++++++++++++++++++++++++++++--------------------
 tools/mm/slabinfo.c  |   4 +-
 6 files changed, 340 insertions(+), 206 deletions(-)
$ git am -3 ../patches/0001-drm-panthor-I-love-Werror.patch
Applying: drm/panthor: I love -Werror
Using index info to reconstruct a base tree...
M	drivers/gpu/drm/panthor/panthor_mmu.c
Falling back to patching base and 3-way merge...
Auto-merging drivers/gpu/drm/panthor/panthor_mmu.c
No changes -- Patch already applied.
Merging random/master (bb9ff576fdff4 virt: vmgenid: remap memory as decrypted)
$ git merge -m Merge branch 'master' of https://git.kernel.org/pub/scm/linux/kernel/git/crng/random.git random/master
Merge made by the 'ort' strategy.
 drivers/virt/vmgenid.c | 3 ++-
 1 file changed, 2 insertions(+), 1 deletion(-)
Merging landlock/next (1c236e7fe740a selftests/landlock: Add tests for invalid use of quiet flag)
$ git merge -m Merge branch 'next' of https://git.kernel.org/pub/scm/linux/kernel/git/mic/linux.git landlock/next
Already up to date.
Merging sysctl/sysctl-next (f63a9df7e3f9f sysctl: fix uninitialized variable in proc_do_large_bitmap)
$ git merge -m Merge branch 'sysctl-next' of https://git.kernel.org/pub/scm/linux/kernel/git/sysctl/sysctl.git sysctl/sysctl-next
Already up to date.
Merging execve/for-next/execve (9bf092c97b86a sched: update task_struct->comm comment)
$ git merge -m Merge branch 'for-next/execve' of https://git.kernel.org/pub/scm/linux/kernel/git/kees/linux.git execve/for-next/execve
Already up to date.
Merging bitmap/bitmap-for-next (d0ff8c53d82a8 bitmap: Replace __ASSEMBLY__ with __ASSEMBLER__ in header files)
$ git merge -m Merge branch 'bitmap-for-next' of https://github.com/norov/linux.git bitmap/bitmap-for-next
Merge made by the 'ort' strategy.
 include/linux/bitmap.h     | 4 ++--
 include/linux/bits.h       | 6 +++---
 tools/include/linux/bits.h | 6 +++---
 3 files changed, 8 insertions(+), 8 deletions(-)
Merging hte/for-next (005b25ad11717 hte: tegra194: Add Tegra264 GTE support)
$ git merge -m Merge branch 'for-next' of https://git.kernel.org/pub/scm/linux/kernel/git/pateldipen1984/linux.git hte/for-next
Already up to date.
Merging kspp/for-next/kspp (c2606fb910d7c Merge branch 'for-next/hardening' into for-next/kspp)
$ git merge -m Merge branch 'for-next/kspp' of https://git.kernel.org/pub/scm/linux/kernel/git/kees/linux.git kspp/for-next/kspp
Merge made by the 'ort' strategy.
Merging nolibc/for-next (3850c2920a10d selftests/nolibc: test against -Wwrite-strings)
$ git merge -m Merge branch 'for-next' of https://git.kernel.org/pub/scm/linux/kernel/git/nolibc/linux-nolibc.git nolibc/for-next
Already up to date.
Merging iommufd/for-next (e28bee5b44517 iommu: Avoid copying the user array twice in the full-array copy helper)
$ git merge -m Merge branch 'for-next' of https://git.kernel.org/pub/scm/linux/kernel/git/jgg/iommufd.git iommufd/for-next
Already up to date.
Merging turbostat/next (1c996a37fd244 tools/power turbostat: pmt: Improve sscanf() hygiene)
$ git merge -m Merge branch 'next' of https://git.kernel.org/pub/scm/linux/kernel/git/lenb/linux.git turbostat/next
Merge made by the 'ort' strategy.
 tools/power/x86/turbostat/turbostat.8 |   6 +-
 tools/power/x86/turbostat/turbostat.c | 567 ++++++++++++++++------------------
 2 files changed, 266 insertions(+), 307 deletions(-)
Merging pwrseq/pwrseq/for-next (2abcfdd91e6ac power: sequencing: pcie-m2: Add PCI ID 0x1103 for WCN6855 Bluetooth)
$ git merge -m Merge branch 'pwrseq/for-next' of https://git.kernel.org/pub/scm/linux/kernel/git/brgl/linux.git pwrseq/pwrseq/for-next
Already up to date.
Merging capabilities-next/caps-next (0715881360074 ipc: don't audit capability check in ipc_permissions())
$ git merge -m Merge branch 'caps-next' of https://git.kernel.org/pub/scm/linux/kernel/git/sergeh/linux.git capabilities-next/caps-next
Already up to date.
$ git am -3 ../patches/0001-sign-file-Fix-up-merge-issue.patch
Applying: sign-file: Fix up merge issue
Using index info to reconstruct a base tree...
M	scripts/sign-file.c
Falling back to patching base and 3-way merge...
Auto-merging scripts/sign-file.c
No changes -- Patch already applied.
Merging ipe/next (028ef9c96e961 Linux 7.0)
$ git merge -m Merge branch 'next' of https://git.kernel.org/pub/scm/linux/kernel/git/wufan/ipe.git ipe/next
Already up to date.
Merging kcsan/next (07a1a6562ce29 kcsan: Silence -Wmaybe-uninitialized when calling __kcsan_check_access())
$ git merge -m Merge branch 'next' of https://git.kernel.org/pub/scm/linux/kernel/git/melver/linux.git kcsan/next
Already up to date.
Merging crc/crc-next (cbe44c389ae80 crypto: aegis128 - Use neon-intrinsics.h on ARM too)
$ git merge -m Merge branch 'crc-next' of https://git.kernel.org/pub/scm/linux/kernel/git/ebiggers/linux.git crc/crc-next
Already up to date.
Merging keys-next/keys-next (965e9a2cf23b0 pkcs7: Change a pr_warn() to pr_warn_once())
$ git merge -m Merge branch 'keys-next' of https://git.kernel.org/pub/scm/linux/kernel/git/dhowells/linux-fs.git keys-next/keys-next
Already up to date.
Merging fwctl/for-next (254f49634ee16 Linux 7.1-rc1)
$ git merge -m Merge branch 'for-next' of https://git.kernel.org/pub/scm/linux/kernel/git/fwctl/fwctl.git fwctl/for-next
Already up to date.
Merging devsec-tsm/next (3177779ae17db virt: coco: change tsm_class to a const struct)
$ git merge -m Merge branch 'next' of https://git.kernel.org/pub/scm/linux/kernel/git/devsec/tsm.git devsec-tsm/next
Already up to date.
Merging hisilicon/for-next (6cdd694551d6a Merge branch 'next/dt64' into for-next)
$ git merge -m Merge branch 'for-next' of https://github.com/hisilicon/linux-hisi.git hisilicon/for-next
Merge made by the 'ort' strategy.
Merging kthread/for-next (fa39ec4f89f26 doc: Add housekeeping documentation)
$ git merge -m Merge branch 'for-next' of https://git.kernel.org/pub/scm/linux/kernel/git/frederic/linux-dynticks.git kthread/for-next
Already up to date.
